Date,Open,High,Low,Close,Volume,Amount,TurnoverRate
2011-04-07,29.5,29.95,29.08,29.58,49113.22,144632.8613,0.26547699999999996
2011-04-08,29.67,30.96,29.49,30.5,23109.32,70280.4157,0.124915
2011-04-11,30.5,30.85,29.61,29.88,17552.71,52837.6352,0.09487999999999999
2011-04-12,29.88,30.05,29.56,29.75,7370.57,21902.0346,0.039841
2011-04-13,29.66,30.15,29.52,30.05,4774.3,14300.908,0.025807000000000004
2011-04-14,30.0,30.09,29.67,29.73,5219.5,15553.8681,0.028214000000000003
2011-04-15,29.59,29.9,29.59,29.85,3972.89,11831.4839,0.021475
2011-04-18,29.7,30.2,29.7,29.88,2695.44,8043.6515,0.014570000000000001
2011-04-19,29.78,29.8,29.05,29.22,5652.91,16511.0321,0.030556
2011-04-20,29.02,29.34,29.02,29.2,2009.01,5860.9847,0.010860000000000002
2011-04-21,29.1,29.49,29.09,29.27,1590.67,4659.0421,0.008598
2011-04-22,29.28,29.34,29.2,29.3,1733.59,5071.1906,0.009371
2011-04-25,29.28,29.38,29.11,29.31,1786.82,5232.451,0.009658
2011-04-26,29.28,29.77,29.28,29.51,3298.27,9746.0538,0.017828
2011-04-27,29.55,29.98,29.41,29.82,6500.25,19361.7209,0.035136
2011-04-28,29.82,30.58,29.0,29.19,9786.81,29422.2455,0.052902
2011-04-29,29.08,29.68,29.08,29.58,2696.5,7919.3536,0.014576
2011-05-03,29.65,29.97,29.32,29.97,3421.4,10188.8938,0.018494
2011-05-04,29.89,30.18,29.32,29.5,4321.0,12827.0866,0.023357000000000003
2011-05-05,29.4,29.96,29.04,29.9,2014.81,5965.2426,0.010891
2011-05-06,29.9,30.32,29.51,30.05,3724.9,11193.0105,0.020135
2011-05-09,30.08,30.2,29.58,29.93,2739.68,8171.9026,0.014809000000000001
2011-05-10,29.92,29.92,29.23,29.4,5377.79,15785.3177,0.029068999999999998
2011-05-11,29.4,29.48,28.05,28.1,6966.0,20086.4264,0.037654
2011-05-12,28.08,28.1,27.71,27.98,2259.77,6311.4281,0.012215
2011-05-13,27.8,28.23,27.51,28.19,1560.92,4343.5424,0.008437
2011-05-16,28.2,28.2,27.87,27.92,1103.99,3090.2921,0.005968
2011-05-17,28.2,28.83,27.79,27.93,1761.6,4914.1361,0.009522000000000001
2011-05-18,27.93,27.99,27.8,27.83,822.01,2292.3428,0.004443
2011-05-19,27.81,27.87,27.45,27.65,1675.0,4627.445,0.009054
2011-05-20,27.65,27.65,27.0,27.02,2151.22,5828.808,0.011628000000000001
2011-05-24,26.68,27.39,25.01,27.05,3050.5,7996.5784,0.016489
2011-05-25,27.05,27.15,25.97,26.07,908.0,2397.6953,0.004908
2011-05-26,26.5,26.58,25.79,25.8,709.0,1857.618,0.003832
2011-05-27,25.8,26.28,25.73,25.77,1144.75,2963.8187,0.006188
2011-05-30,26.0,26.21,25.5,25.8,785.45,2045.748,0.004246
2011-05-31,25.38,26.57,25.38,26.26,753.49,1970.5019,0.004073
2011-06-01,26.4,26.4,25.56,26.16,636.49,1658.327,0.00344
2011-06-02,25.99,26.6,25.6,25.9,797.45,2055.6978,0.004311
2011-06-03,25.9,26.65,25.66,26.53,4441.16,11747.7817,0.024006
2011-06-07,26.52,26.66,26.28,26.59,1065.36,2819.62,0.005758999999999999
2011-06-08,26.71,26.83,26.31,26.6,506.01,1340.9668,0.002735
2011-06-09,26.32,26.57,26.16,26.16,323.0,849.2058,0.0017460000000000002
2011-06-10,25.88,26.16,25.5,25.79,776.0,1994.522,0.004195
2011-06-13,25.8,25.97,25.25,25.83,467.0,1200.253,0.002524
2011-06-14,25.5,26.1,25.5,26.05,648.98,1684.026,0.003508
2011-06-15,25.98,26.43,25.98,26.1,829.53,2169.5785,0.004484
2011-06-16,26.0,26.0,25.61,25.65,414.62,1065.5713,0.002241
2011-06-17,25.58,25.96,25.58,25.69,565.0,1453.1199,0.003054
2011-06-20,25.5,25.84,25.41,25.49,363.0,926.0273,0.001962
2011-06-21,25.79,25.81,25.33,25.8,727.32,1862.1024,0.0039310000000000005
2011-06-22,25.9,25.98,25.51,25.77,668.0,1721.7711,0.0036109999999999996
2011-06-23,25.89,26.3,25.65,26.17,1547.87,4033.3548,0.008367
2011-06-24,26.17,26.74,26.0,26.55,1929.82,5102.1315,0.010431
2011-06-27,26.55,26.69,26.4,26.52,2614.0,6936.922,0.01413
2011-06-28,26.69,27.28,26.32,27.15,2730.25,7293.2213,0.014758
2011-06-29,27.15,28.56,27.15,27.42,7856.25,21818.5883,0.042466
2011-06-30,27.6,27.97,27.45,27.61,4763.48,13164.7025,0.025749
2011-07-01,27.62,28.14,27.5,27.7,2067.0,5731.6406,0.011172999999999999
2011-07-04,28.03,29.47,28.03,29.06,6743.23,19510.6834,0.03645
2011-07-05,29.06,29.33,28.72,28.88,3785.01,10965.3117,0.02046
2011-07-06,28.71,29.17,28.71,29.11,4330.95,12569.7849,0.023411
2011-07-07,29.17,29.87,29.15,29.74,17017.61,50474.5527,0.07399
2011-07-08,29.78,30.82,29.7,30.14,17764.59,53585.0178,0.077237
2011-07-11,30.6,31.1,30.44,30.81,15870.35,49085.6852,0.069002
2011-07-12,30.6,31.14,30.0,30.78,11754.19,36309.3017,0.051105
2011-07-13,31.2,31.34,30.91,31.2,12959.5,40387.4091,0.056346
2011-07-14,31.01,31.62,31.0,31.15,10385.89,32480.9732,0.045156
2011-07-15,31.15,31.26,30.52,30.85,10683.34,33172.7353,0.046449
2011-07-18,30.86,31.64,30.84,31.0,8676.35,27103.0797,0.037723
2011-07-19,31.03,32.5,30.55,32.38,24641.75,78386.4292,0.10713800000000001
2011-07-20,32.44,32.48,31.72,32.38,13022.67,41854.175,0.05662
2011-07-21,32.38,32.4,31.31,31.33,11126.4,35220.1192,0.048376
2011-07-22,31.55,31.85,31.33,31.62,4990.82,15790.223,0.021699000000000003
2011-07-25,31.5,31.82,31.08,31.25,11692.55,36726.8088,0.050837
2011-07-26,31.01,31.44,30.5,31.26,6009.23,18588.697,0.026126999999999997
2011-07-27,31.28,32.08,30.68,31.78,8423.2,26691.5623,0.036623
2011-07-28,31.35,33.4,31.35,33.2,17752.13,58110.7407,0.077183
2011-07-29,33.05,34.24,32.78,33.28,16732.43,56315.4095,0.07275000000000001
2011-08-01,33.1,34.2,33.03,33.94,8877.38,29977.197,0.038597
2011-08-02,33.51,34.8,33.32,34.75,13625.82,46339.5891,0.059243
2011-08-03,34.02,34.9,34.02,34.31,7831.29,27123.3823,0.034049
2011-08-04,34.05,35.19,33.75,33.85,8948.2,30615.5418,0.038904999999999995
2011-08-05,33.0,34.51,32.72,33.8,12327.79,41876.131,0.053598999999999994
2011-08-08,33.51,34.5,31.6,34.39,17519.09,58509.1335,0.07617
2011-08-09,33.85,35.79,32.66,35.43,16200.72,55807.3896,0.070438
2011-08-10,35.91,38.0,35.6,36.33,14023.55,51613.3691,0.060972
2011-08-11,36.29,37.4,35.3,36.33,14473.91,52539.0904,0.06293
2011-08-12,36.38,36.98,36.02,36.7,7808.02,28433.6353,0.033948
2011-08-15,36.97,37.1,36.09,36.1,12878.06,46962.0236,0.055992
2011-08-17,36.7,36.7,34.91,35.75,18057.9,64392.6939,0.078513
2011-08-18,35.5,36.38,34.91,35.74,7948.05,28224.8532,0.034557000000000004
2011-08-19,35.04,37.45,35.04,37.16,16040.07,58609.5856,0.06973900000000001
2011-08-22,36.88,38.4,36.5,37.09,7624.76,28577.6828,0.033151
2011-08-23,36.76,37.79,36.76,37.51,5609.23,20999.1021,0.024388
2011-08-24,37.58,38.13,37.2,37.6,4193.73,15810.5423,0.018234
2011-08-25,38.0,38.88,36.7,37.77,6376.14,24004.9268,0.027722000000000004
2011-08-26,37.27,37.7,36.63,37.4,8083.18,29882.4081,0.035144
2011-08-29,37.29,37.64,36.42,36.6,7764.12,28482.9933,0.033757
2011-08-30,36.92,37.18,36.21,36.45,8056.96,29561.3235,0.03503
2011-08-31,36.52,36.85,35.95,36.68,5576.56,20192.2048,0.024246
2011-09-01,36.68,36.8,35.61,35.98,4218.55,15297.0988,0.018342
2011-09-02,35.78,35.97,35.2,35.45,4124.61,14634.6915,0.017932999999999998
2011-09-05,35.0,35.08,34.57,34.59,3031.99,10580.6214,0.013183
2011-09-06,34.48,34.48,33.3,33.42,9418.26,31787.3812,0.040949
2011-09-07,33.42,34.19,33.42,33.8,5657.49,19211.6575,0.024598
2011-09-08,33.81,34.17,32.8,32.99,7201.9,24243.6244,0.031313
2011-09-13,32.59,32.97,31.5,32.74,6800.8,22145.7887,0.029569
2011-09-14,32.99,33.38,32.36,33.29,1799.62,5927.6694,0.007824
2011-09-15,33.38,34.1,33.1,33.6,4050.49,13686.3618,0.017611
2011-09-16,33.6,33.9,33.3,33.63,1900.59,6382.6537,0.008263
2011-09-19,33.5,33.5,32.55,32.74,4496.62,14770.6424,0.019551
2011-09-20,32.8,33.18,32.3,32.68,2336.63,7630.5663,0.010159
2011-09-21,32.89,35.08,32.58,34.68,5735.95,19521.0617,0.024939
2011-09-22,34.12,35.47,34.0,34.0,3960.22,13700.0819,0.017218
2011-09-23,33.41,33.95,32.8,33.6,4080.31,13592.2718,0.01774
2011-09-26,33.36,33.72,31.8,32.3,5068.93,16616.7873,0.022039
2011-09-27,21.35,21.79,20.6,21.33,3441.41,7283.5376,0.009975000000000001
2011-09-28,21.45,21.45,20.67,20.98,1535.85,3222.5319,0.004452
2011-09-29,20.52,20.98,20.12,20.6,4572.61,9429.0625,0.013253999999999998
2011-09-30,21.39,21.39,20.3,21.1,5272.79,10935.6532,0.015283
2011-10-10,21.0,21.45,20.31,20.86,2824.28,5865.6281,0.008186
2011-10-11,20.99,21.5,19.88,19.99,11161.79,22846.2555,0.032353
2011-10-12,19.7,20.45,19.7,20.37,12040.67,24334.7829,0.0349
2011-10-13,20.39,21.73,20.17,21.73,16661.44,34967.3774,0.048294
2011-10-14,21.5,21.88,21.32,21.78,10401.01,22510.9679,0.030148
2011-10-17,21.79,22.94,21.79,22.55,24768.14,55875.4924,0.071792
2011-10-18,22.15,22.78,22.01,22.32,13051.76,29369.3027,0.037831000000000004
2011-10-19,22.08,22.5,21.31,22.4,16078.34,34946.3879,0.046604
2011-10-20,21.52,22.3,21.51,21.8,5605.05,12266.0536,0.016247
2011-10-21,21.99,21.99,20.11,20.85,9223.66,19405.245,0.026735000000000002
2011-10-24,20.4,21.48,19.5,21.35,15404.08,31449.2664,0.044649999999999995
2011-10-25,20.91,22.6,20.91,22.45,22983.9,50542.7258,0.06662
2011-10-26,22.25,23.35,22.25,22.8,22584.63,51939.668,0.065463
2011-10-27,22.92,23.37,22.3,22.49,13769.28,31393.943,0.039911
2011-10-28,22.8,23.5,22.4,23.5,24903.93,57373.8989,0.072185
2011-10-31,23.59,24.45,23.33,24.15,26465.16,63348.176,0.076711
2011-11-01,24.0,24.94,23.72,24.87,24281.98,59283.522,0.070383
2011-11-02,24.25,25.61,24.1,25.61,20802.43,51562.8061,0.060297
2011-11-03,25.98,26.6,24.81,24.85,23007.78,58076.0717,0.066689
2011-11-04,24.95,25.34,24.11,24.76,11994.46,29584.3872,0.034767
2011-11-07,24.41,25.1,24.25,24.93,8268.28,20546.8932,0.023965999999999998
2011-11-08,24.53,25.1,23.88,23.91,9050.89,22103.1835,0.026234
2011-11-09,23.8,24.72,23.8,24.7,15047.86,36449.8677,0.043616999999999996
2011-11-10,24.48,25.18,24.23,24.6,18967.51,46794.0831,0.054978
2011-11-11,24.42,24.59,24.11,24.5,5764.39,14017.8305,0.016708
2011-11-14,24.58,25.58,24.58,25.35,13356.32,33530.7947,0.038714
2011-11-15,25.4,25.55,25.05,25.35,7728.61,19566.244,0.022402000000000002
2011-11-16,25.38,25.65,24.3,24.4,10995.37,27295.4195,0.031871000000000003
2011-11-17,24.23,24.79,23.37,24.55,14771.88,35557.872,0.042817
2011-11-18,24.32,24.32,23.61,23.9,7490.5,17928.0942,0.021712
2011-11-21,23.85,23.92,23.3,23.8,3776.13,8885.9544,0.010945
2011-11-22,23.3,23.75,23.18,23.64,3975.54,9327.8191,0.011523
2011-11-23,23.8,23.8,23.15,23.55,6013.51,14068.2667,0.01743
2011-11-24,23.1,23.53,23.01,23.3,4367.47,10152.7688,0.012659
2011-11-25,23.25,23.5,23.12,23.21,5814.01,13533.509,0.016852
2011-11-28,23.32,23.49,23.0,23.49,7994.66,18551.1158,0.023173
2011-11-29,23.69,24.24,23.62,24.17,9013.79,21659.7601,0.026126999999999997
2011-11-30,24.08,24.08,21.75,21.75,20298.42,45205.4653,0.058836000000000006
2011-12-01,22.6,22.76,21.61,22.0,13423.94,30051.4455,0.03891
2011-12-02,21.65,21.92,20.62,21.1,7799.66,16653.1395,0.022608000000000003
2011-12-05,20.8,21.19,20.75,20.83,3968.14,8349.6105,0.011501999999999998
2011-12-06,20.55,20.95,20.0,20.87,4362.74,8933.8466,0.012646
2011-12-07,20.87,20.87,20.42,20.82,6543.49,13495.7776,0.018967
2011-12-08,20.56,21.24,20.18,20.98,4522.34,9419.7382,0.013108
2011-12-09,20.6,21.06,20.6,20.96,2884.23,6001.8684,0.00836
2011-12-12,20.86,21.04,20.48,20.7,1904.81,3941.4198,0.005521000000000001
2011-12-13,20.56,20.56,18.63,19.25,14881.69,28223.1496,0.04313500000000001
2011-12-14,18.91,19.23,18.43,18.45,7038.93,13226.4446,0.020402999999999998
2011-12-15,18.38,18.7,18.1,18.15,5425.09,10030.1749,0.015725
2011-12-16,18.5,18.82,17.8,18.82,6193.49,11322.9891,0.017952
2011-12-19,18.49,18.98,18.0,18.76,6421.35,11774.7053,0.018613
2011-12-20,18.61,19.18,18.54,18.56,3647.64,6890.1702,0.010572999999999999
2011-12-21,18.91,18.96,18.18,18.2,5514.58,10130.7377,0.015984
2011-12-22,18.07,18.26,16.82,16.82,15756.13,27136.4103,0.04567
2011-12-23,16.59,18.05,16.53,17.55,13167.75,22906.4633,0.038167
2011-12-27,17.11,17.4,16.1,16.22,6823.1,11394.6385,0.019777
2011-12-28,16.02,16.6,15.71,16.0,8193.39,13196.6056,0.023749
2011-12-29,16.1,16.1,15.64,15.81,10395.87,16423.3911,0.030133
2011-12-30,15.88,16.8,15.88,16.68,9363.07,15372.1004,0.027139000000000003
2012-01-04,16.87,16.9,15.78,15.8,5429.45,8838.2142,0.015738000000000002
2012-01-05,15.68,15.68,14.89,15.56,8968.09,13660.5915,0.025994000000000003
2012-01-06,15.4,15.4,14.52,15.01,18072.14,26916.8266,0.052383
2012-01-09,14.99,15.65,14.6,15.62,9839.66,15022.5261,0.028521
2012-01-10,15.55,16.58,15.47,16.47,12609.12,20371.5356,0.036548
2012-01-11,16.33,16.58,16.16,16.43,9183.16,15012.6435,0.026618
2012-01-12,16.2,16.95,16.1,16.14,11353.47,18641.0853,0.032909
2012-01-13,16.14,16.14,14.58,15.25,13481.94,20552.4321,0.039078
2012-01-16,15.19,15.19,14.16,14.3,8671.64,12697.871,0.025135
2012-01-17,14.16,14.95,13.54,14.87,11297.26,16019.8109,0.032746
2012-01-18,14.8,15.1,14.0,14.24,10597.37,15447.4121,0.030716999999999998
2012-01-19,14.18,14.62,13.85,14.45,4393.72,6315.2641,0.012735000000000002
2012-01-20,14.49,14.9,14.17,14.89,18994.79,27613.7724,0.055057
2012-01-30,14.75,15.85,14.72,15.62,20430.16,31366.3451,0.059218
2012-01-31,15.5,15.5,14.85,15.18,17904.56,27083.3443,0.051897
2012-02-01,15.05,15.36,14.89,15.1,10273.44,15556.0535,0.029778
2012-02-02,15.25,15.25,14.66,15.2,7426.1,11123.9205,0.021525
2012-02-03,15.2,15.65,14.93,15.6,16258.33,24814.5863,0.047126
2012-02-06,15.89,16.0,15.53,15.75,17586.59,27823.3636,0.050976
2012-02-07,15.6,15.75,15.09,15.13,10437.32,15994.6931,0.030253000000000002
2012-02-08,15.13,15.65,14.8,15.56,11070.13,16929.0906,0.032087
2012-02-09,15.59,16.12,15.5,15.74,13346.15,21162.0359,0.038683999999999996
2012-02-10,15.61,16.48,15.6,16.3,16378.01,26536.0562,0.047472
2012-02-13,16.1,16.68,16.0,16.36,11784.64,19437.361,0.034158
2012-02-14,16.36,16.6,16.14,16.52,6714.57,10996.1268,0.019462999999999998
2012-02-15,16.53,16.75,16.19,16.61,12707.81,20913.9543,0.036834
2012-02-16,16.56,17.08,16.38,16.61,18672.24,31233.6936,0.054122
2012-02-17,16.64,16.74,16.15,16.34,8609.72,14092.4313,0.024956
2012-02-20,16.6,16.68,16.23,16.23,9671.69,15874.2405,0.028034
2012-02-21,16.24,16.39,15.85,16.34,12972.3,20910.8038,0.037601
2012-02-22,16.3,16.96,16.26,16.94,19325.79,32255.9857,0.056017000000000004
2012-02-23,17.4,17.4,16.74,16.95,16384.21,27927.7755,0.04749
2012-02-24,17.05,17.19,16.85,17.16,18971.41,32285.3255,0.05499
2012-02-27,17.2,17.77,17.1,17.48,21210.33,36836.4203,0.061479
2012-02-28,17.4,18.19,17.26,17.91,33919.28,60082.4781,0.098317
2012-02-29,17.79,18.15,17.51,17.78,24020.63,42704.4616,0.069625
2012-03-05,18.36,18.5,17.48,17.85,23632.63,42488.9899,0.06849999999999999
2012-03-06,17.86,17.93,17.25,17.41,15159.59,26606.5229,0.043941
2012-03-07,17.25,17.65,17.1,17.55,13743.99,23975.3276,0.039838
2012-03-08,17.5,18.23,17.46,17.92,12175.36,21820.2014,0.035291
2012-03-09,18.21,18.44,17.85,18.3,11562.78,21015.5319,0.033515
2012-03-12,18.37,18.49,17.94,18.22,7081.08,12859.7991,0.020525
2012-03-13,18.22,19.0,18.02,18.8,15050.6,27961.7309,0.043625
2012-03-14,18.81,19.22,17.57,18.04,25476.79,47370.8994,0.073846
2012-03-15,17.98,18.01,17.17,17.58,8122.52,14343.3458,0.023544
2012-03-16,17.58,17.98,17.55,17.88,7156.9,12747.1684,0.020745
2012-03-19,17.87,18.6,17.7,18.38,15786.77,28387.762,0.045759
2012-03-20,18.18,18.3,17.25,17.32,10180.67,17929.0455,0.029508999999999997
2012-03-21,17.32,17.55,16.9,16.97,10395.0,17794.8381,0.03013
2012-03-22,17.07,17.15,16.68,16.72,7830.46,13221.2236,0.022697
2012-03-23,16.72,16.83,16.55,16.76,3931.62,6564.3938,0.011396
2012-03-26,16.8,16.83,16.54,16.54,2836.98,4724.7499,0.008223000000000001
2012-03-27,16.6,16.8,16.4,16.43,4260.51,7081.7704,0.012349
2012-03-28,16.52,16.53,15.18,15.25,6281.77,9797.4004,0.018208
2012-03-29,15.2,15.2,14.33,14.37,7603.35,11182.5301,0.022039
2012-04-05,14.16,15.29,14.16,14.98,11980.05,17751.3099,0.034725
2012-04-06,14.83,15.17,14.82,14.85,7354.1,10997.1816,0.021316
2012-04-09,14.97,15.16,14.62,14.85,7327.35,10952.7792,0.009799
2012-04-10,14.55,15.0,14.39,15.0,8871.59,13003.1245,0.011864
2012-04-11,14.97,15.5,14.72,15.1,5513.49,8334.4342,0.007401
2012-04-12,15.04,15.48,15.03,15.45,4455.76,6790.9842,0.0048070000000000005
2012-04-13,15.48,15.68,15.38,15.38,5809.24,9016.5042,0.006267
2012-04-16,15.37,15.61,15.22,15.47,3803.77,5891.2533,0.004103
2012-04-17,15.3,15.62,15.28,15.45,4362.99,6744.0836,0.004707
2012-04-18,15.54,15.74,15.33,15.65,8308.85,12901.6919,0.008963
2012-04-19,15.67,15.78,15.43,15.5,7826.5,12208.6864,0.008443
2012-04-20,15.56,15.74,15.34,15.41,11337.46,17553.7012,0.012231
2012-04-23,15.31,15.39,14.52,14.71,11155.88,16668.94,0.012035
2012-04-24,14.68,14.88,13.98,14.46,4581.76,6584.1848,0.004943
2012-04-25,14.33,14.5,14.22,14.32,4644.38,6680.9263,0.00501
2012-04-26,14.37,14.74,14.37,14.5,2734.16,3957.5332,0.00295
2012-04-27,14.52,14.59,14.25,14.3,3661.1,5261.647,0.00395
2012-05-02,14.48,14.48,14.2,14.31,6998.76,10015.2477,0.00755
2012-05-03,14.2,14.36,13.77,14.18,8720.59,12229.4694,0.009408
2012-05-04,14.1,14.89,14.02,14.84,12274.01,17688.2176,0.013241000000000001
2012-05-07,14.84,15.66,14.8,15.54,15925.69,24295.954,0.01718
2012-05-08,15.43,15.8,15.43,15.77,11154.28,17470.8706,0.012033
2012-05-09,15.6,15.65,15.12,15.24,10008.53,15312.6656,0.010797000000000001
2012-05-10,15.06,15.56,15.06,15.55,5807.57,8943.7352,0.006265
2012-05-11,15.55,15.72,15.22,15.38,5354.98,8304.0399,0.005777
2012-05-14,15.49,15.66,15.32,15.62,5558.84,8637.3676,0.005997
2012-05-15,15.4,15.6,15.19,15.6,4352.92,6693.7618,0.0046960000000000005
2012-05-16,15.33,15.65,15.32,15.55,3373.37,5236.3456,0.003639
2012-05-17,15.46,15.62,15.25,15.55,4203.52,6478.0044,0.004535
2012-05-18,15.45,15.52,15.11,15.13,3996.91,6100.6011,0.004312
2012-05-21,15.18,15.3,14.68,14.8,4438.12,6618.9821,0.004788
2012-05-22,14.95,15.05,14.64,15.03,6552.34,9722.1835,0.007069
2012-05-23,14.9,15.03,14.76,14.85,4988.64,7428.1414,0.0053820000000000005
2012-05-24,14.78,14.89,14.58,14.58,6343.41,9345.5021,0.006843
2012-05-25,14.58,14.76,14.01,14.2,4862.43,6969.2163,0.005246
2012-05-28,14.02,14.7,14.0,14.65,3918.66,5643.3187,0.004227
2012-05-29,14.88,15.5,14.68,15.48,13756.25,21116.5836,0.014839999999999999
2012-05-30,15.53,16.36,15.29,16.36,22843.47,36454.2453,0.024643
2012-05-31,16.33,17.2,16.14,16.66,23368.39,39305.6453,0.025209000000000002
2012-06-01,16.45,17.3,16.11,17.03,13017.57,21772.3119,0.014043000000000002
2012-06-04,16.61,16.8,16.03,16.22,7846.66,12889.1473,0.008465
2012-06-05,16.44,16.45,16.12,16.12,4000.6,6504.8048,0.0043159999999999995
2012-06-06,16.28,16.64,16.15,16.25,8853.47,14446.6968,0.009550999999999999
2012-06-07,16.49,16.99,16.0,16.23,8253.64,13500.4735,0.008904
2012-06-08,16.48,16.65,16.05,16.13,7721.84,12624.4905,0.008329999999999999
2012-06-11,16.0,16.76,16.0,16.63,7240.95,11911.4929,0.007811
2012-06-12,16.64,17.91,16.64,17.15,23064.08,39887.5268,0.024881
2012-06-13,17.3,18.11,17.2,17.93,26063.11,46519.1769,0.028116
2012-06-14,17.75,17.93,17.5,17.68,7106.49,12540.7151,0.007665999999999999
2012-06-15,17.67,17.94,17.32,17.7,6713.88,11876.6211,0.007818
2012-06-18,17.98,18.68,17.95,18.03,21799.21,39982.0015,0.025386000000000002
2012-06-19,18.3,18.3,17.35,17.59,20194.36,35552.2233,0.023517
2012-06-20,17.41,17.88,17.2,17.75,9005.6,15665.276,0.010487
2012-06-21,17.7,17.84,17.3,17.33,3844.4,6714.2286,0.004477
2012-06-25,17.33,17.79,16.45,16.49,12929.7,22168.1527,0.015057000000000001
2012-06-26,16.44,16.87,16.08,16.5,4777.48,7824.4074,0.005563
2012-06-27,16.41,17.01,16.41,16.98,5926.67,9980.1211,0.006902
2012-06-28,16.98,17.3,16.8,16.92,3820.08,6514.8155,0.004449
2012-06-29,16.79,17.54,16.42,17.51,4703.66,8027.9494,0.005477999999999999
2012-07-02,17.56,17.78,17.35,17.5,6589.19,11531.9664,0.007673
2012-07-03,17.5,18.0,17.18,17.7,11114.62,19630.4198,0.012943
2012-07-04,17.53,18.26,17.51,17.92,31749.95,56396.9387,0.036973
2012-07-05,18.16,19.0,17.92,18.78,43114.65,80336.8363,0.050208
2012-07-06,18.6,19.83,18.5,19.83,45024.07,86562.2055,0.052431
2012-07-09,19.82,20.0,19.28,19.58,34127.43,67214.4603,0.039742
2012-07-10,18.9,18.9,17.62,17.62,25563.88,45333.1463,0.029769999999999998
2012-07-11,16.78,17.22,16.25,17.01,15777.64,26261.572,0.018373
2012-07-12,16.93,17.45,16.5,17.2,20241.84,34426.225,0.023572000000000003
2012-07-13,17.0,17.42,16.6,16.8,12669.1,21404.8163,0.014753
2012-07-16,16.6,16.97,16.48,16.58,9863.38,16434.0096,0.011486000000000001
2012-07-17,16.7,16.72,15.6,16.08,22581.62,36178.0711,0.026297
2012-07-18,15.98,17.0,15.71,17.0,16716.74,27213.1838,0.019467
2012-07-19,16.98,17.54,16.68,17.13,13040.96,22294.0961,0.015186
2012-07-20,17.0,17.16,16.73,16.9,5205.66,8807.9933,0.006062
2012-07-23,18.3,18.3,17.0,17.28,32321.92,56497.8207,0.03764
2012-07-24,17.2,18.02,16.78,17.79,24578.11,43456.4815,0.028622
2012-07-25,17.9,18.6,17.79,17.99,32546.22,59186.7742,0.037901
2012-07-26,18.0,18.06,17.34,17.67,14440.37,25539.4343,0.016816
2012-07-27,17.6,17.68,17.4,17.6,8457.78,14827.0262,0.009849
2012-07-30,17.6,17.79,16.01,16.73,17622.28,29850.5457,0.020522
2012-07-31,16.55,16.71,15.9,16.56,8104.73,13272.175,0.009438
2012-08-01,16.5,17.3,16.35,17.09,11725.57,20025.6764,0.013654999999999999
2012-08-02,17.11,17.47,17.01,17.38,9370.28,16128.5403,0.010912
2012-08-03,17.29,17.47,16.7,17.41,13428.45,23032.8901,0.015638
2012-08-06,17.05,17.65,16.85,17.54,14539.74,25041.8029,0.016932
2012-08-07,17.54,17.99,17.36,17.87,12569.28,22292.8669,0.014637
2012-08-08,17.94,18.09,17.53,18.02,12558.96,22454.2438,0.014624999999999999
2012-08-09,18.02,18.5,17.4,17.84,33501.0,60559.593,0.039013
2012-08-10,18.25,19.6,17.92,19.0,43243.91,80541.4404,0.050358
2012-08-13,18.85,18.85,17.81,17.98,31921.38,58374.7183,0.037173
2012-08-14,17.98,18.0,17.25,17.91,22931.03,40569.101,0.026704
2012-08-15,17.8,17.85,17.18,17.85,10109.91,17853.8307,0.011773
2012-08-16,17.8,17.95,17.61,17.85,8284.69,14764.583,0.009648
2012-08-17,17.86,17.93,17.24,17.64,13596.96,23946.5615,0.015834
2012-08-20,17.32,17.58,16.81,16.94,15174.36,25876.1887,0.017671
2012-08-21,16.85,17.55,16.85,17.5,20073.09,34463.7028,0.023376
2012-08-22,17.5,18.47,17.41,18.17,27853.97,50453.5268,0.032437
2012-08-23,18.36,19.02,18.05,18.93,28378.95,52384.1707,0.033048
2012-08-24,18.72,19.2,18.18,18.4,21423.25,39849.5369,0.024948
2012-08-28,18.0,18.7,17.32,17.87,41330.44,74190.9072,0.04813
2012-08-29,17.53,18.3,17.35,18.29,21833.41,38936.2801,0.025425
2012-08-30,18.3,18.44,16.73,17.5,19695.39,34810.1669,0.022936
2012-08-31,17.06,17.55,17.04,17.33,11104.38,19112.5629,0.012931
2012-09-03,17.32,17.59,16.91,17.5,8091.09,14106.4127,0.009422
2012-09-04,17.5,17.85,17.2,17.21,11307.8,19879.8039,0.013168
2012-09-05,17.31,18.93,17.03,18.29,53470.41,99402.0171,0.062267
2012-09-06,18.0,18.37,17.9,18.26,31685.38,57458.3327,0.036898
2012-09-07,18.4,19.11,18.36,18.6,60775.13,114377.0334,0.070774
2012-09-10,18.72,19.2,18.58,19.05,39639.1,74888.0484,0.046161
2012-09-11,19.07,19.07,18.62,18.99,22763.95,42776.6178,0.026509
2012-09-12,18.91,19.1,18.5,18.9,25026.35,46936.2803,0.029144
2012-09-13,18.9,19.32,18.57,18.57,20290.09,38550.1961,0.023628
2012-09-14,18.99,19.1,18.04,18.15,21487.44,39565.4982,0.025023
2012-09-17,18.18,18.39,17.73,17.8,13329.84,23974.9977,0.015523
2012-09-18,17.88,18.18,17.72,17.94,8573.71,15397.6434,0.009984
2012-09-19,18.1,18.4,17.95,18.22,10225.42,18606.3774,0.011908
2012-09-20,18.2,18.36,16.83,16.96,29859.82,51764.721,0.034772
2012-09-21,16.9,17.01,16.21,16.3,18574.19,30835.0353,0.021629999999999996
2012-09-24,16.28,17.09,16.02,17.0,11456.54,19154.0169,0.013341
2012-09-25,16.86,17.0,16.42,16.48,5175.5,8601.4624,0.006027
2012-09-26,10.99,11.38,10.5,10.64,8241.98,8981.4215,0.006399
2012-09-27,10.64,10.86,10.31,10.57,22505.28,23861.1322,0.017472
2012-09-28,10.58,10.75,10.53,10.66,11380.47,12098.8162,0.008834999999999999
2012-10-08,10.77,10.93,10.61,10.75,9688.87,10468.4709,0.007522
2012-10-09,10.75,11.05,10.75,10.98,12476.72,13659.9713,0.009686
2012-10-10,10.97,11.23,10.95,11.15,11051.8,12246.5527,0.008579999999999999
2012-10-11,11.15,11.15,10.64,10.7,14958.58,16280.7933,0.011613
2012-10-12,10.75,11.1,10.75,11.1,22000.98,24197.5543,0.017079999999999998
2012-10-15,11.18,11.28,10.82,10.94,12630.11,13942.4586,0.009805000000000001
2012-10-16,10.99,11.09,10.76,10.88,9740.45,10628.2988,0.007562
2012-10-17,10.95,10.98,10.65,10.79,6443.94,6964.7314,0.005003
2012-10-18,10.86,11.25,10.85,11.19,21157.66,23448.9269,0.016426
2012-10-19,11.13,11.3,11.05,11.25,11909.06,13325.4411,0.009245999999999999
2012-10-22,11.2,11.37,11.08,11.28,9867.87,11117.2171,0.007661
2012-10-23,11.23,11.44,11.08,11.11,9695.91,10920.9802,0.007527000000000001
2012-10-24,11.2,11.2,10.93,10.98,12040.39,13302.7945,0.009348
2012-10-25,11.05,11.05,10.7,10.75,6260.75,6802.0238,0.004861
2012-10-26,10.76,10.79,10.43,10.55,8047.1,8536.5869,0.006247
2012-10-29,10.55,10.64,10.51,10.61,3891.75,4113.46,0.003021
2012-10-30,10.64,10.69,10.31,10.36,10157.78,10633.462,0.007885999999999999
2012-10-31,10.36,10.51,10.33,10.39,4612.28,4797.3487,0.0035809999999999995
2012-11-01,10.52,10.63,10.42,10.57,5609.02,5924.7689,0.004355
2012-11-02,10.69,10.69,10.45,10.57,3496.83,3693.6992,0.0027150000000000004
2012-11-05,10.5,10.59,10.08,10.4,25994.02,26741.2514,0.020179999999999997
2012-11-06,10.35,10.56,10.22,10.52,12358.12,12837.4178,0.009594
2012-11-07,10.41,10.83,10.41,10.81,15453.09,16546.9326,0.011997
2012-11-08,10.63,11.14,10.62,10.9,26428.38,28862.3916,0.020518
2012-11-09,10.8,10.97,10.65,10.85,5895.77,6371.213,0.004577
2012-11-12,10.64,11.04,10.64,10.98,7467.58,8175.0447,0.005797
2012-11-13,11.1,11.18,10.55,10.55,9366.6,10163.6328,0.007272
2012-11-14,10.5,10.57,10.37,10.45,6509.9,6801.002,0.0050539999999999995
2012-11-15,10.4,10.64,10.2,10.21,5237.84,5488.2463,0.004066
2012-11-16,10.22,10.4,10.21,10.35,2036.15,2096.0451,0.001581
2012-11-19,10.35,10.36,10.15,10.32,2938.11,3013.9506,0.002281
2012-11-20,10.39,10.54,10.33,10.39,2467.61,2571.963,0.001916
2012-11-21,10.32,10.55,10.32,10.53,3685.09,3843.2419,0.0028610000000000003
2012-11-22,10.53,10.53,10.3,10.3,3264.94,3391.9098,0.002535
2012-11-23,10.4,10.47,10.3,10.3,4388.71,4546.8706,0.003407
2012-11-26,10.3,10.38,10.22,10.23,2952.8,3044.5071,0.0022919999999999998
2012-11-27,10.16,10.17,9.48,9.48,8094.3,7823.4417,0.006284
2012-11-28,9.6,9.6,9.12,9.18,5261.75,4870.8518,0.004085
2012-11-29,9.38,9.5,9.12,9.22,17736.16,16382.7279,0.013769
2012-11-30,9.15,9.39,9.02,9.32,9738.95,9046.6603,0.007561
2012-12-03,9.3,9.43,9.25,9.26,4373.89,4070.3287,0.003396
2012-12-04,9.38,9.46,9.24,9.45,3293.33,3075.8296,0.002557
2012-12-05,9.35,10.1,9.35,9.94,9197.58,9041.2696,0.007141
2012-12-06,9.85,10.06,9.8,9.82,4029.95,3991.6921,0.0031290000000000003
2012-12-07,9.78,10.08,9.78,10.02,8028.61,8036.0993,0.006233
2012-12-10,10.12,10.77,10.04,10.5,17674.73,18494.1412,0.013722000000000002
2012-12-11,10.28,10.53,10.26,10.33,5629.84,5850.5887,0.004371
2012-12-12,10.38,10.46,10.08,10.26,8382.82,8566.4848,0.006508000000000001
2012-12-13,10.08,10.36,9.98,10.0,5607.02,5682.7752,0.004353
2012-12-14,10.08,10.59,9.97,10.51,15235.29,15857.3991,0.011828
2012-12-17,10.75,11.09,10.6,10.7,21050.14,22797.7297,0.016342000000000002
2012-12-18,10.72,10.84,10.42,10.49,12593.58,13349.1232,0.009777000000000001
2012-12-19,10.46,10.9,10.41,10.75,14745.85,15904.4419,0.011448
2012-12-20,10.64,11.04,10.63,10.95,15493.87,16892.0825,0.012029000000000001
2012-12-21,10.83,11.14,10.8,11.03,17537.3,19291.7192,0.013614999999999999
2012-12-24,11.02,11.33,10.88,11.28,15942.47,17800.7734,0.012377
2012-12-25,11.26,11.84,11.1,11.64,28199.46,32223.2757,0.021893
2012-12-26,11.7,12.09,11.64,11.86,33892.79,40341.4699,0.026313
2012-12-27,11.86,12.06,11.26,11.34,22507.86,26112.5487,0.017474
2012-12-28,11.34,11.64,11.25,11.47,21695.13,24816.9558,0.016843
2012-12-31,11.52,11.66,11.2,11.42,21707.36,24854.7755,0.016852
2013-01-04,11.43,11.56,11.08,11.25,17541.92,19816.2155,0.013619000000000001
2013-01-07,11.26,11.63,11.13,11.57,17922.4,20581.0109,0.013914
2013-01-08,11.6,12.09,11.45,11.94,28173.2,33336.4558,0.021872
2013-01-09,11.9,12.2,11.74,11.84,24162.63,28988.1209,0.018758999999999998
2013-01-10,11.97,11.97,11.51,11.74,12397.08,14619.5155,0.009624
2013-01-11,11.8,11.9,11.29,11.33,18646.58,21544.671,0.014476
2013-01-14,11.47,12.02,11.35,11.97,19889.04,23415.6522,0.015441
2013-01-15,12.03,12.38,11.98,12.1,23730.85,28841.4491,0.018423000000000002
2013-01-16,12.18,12.35,11.8,12.0,14533.86,17486.6526,0.011283000000000001
2013-01-17,12.09,12.19,11.69,12.16,17986.78,21540.0326,0.013964
2013-01-18,12.12,12.7,11.89,12.56,32745.35,40164.5444,0.025421999999999997
2013-01-21,12.51,13.49,12.5,13.23,52887.45,69337.0519,0.041059
2013-01-22,13.23,13.29,12.85,13.28,24067.19,31506.8242,0.018684
2013-01-23,13.28,13.32,12.56,12.95,24220.79,31304.6933,0.018804
2013-01-24,12.95,13.06,12.45,12.68,17227.61,21875.6144,0.013375
2013-01-25,12.55,12.79,12.47,12.54,9138.46,11500.9005,0.007095000000000001
2013-01-28,12.68,13.17,12.55,13.12,16979.72,21981.2444,0.013182000000000001
2013-01-29,13.27,14.05,12.85,14.0,46366.42,63467.8959,0.035996
2013-01-30,13.87,14.08,13.6,14.05,25807.68,35703.411,0.020036
2013-01-31,13.98,15.4,13.98,14.97,58370.96,85615.5421,0.045316
2013-02-01,14.64,14.94,14.33,14.51,30859.21,45098.104,0.023957000000000003
2013-02-04,14.5,14.67,13.93,14.03,23581.52,33372.7372,0.018307
2013-02-05,13.99,14.37,13.68,14.15,21437.34,30459.3014,0.016642999999999998
2013-02-06,14.11,15.09,14.11,14.71,27394.83,40367.1346,0.021268
2013-02-07,14.69,14.83,14.25,14.8,11469.95,16702.1766,0.008905
2013-02-08,14.79,15.46,14.7,15.12,16682.27,25332.3425,0.012950999999999999
2013-02-18,15.18,15.8,14.93,14.99,27950.0,42701.3512,0.021699000000000003
2013-02-19,14.97,15.2,14.42,14.68,22243.55,33090.1904,0.017269
2013-02-20,14.68,15.08,14.65,15.02,17931.98,26801.3024,0.013921
2013-02-21,15.04,15.04,14.2,14.49,24695.31,35873.7074,0.019172
2013-02-22,14.44,14.76,14.35,14.51,17435.58,25427.5035,0.013536
2013-02-25,14.51,14.96,14.42,14.8,18050.53,26552.5001,0.014013
2013-02-26,14.7,15.26,14.58,14.6,22130.1,33155.0884,0.017181
2013-02-27,14.6,14.93,14.0,14.3,27746.43,39530.8905,0.021541
2013-02-28,14.31,14.77,13.78,14.77,27567.25,39379.9318,0.021402
2013-03-01,14.84,15.25,14.78,15.06,37115.39,55805.3296,0.028814000000000003
2013-03-04,14.78,15.09,14.55,14.68,20850.33,30848.4949,0.016187
2013-03-05,14.7,15.48,14.62,15.22,31913.13,48337.8465,0.024776
2013-03-06,15.5,15.84,15.18,15.3,50582.04,78327.899,0.039269
2013-03-07,15.21,15.21,14.6,14.87,26701.81,39661.0173,0.02073
2013-03-08,15.3,15.49,14.46,14.7,31707.87,47496.2081,0.024616
2013-03-11,14.48,14.57,14.0,14.28,19370.02,27778.7685,0.015038000000000001
2013-03-12,14.28,14.45,13.4,13.79,22152.54,30808.1198,0.017198
2013-03-13,13.69,13.89,13.3,13.84,11779.45,16022.5272,0.009145
2013-03-14,13.85,13.96,13.62,13.81,6694.41,9229.5873,0.005197
2013-03-15,13.7,14.45,13.7,14.06,19594.68,27644.8042,0.015212000000000002
2013-03-18,13.96,14.11,13.83,14.05,5064.38,7090.8414,0.003932
2013-03-19,14.04,14.19,13.72,14.19,10119.02,14152.9828,0.007856
2013-03-20,14.19,14.51,13.92,14.51,16368.58,23512.8066,0.012707999999999999
2013-03-21,14.54,15.1,14.51,14.89,34404.33,51074.4866,0.026709999999999998
2013-03-22,15.09,15.1,14.71,15.0,22260.13,33287.9324,0.017282
2013-03-25,14.88,15.05,14.65,14.7,14501.02,21403.9556,0.011257999999999999
2013-03-26,14.71,15.0,14.58,14.63,11933.94,17646.0502,0.009265
2013-03-27,14.51,14.8,14.38,14.38,9880.5,14397.9402,0.007671
2013-03-28,14.1,14.3,13.78,13.99,15419.2,21577.2383,0.011971
2013-03-29,13.99,14.4,13.88,14.38,10561.35,14884.1649,0.008199
2013-04-01,14.35,14.75,14.15,14.53,10955.91,15917.1033,0.008506
2013-04-02,14.75,15.05,14.03,14.14,26130.94,38455.2933,0.020287000000000003
2013-04-03,14.14,14.27,13.48,13.9,16299.28,22369.8337,0.012654
2013-04-08,13.78,13.98,13.41,13.92,7460.32,10255.5537,0.005792
2013-04-09,13.93,14.2,13.78,14.1,12233.58,17181.6849,0.009498
2013-04-10,14.03,14.15,13.76,14.1,8907.05,12423.1304,0.006915
2013-04-11,14.19,14.2,13.92,14.1,7816.78,10960.3052,0.006069
2013-04-12,14.1,14.32,13.96,14.12,15094.35,21303.2996,0.011718
2013-04-15,14.0,14.12,13.69,13.82,7712.32,10685.2571,0.005987
2013-04-16,13.63,14.11,13.52,14.09,5850.8,8143.968,0.004542
2013-04-17,14.1,14.68,14.05,14.57,30934.5,44699.4867,0.024016000000000003
2013-04-18,14.61,14.8,14.44,14.72,14788.73,21718.1438,0.011480999999999998
2013-04-19,14.75,15.13,14.72,14.94,32962.87,49319.1725,0.025591
2013-04-22,14.86,15.11,14.8,14.95,16807.4,25195.1639,0.013047999999999999
2013-04-23,15.05,15.05,14.47,14.6,22410.11,32957.3702,0.017398
2013-04-24,14.58,15.09,14.53,15.08,19301.66,28710.0644,0.014985
2013-04-25,15.01,15.32,14.7,14.99,30046.39,45152.3748,0.023326
2013-04-26,14.81,15.01,13.49,13.78,45707.09,64642.6274,0.035485
2013-05-02,13.82,13.93,13.7,13.83,13283.66,18362.3416,0.010313000000000001
2013-05-03,13.9,14.23,13.9,14.11,17818.6,25157.8454,0.013833
2013-05-06,14.27,14.5,14.02,14.3,13714.99,19668.9514,0.010648
2013-05-07,14.4,14.65,14.2,14.31,9677.68,13985.1805,0.007513
2013-05-08,14.21,14.49,14.2,14.49,13041.3,18631.9904,0.010125
2013-05-09,14.5,14.76,14.37,14.68,18025.84,26425.816,0.013994
2013-05-10,14.6,14.76,14.12,14.42,13856.7,20023.198,0.010758
2013-05-13,14.32,15.15,14.32,15.1,32902.68,48889.4143,0.025543999999999997
2013-05-14,15.09,15.35,14.88,15.29,35420.75,53747.5681,0.027499
2013-05-15,15.37,15.59,15.0,15.47,27457.06,42082.7021,0.021316
2013-05-16,15.62,15.93,15.19,15.2,40297.75,62947.6828,0.031285
2013-05-17,15.15,16.72,15.14,16.39,52386.29,84517.7457,0.040670000000000005
2013-05-20,17.0,17.48,16.45,16.8,73439.63,124865.3266,0.057015
2013-05-21,16.67,17.98,16.67,17.97,48377.0,85425.8287,0.037502
2013-05-22,18.0,18.0,16.95,17.27,49982.27,86214.4299,0.038747
2013-05-23,17.25,17.88,17.03,17.45,32105.77,55876.4667,0.024889
2013-05-24,17.39,17.75,16.88,17.48,18722.56,32363.9834,0.014514
2013-05-27,17.49,18.0,17.3,17.78,25609.93,45294.4987,0.019853
2013-05-28,17.79,18.2,17.39,17.6,26926.3,48124.2106,0.020788
2013-05-29,17.31,17.63,16.8,17.49,14742.31,25312.041,0.011380999999999999
2013-05-30,17.39,17.5,17.08,17.35,7453.65,12869.9015,0.0057540000000000004
2013-05-31,17.34,17.6,16.9,16.9,11350.45,19575.6343,0.008763
2013-06-03,16.71,16.91,15.78,16.3,32884.89,53161.4165,0.025388
2013-06-04,16.22,16.22,15.79,15.98,19367.5,30870.7893,0.014952
2013-06-05,15.98,16.29,15.8,16.27,23144.6,37179.9527,0.017868
2013-06-06,16.06,16.2,15.41,15.6,13475.28,21298.1181,0.010403
2013-06-07,15.6,15.6,15.02,15.19,19366.14,29435.391,0.014951
2013-06-13,15.04,15.2,14.5,15.12,15729.39,23339.7361,0.012143
2013-06-14,15.16,15.8,14.96,15.8,15508.35,23803.5407,0.011973000000000001
2013-06-17,15.6,15.88,15.3,15.8,13656.92,21316.5948,0.010543
2013-06-18,15.97,16.22,15.55,15.78,16646.96,26224.7808,0.012851999999999999
2013-06-19,15.56,15.75,15.0,15.46,11286.29,17171.7674,0.008713
2013-06-20,15.3,15.3,14.38,14.7,13305.51,19710.0182,0.010271999999999998
2013-06-21,14.33,14.33,13.8,14.2,27983.71,39238.152,0.021604
2013-06-24,14.13,14.13,12.78,12.78,34688.41,45664.3488,0.026779999999999998
2013-06-25,12.4,12.99,11.61,12.97,34761.61,43351.2481,0.026837
2013-06-26,13.08,13.5,12.81,13.4,27098.23,35850.9894,0.02092
2013-06-27,13.36,13.7,12.5,12.9,23659.71,31288.3523,0.018266
2013-06-28,12.85,13.35,12.16,12.6,16242.05,20696.9912,0.012539
2013-07-01,12.51,13.28,12.51,13.28,11445.01,14692.3697,0.008836
2013-07-02,13.06,14.05,13.06,14.04,26010.82,35554.1017,0.020081
2013-07-03,14.0,14.0,13.21,13.8,34007.81,46094.0955,0.035369000000000005
2013-07-04,13.52,13.62,13.05,13.47,28248.99,37799.2008,0.029380000000000003
2013-07-05,13.41,13.55,12.71,12.89,22758.45,29773.4246,0.023669
2013-07-08,12.49,12.88,11.9,12.48,36548.06,45116.5733,0.038010999999999996
2013-07-09,12.08,12.24,11.58,11.85,45579.42,54003.9382,0.047404
2013-07-10,12.3,12.79,12.21,12.55,47614.44,59594.0811,0.049520999999999996
2013-07-11,12.57,13.5,12.57,13.35,41603.3,54868.7742,0.043269
2013-07-12,13.2,13.81,13.2,13.48,35732.14,48611.3334,0.037163
2013-07-15,13.69,14.3,13.67,14.24,44538.63,62780.8967,0.046322
2013-07-16,14.21,14.5,13.96,14.44,34141.94,48589.1165,0.035509
2013-07-17,14.44,14.53,14.1,14.26,26780.3,38351.3468,0.027852000000000002
2013-07-18,14.41,14.5,13.7,14.4,26299.44,37139.5983,0.027351999999999998
2013-07-19,14.52,15.2,14.41,14.8,43638.74,65251.2192,0.045385999999999996
2013-07-22,15.0,15.87,14.8,15.8,39925.23,61707.5534,0.041523000000000004
2013-07-23,15.98,16.5,15.9,16.43,31159.91,50803.5528,0.032407
2013-07-24,16.7,16.72,15.99,16.42,23587.49,38569.2184,0.024531999999999998
2013-07-25,16.57,16.9,15.9,16.29,35179.84,57360.2533,0.036587999999999996
2013-07-26,16.8,17.15,16.43,16.7,48520.3,81646.175,0.050462999999999994
2013-07-29,16.54,16.65,15.5,16.0,25695.03,41011.8189,0.026724
2013-07-30,16.1,17.0,15.5,16.95,56047.01,92134.8916,0.058291
2013-07-31,16.85,17.0,16.4,16.6,29270.27,49051.625,0.030442
2013-08-01,17.78,17.83,16.41,17.0,125764.78,215079.3415,0.130799
2013-08-02,16.91,17.49,16.5,16.52,71442.32,121741.492,0.074302
2013-08-05,16.16,16.49,15.64,16.29,44392.12,71130.7079,0.046169
2013-08-06,16.16,16.38,15.95,16.0,30201.79,48697.9761,0.031410999999999994
2013-08-07,16.08,16.6,15.99,16.01,28671.22,46694.1567,0.029819
2013-08-08,15.98,16.32,15.72,16.15,19383.47,31171.1566,0.020158999999999996
2013-08-09,16.15,16.22,15.34,15.65,29553.61,46557.4537,0.030737
2013-08-12,15.65,16.2,15.55,15.92,21613.68,34372.5073,0.022479
2013-08-13,15.85,16.28,15.8,16.19,18232.58,29492.8294,0.018962
2013-08-14,16.14,16.46,15.85,16.38,22282.35,36091.1097,0.023174
2013-08-15,16.36,16.36,15.86,15.9,20853.56,33459.0086,0.021688
2013-08-16,15.75,16.13,15.16,15.26,24286.48,38039.4333,0.025259
2013-08-19,15.08,15.7,15.0,15.67,15426.44,23835.6439,0.016044
2013-08-20,15.64,16.12,15.64,15.85,15469.05,24643.7029,0.016088
2013-08-21,15.93,15.99,15.3,15.79,11738.3,18558.0901,0.012208000000000002
2013-08-22,15.81,15.84,15.55,15.77,14466.45,22680.2556,0.015045999999999999
2013-08-23,15.66,15.83,15.28,15.4,18790.39,29178.2991,0.019542999999999998
2013-08-26,15.41,15.65,15.15,15.53,17883.17,27633.4645,0.018599
2013-08-27,15.55,16.37,15.52,16.21,52516.6,84468.7903,0.054619
2013-08-28,15.93,15.99,15.36,15.39,41655.05,65292.5974,0.043323
2013-08-29,15.37,15.68,15.11,15.6,25274.19,39180.5444,0.026286
2013-08-30,15.5,15.63,15.2,15.51,17138.46,26405.1134,0.017825
2013-09-02,15.4,15.64,15.33,15.48,8131.16,12592.4611,0.008457
2013-09-03,15.48,16.13,15.36,16.07,25184.08,40118.2291,0.026192000000000003
2013-09-04,16.07,16.23,15.76,15.8,17915.07,28669.3817,0.018632
2013-09-05,15.82,16.56,15.82,16.35,32075.21,52015.3247,0.033359
2013-09-06,16.45,16.55,15.98,16.36,18200.48,29545.7122,0.018929
2013-09-09,16.21,16.36,15.55,15.95,25317.62,40089.1213,0.026331000000000004
2013-09-10,15.8,15.8,15.4,15.41,22484.01,34841.7707,0.023384000000000002
2013-09-11,15.46,15.46,14.68,14.68,21247.81,31674.6436,0.022098
2013-09-12,14.57,14.98,14.21,14.54,22449.39,32659.0212,0.023348
2013-09-13,14.59,14.76,14.29,14.71,24740.94,35992.2228,0.025731
2013-09-16,14.83,15.75,14.8,15.45,38102.72,58516.0752,0.039628000000000003
2013-09-17,15.83,16.37,15.66,15.66,43299.3,69102.6613,0.045033000000000004
2013-09-18,15.6,16.28,15.32,16.0,28838.79,45248.4394,0.029993
2013-09-23,16.21,16.48,15.91,16.0,42954.39,69327.2106,0.044674
2013-09-24,15.9,15.98,15.41,15.49,28336.1,44223.0111,0.02947
2013-09-25,15.45,15.67,14.91,14.96,27009.89,41108.7815,0.028090999999999998
2013-09-26,15.05,15.05,14.8,14.81,18571.68,27710.2029,0.019315
2013-09-27,14.73,14.99,14.46,14.59,19271.16,28363.4455,0.020043000000000002
2013-09-30,14.65,14.97,14.65,14.74,10479.77,15515.7053,0.010899
2013-10-08,15.0,15.25,14.79,15.17,35381.58,53171.2883,0.036798000000000004
2013-10-09,15.18,15.43,15.18,15.38,20063.76,30752.6155,0.020867
2013-10-10,15.38,15.43,14.75,14.89,25542.2,38363.1741,0.026565
2013-10-11,14.9,15.0,14.77,14.97,12863.42,19158.7432,0.013378000000000001
2013-10-14,14.96,14.98,14.1,14.2,77388.97,110559.4709,0.080487
2013-10-15,14.23,14.23,13.67,13.71,68939.23,95477.1903,0.071699
2013-10-16,13.5,13.87,13.5,13.78,43826.76,60098.9614,0.045580999999999997
2013-10-17,14.08,14.58,13.88,14.08,86370.26,123331.3587,0.08982799999999999
2013-10-18,14.06,14.06,13.51,13.66,35114.31,48201.1196,0.036520000000000004
2013-10-21,13.73,15.0,13.72,14.74,92405.66,132675.8018,0.096105
2013-10-22,14.55,15.06,14.38,14.91,71691.72,105484.8418,0.074562
2013-10-23,14.82,14.88,14.4,14.69,56266.62,82371.7176,0.058518999999999995
2013-10-24,14.85,15.13,14.45,14.62,38144.93,56354.455,0.039672
2013-10-25,14.58,14.75,13.98,14.37,56111.13,80186.2113,0.058357
2013-10-28,14.06,14.4,13.8,14.25,28057.56,39448.1399,0.029181
2013-10-29,14.11,14.3,13.25,13.33,31237.43,42837.3665,0.032488
2013-10-30,13.35,13.7,13.09,13.33,24617.54,33011.9476,0.025602999999999997
2013-10-31,13.38,13.85,13.22,13.53,25611.59,34612.1757,0.026637
2013-11-01,13.5,13.63,13.4,13.5,10327.33,13954.78,0.010741
2013-11-04,13.51,13.69,13.44,13.45,13812.73,18697.3741,0.014366
2013-11-05,13.57,13.83,13.18,13.68,15709.5,21225.5559,0.016338
2013-11-06,13.68,14.2,13.53,13.97,28986.65,40561.237,0.030147
2013-11-07,13.71,14.0,13.62,13.68,12385.34,17117.245,0.012881
2013-11-08,13.6,13.68,13.36,13.43,6876.76,9270.6686,0.0071519999999999995
2013-11-11,13.31,13.54,13.15,13.41,5562.96,7421.0779,0.005786
2013-11-12,13.42,13.54,13.3,13.4,7052.4,9441.1718,0.007335
2013-11-13,13.38,13.56,12.83,12.94,15056.05,19807.4238,0.015659
2013-11-14,12.95,13.2,12.72,13.04,12332.82,15984.5584,0.012827
2013-11-15,13.1,13.62,13.04,13.3,18318.76,24564.2089,0.019052
2013-11-18,13.49,13.84,13.21,13.64,34779.08,47400.9143,0.036171
2013-11-19,13.78,13.78,13.45,13.65,16527.77,22449.0631,0.017189
2013-11-20,13.67,13.67,13.4,13.52,12337.41,16638.8055,0.012830999999999999
2013-11-21,13.56,14.4,13.48,14.33,60751.61,85851.3146,0.06318399999999999
2013-11-22,14.32,14.54,14.11,14.39,48733.81,70117.4746,0.050685
2013-11-25,14.4,14.84,14.3,14.48,34886.67,51141.819,0.036282999999999996
2013-11-26,14.36,14.53,14.3,14.4,12034.44,17335.0218,0.012516000000000001
2013-11-27,14.45,14.78,14.33,14.72,25194.59,36904.1756,0.026202999999999997
2013-11-28,14.75,15.06,14.55,14.87,37552.96,55627.3486,0.039056
2013-11-29,14.75,15.25,14.72,15.19,55549.21,83858.3956,0.057773000000000005
2013-12-02,14.52,14.75,13.94,14.02,43161.78,61778.5036,0.04489
2013-12-03,14.48,15.2,13.92,15.15,36549.07,53374.3763,0.038012000000000004
2013-12-04,15.18,15.66,14.98,15.11,33936.36,52271.4034,0.035295
2013-12-05,15.11,15.11,14.68,14.68,16228.13,24165.4501,0.016878
2013-12-06,14.51,14.88,14.41,14.6,11423.44,16750.2174,0.011881
2013-12-09,14.6,15.22,14.6,15.15,20180.69,30349.5916,0.020989
2013-12-10,14.76,15.05,14.46,14.91,44807.14,66215.9195,0.046601
2013-12-11,14.8,15.07,14.58,14.79,17910.56,26581.5999,0.018628
2013-12-12,14.73,15.12,14.7,14.87,22901.53,34199.5075,0.023818000000000002
2013-12-13,14.87,15.55,14.78,15.43,43969.68,67013.8125,0.04573000000000001
2013-12-16,15.55,15.58,15.12,15.29,25303.03,38654.4067,0.026316000000000003
2013-12-17,15.24,15.35,14.51,14.86,25768.72,38347.6584,0.0268
2013-12-18,14.58,14.9,14.56,14.68,8234.95,12152.7187,0.008565
2013-12-19,14.6,15.05,14.57,14.95,16198.17,24154.5443,0.016847
2013-12-20,14.71,14.95,14.51,14.64,10379.25,15287.5507,0.010794999999999999
2013-12-23,14.62,14.62,13.88,13.98,20950.24,29492.0249,0.021789
2013-12-24,14.14,14.39,13.82,14.38,15355.13,21713.3614,0.015969999999999998
2013-12-25,14.36,14.53,14.1,14.48,21040.14,30162.5061,0.021882000000000002
2013-12-26,14.51,14.65,14.4,14.53,19182.37,27885.4784,0.019950000000000002
2013-12-27,14.2,14.54,14.1,14.51,23429.37,33602.6646,0.024367
2013-12-30,14.6,15.06,14.55,14.72,22068.57,32807.0959,0.022952
2013-12-31,14.72,14.96,14.4,14.7,11762.39,17251.7038,0.012233
2014-01-02,14.78,15.05,14.64,15.0,18565.92,27808.1625,0.019309
2014-01-03,14.98,15.22,14.89,14.99,12715.23,19080.2345,0.013224
2014-01-06,15.17,15.17,14.32,14.38,13537.67,19886.7663,0.014079999999999999
2014-01-07,14.2,14.68,14.01,14.45,10251.87,14775.9472,0.010629999999999999
2014-01-08,14.55,15.0,14.41,14.9,21555.74,31887.0013,0.016612000000000002
2014-01-09,14.89,15.0,14.42,14.47,13304.19,19559.4963,0.010253000000000002
2014-01-10,14.47,14.71,14.12,14.2,8411.17,12123.3793,0.006482
2014-01-13,14.16,14.45,14.0,14.35,11309.41,16195.1958,0.008716
2014-01-14,14.49,14.74,14.16,14.71,18926.93,27382.0366,0.014585999999999998
2014-01-15,14.74,14.87,14.61,14.73,17081.0,25212.8859,0.013164
2014-01-16,14.73,14.98,14.73,14.85,18398.22,27352.344,0.014178999999999999
2014-01-17,14.9,15.26,14.85,15.23,31816.05,48035.3653,0.024519000000000003
2014-01-20,15.2,15.2,14.36,14.44,29395.0,43243.5726,0.022654
2014-01-21,14.94,15.19,14.7,14.92,34475.05,51323.6928,0.026568
2014-01-22,14.98,15.47,14.78,15.42,40256.5,61124.412,0.031024
2014-01-23,15.44,15.88,15.28,15.7,40329.99,62842.5196,0.031080999999999998
2014-01-24,15.56,15.84,15.48,15.59,28695.29,44946.862,0.022113999999999998
2014-01-27,15.57,16.0,15.47,15.8,32508.29,51259.2409,0.025053000000000002
2014-01-28,15.9,15.96,15.52,15.78,20239.52,31858.5452,0.015598
2014-01-29,15.75,15.91,15.62,15.84,15558.24,24524.786,0.01199
2014-01-30,15.7,15.75,15.21,15.24,23026.64,35608.0514,0.017745999999999998
2014-02-07,15.13,15.58,15.01,15.56,17525.69,27026.7171,0.013506
2014-02-10,15.56,16.0,15.48,15.93,40024.98,62944.7149,0.030846
2014-02-11,15.93,16.0,15.4,15.59,40657.12,63855.1334,0.031333
2014-02-12,15.7,16.5,15.66,16.44,49342.99,79799.1457,0.038027000000000005
2014-02-13,16.38,16.38,15.61,15.78,35403.01,56994.6916,0.027284000000000003
2014-02-14,15.78,16.79,15.7,16.6,53760.84,87350.7959,0.041430999999999996
2014-02-17,16.53,16.84,16.45,16.7,39661.2,66280.1013,0.030565000000000002
2014-02-18,16.7,17.09,16.36,16.74,41631.91,69220.6993,0.032084
2014-02-19,16.7,16.83,16.17,16.45,32096.23,52877.2049,0.024735
2014-02-20,16.36,16.6,15.95,16.03,26301.98,42447.6468,0.02027
2014-02-21,15.84,16.18,15.76,15.88,25624.62,40883.6427,0.019748
2014-02-24,16.0,16.46,15.72,16.26,25697.78,41394.6381,0.019804
2014-02-25,16.35,16.59,15.5,15.64,33960.57,54792.7556,0.026172
2014-02-26,15.52,15.67,14.98,15.29,23803.25,36248.0145,0.018344
2014-02-27,15.28,15.49,14.61,14.67,26468.68,39862.186,0.020398
2014-02-28,14.55,14.85,14.45,14.76,17979.2,26303.0954,0.013856
2014-03-03,14.76,15.17,14.68,15.14,16661.44,24942.4544,0.01284
2014-03-04,15.01,15.09,14.67,14.91,14383.94,21426.3717,0.011085000000000001
2014-03-05,15.09,15.09,14.7,14.79,12788.86,19053.0489,0.009856
2014-03-06,14.76,14.88,14.26,14.86,18129.72,26393.2564,0.013972
2014-03-07,14.87,14.95,14.61,14.64,13835.26,20447.0259,0.010662
2014-03-10,14.61,14.67,14.23,14.39,13458.04,19463.2121,0.010372
2014-03-11,14.3,14.55,14.26,14.39,8480.39,12224.4013,0.006535
2014-03-12,14.39,14.58,14.33,14.52,10706.1,15465.0343,0.008251
2014-03-13,14.46,14.83,14.46,14.65,10065.67,14815.6159,0.007756999999999999
2014-03-14,14.65,15.05,14.62,14.78,14083.85,20909.3803,0.010853999999999999
2014-03-17,14.72,15.0,14.65,15.0,19423.84,28872.5906,0.014969
2014-03-18,14.98,15.02,14.85,14.89,14558.88,21742.6041,0.01122
2014-03-19,14.89,14.95,14.61,14.67,12943.12,19032.3481,0.009975000000000001
2014-03-20,14.65,14.75,14.37,14.37,11615.5,16924.475,0.008952
2014-03-21,14.33,14.44,13.97,14.43,17203.45,24388.4597,0.013258
2014-03-24,14.49,14.52,14.17,14.24,9390.67,13396.8272,0.007237
2014-03-25,14.24,14.55,14.17,14.28,10370.56,14839.5398,0.007992
2014-03-26,14.23,14.49,14.21,14.44,9167.5,13206.2067,0.007065
2014-03-27,14.51,14.51,14.01,14.04,12699.42,18002.6118,0.009787
2014-03-28,14.04,14.08,13.5,13.85,16174.07,22199.3517,0.012464999999999999
2014-03-31,13.82,13.83,13.51,13.56,11642.06,15873.7626,0.008972
2014-04-01,13.67,14.3,13.6,14.3,16910.61,23771.3185,0.013031999999999998
2014-04-02,14.27,14.27,13.85,13.99,7417.65,10355.9206,0.0057150000000000005
2014-04-03,13.92,14.1,13.91,13.93,7274.23,10173.2303,0.005605
2014-04-04,13.93,14.6,13.93,14.42,16179.38,23199.1725,0.012466
2014-04-08,14.27,14.99,14.26,14.79,17446.26,25821.0017,0.010143
2014-04-09,14.87,14.92,14.62,14.81,7972.68,11741.6118,0.004635
2014-04-10,14.79,15.01,14.7,14.8,8465.94,12585.9045,0.004922
2014-04-11,14.78,14.79,14.51,14.68,5028.39,7365.8213,0.002924
2014-04-14,14.74,14.77,14.6,14.68,5685.08,8349.3172,0.003305
2014-04-15,14.69,14.69,14.54,14.55,6348.05,9273.2315,0.003691
2014-04-16,14.48,14.65,14.48,14.54,4900.8,7133.976,0.002849
2014-04-17,14.59,14.69,14.51,14.62,7470.54,10899.9484,0.0043430000000000005
2014-04-18,14.62,14.85,14.55,14.82,6830.57,10077.7638,0.003971
2014-04-21,14.82,14.94,14.58,14.82,9508.32,14061.0201,0.005528
2014-04-22,14.78,14.86,14.31,14.57,10171.69,14777.7418,0.005914
2014-04-23,14.5,14.58,14.18,14.18,8263.54,11849.4326,0.004804
2014-04-24,14.12,14.12,13.86,13.9,7770.97,10840.7726,0.0045179999999999994
2014-04-25,13.93,13.97,13.8,13.88,8319.98,11580.4584,0.004837
2014-04-28,13.93,14.03,13.52,13.95,10028.39,13893.4319,0.005829999999999999
2014-04-29,13.98,14.09,13.86,14.05,5293.73,7393.2249,0.003078
2014-04-30,13.96,14.16,13.93,13.95,4455.84,6236.5238,0.002591
2014-05-05,13.95,14.22,13.9,14.17,6980.33,9790.9923,0.004058
2014-05-06,14.18,14.34,14.07,14.19,4333.35,6158.038,0.002519
2014-05-07,14.1,14.19,13.85,13.94,6883.79,9605.2084,0.004002
2014-05-08,13.98,14.06,13.74,14.0,3198.26,4459.1353,0.0018590000000000002
2014-05-09,13.87,14.06,13.82,13.91,1965.07,2737.6686,0.001142
2014-05-12,14.49,14.54,14.0,14.23,21337.66,30398.681,0.012405999999999999
2014-05-13,14.13,14.26,14.08,14.17,7522.63,10655.0832,0.004374
2014-05-14,14.17,14.26,14.08,14.17,7856.98,11121.3751,0.004568
2014-05-15,14.02,14.18,13.82,13.86,5413.74,7577.7519,0.003148
2014-05-16,13.96,14.05,13.65,14.05,5454.34,7539.883,0.0031709999999999998
2014-05-19,13.98,14.1,13.86,14.0,7116.36,9944.8094,0.004137
2014-05-20,14.1,14.25,13.98,14.06,5016.93,7078.0531,0.0029170000000000003
2014-05-21,13.93,14.17,13.91,14.17,4365.63,6135.8636,0.0025380000000000003
2014-05-22,14.5,14.5,14.2,14.23,11366.23,16318.6639,0.006608
2014-05-23,14.24,14.36,14.1,14.3,5511.48,7846.5725,0.0032040000000000003
2014-05-26,14.47,14.5,14.24,14.43,7679.27,11041.848,0.004463
2014-05-27,14.45,14.56,14.3,14.52,13979.72,20224.3002,0.008124
2014-05-28,14.58,14.78,14.48,14.74,13422.18,19721.1446,0.0078000000000000005
2014-05-29,14.75,14.75,14.52,14.53,7498.9,10957.6541,0.004358
2014-05-30,14.53,14.67,14.46,14.66,6115.59,8920.4632,0.003554
2014-06-03,14.68,14.76,14.61,14.69,8013.56,11775.1322,0.004657
2014-06-04,14.7,15.02,14.67,14.98,15910.43,23610.3525,0.009245999999999999
2014-06-05,15.0,15.09,14.78,15.04,11636.75,17401.661,0.006762000000000001
2014-06-06,15.05,15.17,14.9,15.03,8763.12,13147.1738,0.005092
2014-06-09,14.92,15.08,14.86,14.89,8226.71,12280.1331,0.0047810000000000005
2014-06-10,14.93,14.98,14.81,14.98,7331.27,10924.4132,0.00426
2014-06-11,14.99,15.09,14.94,15.03,7563.85,11369.3072,0.004396
2014-06-12,15.06,15.09,14.83,14.87,8661.91,12897.5732,0.005033999999999999
2014-06-13,14.8,15.2,14.8,15.15,12088.63,18094.6128,0.007025
2014-06-16,16.67,16.67,16.03,16.15,150500.58,248553.1825,0.08745900000000001
2014-06-17,15.84,16.15,15.61,15.87,57371.28,90675.1053,0.03334
2014-06-18,15.75,16.06,15.51,15.53,28355.67,44558.928,0.016478
2014-06-19,15.7,16.04,15.4,15.43,42984.09,67512.4441,0.024979
2014-06-20,15.42,15.82,15.4,15.7,18881.43,29413.6336,0.010971999999999999
2014-06-23,15.68,15.96,15.65,15.73,21322.49,33720.7067,0.012391000000000001
2014-06-24,15.85,15.95,15.73,15.79,16293.57,25823.5959,0.009469
2014-06-25,15.75,15.89,15.42,15.46,17288.3,26914.0136,0.010046999999999999
2014-06-26,15.42,15.98,15.42,15.71,33382.71,52633.613,0.019399
2014-06-27,15.73,15.96,15.7,15.93,21394.61,33945.7912,0.012433000000000001
2014-06-30,15.96,16.08,15.92,16.04,25774.87,41256.6953,0.014978
2014-07-01,16.08,16.16,15.86,16.16,16022.99,25710.0911,0.009311
2014-07-02,16.16,16.23,15.95,16.16,17083.58,27493.4056,0.009928
2014-07-03,16.2,16.2,15.84,15.96,32843.07,52436.1586,0.019086000000000002
2014-07-04,15.89,16.0,15.82,15.9,18024.01,28662.97,0.010474
2014-07-07,7.9,7.94,7.44,7.45,78158.58,59637.0868,0.022709999999999998
2014-07-08,7.43,7.44,7.15,7.33,118050.89,85491.2114,0.034301
2014-07-09,7.26,7.3,7.13,7.24,56785.1,41098.0373,0.0165
2014-07-10,7.22,7.26,7.16,7.22,25015.89,18080.1914,0.007269
2014-07-11,7.22,7.28,7.19,7.26,28212.05,20415.173,0.008197
2014-07-14,7.28,7.3,7.2,7.26,41436.21,30009.815,0.01204
2014-07-15,7.25,7.25,6.89,7.03,113763.58,79808.7027,0.033055
2014-07-16,6.98,7.03,6.93,6.97,22142.1,15446.9473,0.006434
2014-07-17,6.98,7.1,6.94,7.08,33488.6,23534.8859,0.009729999999999999
2014-07-18,7.04,7.1,7.01,7.05,18974.38,13406.156,0.0055130000000000005
2014-07-21,7.05,7.07,6.9,6.96,27466.57,19108.0976,0.007981
2014-07-22,6.96,7.16,6.93,7.05,50616.66,35583.0991,0.014707
2014-07-23,7.05,7.08,6.81,6.85,39233.11,27181.9388,0.011399999999999999
2014-07-24,6.86,6.86,6.71,6.79,26588.5,18015.7072,0.007725999999999999
2014-07-25,6.79,6.82,6.72,6.78,35681.87,24169.0397,0.010367999999999999
2014-07-28,6.79,6.92,6.79,6.89,42817.17,29411.3891,0.012441
2014-07-29,6.91,6.96,6.86,6.95,45098.19,31237.1164,0.013104
2014-07-30,6.95,6.99,6.9,6.97,43369.54,30159.9213,0.012601
2014-07-31,7.02,7.15,7.02,7.09,60012.34,42537.7308,0.017437
2014-08-01,7.1,7.12,6.99,7.02,51690.83,36534.6253,0.015019
2014-08-04,7.03,7.1,6.99,7.09,37248.47,26302.3733,0.010823000000000001
2014-08-05,7.09,7.25,7.0,7.22,83258.07,59562.847,0.024192
2014-08-06,7.19,7.23,7.14,7.21,38290.39,27512.9266,0.011126
2014-08-07,7.21,7.25,7.09,7.09,39593.29,28398.8073,0.011504
2014-08-08,7.09,7.16,7.07,7.14,25330.87,18032.7136,0.00736
2014-08-11,7.15,7.27,7.12,7.25,47939.87,34501.5807,0.013929
2014-08-12,7.25,7.4,7.2,7.34,73439.68,53648.141,0.021339
2014-08-13,7.32,7.33,7.16,7.28,56769.1,41141.3408,0.016495
2014-08-14,7.29,7.43,7.26,7.36,70501.36,51902.3277,0.020485000000000003
2014-08-15,7.35,8.06,7.32,7.83,144354.58,111203.5282,0.041944
2014-08-18,7.8,7.82,7.69,7.8,98590.13,76363.1659,0.028645999999999998
2014-08-19,7.81,7.97,7.78,7.86,100587.12,79111.0763,0.029227
2014-08-20,7.87,7.9,7.77,7.81,58122.72,45449.4458,0.016888
2014-08-21,7.81,7.87,7.69,7.75,51627.66,40048.3686,0.015001
2014-08-22,7.75,7.98,7.72,7.81,50801.22,39747.8118,0.014761
2014-08-25,7.81,7.9,7.75,7.82,50553.3,39610.9349,0.014689
2014-08-26,7.83,7.95,7.74,7.84,70759.95,55495.774,0.020560000000000002
2014-08-27,7.85,8.36,7.84,8.35,159556.45,130578.0015,0.046361
2014-08-28,8.35,8.39,7.96,8.0,110545.5,89458.3289,0.03212
2014-08-29,7.99,8.0,7.6,7.78,77630.85,60438.2586,0.022556
2014-09-01,7.87,7.97,7.74,7.95,76685.11,60146.4187,0.022282000000000003
2014-09-02,7.95,8.06,7.94,8.06,88657.01,71046.8267,0.02576
2014-09-03,8.02,8.11,7.96,8.11,127131.65,102035.9142,0.036939
2014-09-04,8.07,8.18,8.03,8.15,103851.08,84288.2773,0.030175
2014-09-05,8.15,8.18,8.02,8.13,89320.17,72282.7629,0.025953
2014-09-09,8.1,8.31,8.04,8.28,98385.62,80657.0841,0.028586999999999998
2014-09-10,8.25,8.28,8.15,8.27,88493.95,72720.6734,0.025713
2014-09-11,8.28,8.49,8.25,8.35,144570.03,120984.0997,0.042005999999999995
2014-09-12,8.33,8.67,8.33,8.67,117900.7,100417.0699,0.034257
2014-09-15,8.68,8.94,8.6,8.77,129533.73,113794.6562,0.037637000000000004
2014-09-16,8.92,8.95,8.18,8.2,170557.79,146034.775,0.049557000000000004
2014-09-17,8.12,8.28,8.05,8.24,88953.88,72627.6919,0.025847000000000002
2014-09-18,8.23,8.27,8.16,8.21,49987.83,41043.3559,0.014525
2014-09-19,8.22,8.25,8.12,8.23,74602.98,61035.1707,0.021677
2014-09-22,8.22,8.25,7.98,8.0,88033.86,71078.3195,0.025579
2014-09-23,7.96,8.13,7.96,8.08,58106.22,46782.8864,0.016883
2014-09-24,8.06,8.24,8.0,8.23,88931.86,72343.6124,0.025840000000000002
2014-09-25,8.21,8.42,8.21,8.29,99584.38,82888.6917,0.028935
2014-09-26,8.3,8.45,8.28,8.34,61085.53,51056.1373,0.017749
2014-09-29,8.38,8.53,8.35,8.45,80454.72,67986.8881,0.023377
2014-09-30,8.47,8.76,8.47,8.7,92095.24,79351.5296,0.026758999999999998
2014-10-08,8.71,8.78,8.6,8.74,101669.11,88410.6397,0.029540999999999998
2014-10-09,8.78,8.84,8.52,8.75,119843.14,104323.4011,0.034822
2014-10-10,8.64,9.03,8.61,9.03,166085.83,146764.135,0.048258
2014-10-13,8.95,9.15,8.84,9.13,135044.94,121237.499,0.039239
2014-10-14,8.99,9.09,8.72,8.76,135142.1,120086.545,0.039266999999999996
2014-10-15,8.76,8.79,8.57,8.76,80977.13,70293.1195,0.023529
2014-10-16,8.69,8.85,8.6,8.6,67614.75,58910.742,0.019646
2014-10-17,8.61,8.64,8.11,8.42,79872.57,67077.5527,0.023208000000000003
2014-10-20,8.42,8.51,8.35,8.47,45313.82,38240.1467,0.013166
2014-10-21,8.36,8.55,8.36,8.45,46171.39,39109.7509,0.013415999999999999
2014-10-22,8.42,8.5,8.23,8.26,46561.0,38996.508,0.013529
2014-10-23,8.26,8.31,7.98,8.04,64635.24,52312.679,0.018779999999999998
2014-10-24,8.0,8.07,7.65,7.73,83773.52,66023.3658,0.024340999999999998
2014-10-27,7.65,7.68,7.54,7.6,83707.65,63613.008,0.024322
2014-10-28,7.65,7.92,7.6,7.91,107580.52,83735.8667,0.031259
2014-10-29,7.97,8.45,7.9,8.26,142919.73,116914.9908,0.041527
2014-10-30,8.22,8.32,8.15,8.2,60551.18,49864.0325,0.017594000000000002
2014-10-31,8.22,8.33,7.98,8.11,89033.33,71898.006,0.02587
2014-11-03,8.15,8.43,8.13,8.39,97240.38,80959.4342,0.028254
2014-12-23,7.55,8.38,7.55,7.55,146159.61,112468.919,0.042468000000000006
2014-12-24,7.46,7.96,7.39,7.88,113795.34,86773.7938,0.033064
2014-12-25,7.72,8.0,7.7,7.79,68390.58,53708.3137,0.019872
2014-12-26,7.81,7.89,7.56,7.57,80978.07,61891.3105,0.023529
2014-12-29,7.56,7.57,7.4,7.44,80463.67,60233.0974,0.02338
2014-12-30,7.33,7.52,7.05,7.13,60152.05,43400.3153,0.017478
2014-12-31,7.02,7.25,6.96,7.0,67453.05,47408.5219,0.019599
2015-01-05,7.05,7.21,7.0,7.17,58618.7,41670.2817,0.017032000000000002
2015-01-06,7.17,7.47,7.07,7.4,54095.3,39493.6177,0.015718
2015-01-07,7.41,7.48,7.32,7.4,46225.2,34236.0708,0.013431
2015-01-08,7.37,7.53,7.3,7.44,37440.24,27862.8613,0.010879000000000002
2015-01-09,7.41,7.51,7.35,7.37,31336.0,23363.3999,0.009105
2015-01-12,7.35,7.52,7.04,7.52,52038.57,37631.7884,0.01512
2015-01-13,7.35,7.69,7.35,7.68,46850.39,35382.9559,0.013613
2015-01-14,7.62,7.86,7.55,7.82,67399.98,52040.7945,0.019584
2015-01-15,7.8,8.0,7.75,7.88,56583.74,44432.2777,0.016440999999999997
2015-01-16,7.88,7.99,7.77,7.95,48243.84,38179.7362,0.014018
2015-01-19,7.85,8.28,7.5,7.63,75979.78,59503.5795,0.022077
2015-01-20,7.64,8.2,7.64,7.94,69122.85,54851.3647,0.020084
2015-01-21,7.96,8.03,7.84,7.93,73531.35,58309.7726,0.021365
2015-01-22,7.93,7.97,7.82,7.94,74268.2,58728.336,0.021579
2015-01-23,7.95,8.04,7.75,7.99,81783.63,64640.492,0.023763
2015-01-26,8.0,8.2,7.95,8.15,105208.7,85035.3995,0.03057
2015-01-27,8.16,8.17,7.96,8.08,70823.0,57133.257,0.020578
2015-01-28,8.03,8.16,8.0,8.14,48336.6,39036.985,0.014045
2015-01-29,8.09,8.13,7.98,8.08,45654.44,36675.2026,0.013265
2015-01-30,8.06,8.09,7.9,7.95,35066.36,27984.014,0.010188999999999998
2015-02-02,7.86,7.92,7.75,7.75,32450.68,25386.9528,0.009429
2015-02-03,7.75,7.87,7.75,7.84,25239.85,19782.4736,0.007334
2015-02-04,7.92,7.95,7.84,7.91,34428.0,27248.1304,0.010003
2015-02-05,8.0,8.0,7.84,7.96,33126.22,26189.4648,0.009625
2015-02-06,7.95,7.95,7.8,7.9,30541.39,24034.2873,0.008874
2015-02-09,7.94,7.94,7.51,7.56,45732.86,35248.8689,0.013288
2015-02-10,7.45,7.82,7.28,7.82,49229.11,36639.419,0.014303999999999999
2015-02-11,7.67,7.78,7.57,7.7,32184.6,24835.382,0.009352000000000001
2015-02-12,7.64,7.77,7.64,7.72,28587.8,22030.6809,0.008306000000000001
2015-02-13,7.77,8.24,7.71,8.1,127321.64,102188.2301,0.036995
2015-02-16,8.15,8.25,8.14,8.2,86966.6,71285.8444,0.025269
2015-02-17,8.27,8.91,8.16,8.66,148012.46,127566.1703,0.043007
2015-02-25,8.66,8.75,8.52,8.68,68619.2,59304.9661,0.019938
2015-02-26,8.7,8.87,8.58,8.7,70445.1,61348.037,0.020469
2015-02-27,8.7,9.09,8.6,8.92,136641.3,122313.8297,0.039703
2015-03-02,9.06,9.81,9.0,9.81,76794.13,74422.4644,0.022313
2015-03-03,10.5,10.5,9.8,10.04,307512.25,312566.8137,0.089351
2015-03-04,9.96,10.28,9.6,10.11,123021.73,122470.196,0.035745
2015-03-05,10.1,10.88,9.92,10.62,163261.62,171557.384,0.04743699999999999
2015-03-06,10.79,10.8,10.0,10.0,116742.45,120525.5977,0.033921
2015-03-09,9.95,10.72,9.5,10.35,151369.76,154947.2674,0.043982
2015-03-10,10.44,10.66,10.25,10.35,84466.15,88412.8128,0.024543
2015-03-11,10.34,10.35,9.81,9.9,132543.59,132993.8815,0.038512
2015-03-12,9.99,10.22,9.57,9.8,84048.97,83346.2858,0.024420999999999998
2015-03-13,9.84,10.15,9.78,9.98,73905.05,73570.9762,0.021474000000000004
2015-03-16,10.05,10.65,10.05,10.65,154153.98,159504.4198,0.044791
2015-03-17,10.65,11.72,10.46,11.28,214630.45,240745.9534,0.062363
2015-03-18,11.29,11.56,11.01,11.3,119944.78,135410.3803,0.034851
2015-03-19,11.29,11.65,11.1,11.63,132279.43,150032.6831,0.038435000000000004
2015-03-20,11.65,11.99,11.3,11.64,116449.86,135559.4418,0.033836
2015-03-23,11.58,11.97,11.35,11.75,149583.32,175055.7418,0.043463
2015-03-24,11.7,11.77,10.98,11.3,146519.35,166340.6599,0.042573
2015-03-25,11.34,11.39,11.04,11.15,104645.66,117281.8222,0.030406
2015-03-26,11.09,11.7,11.02,11.42,204372.87,232089.6031,0.059383
2015-03-27,11.38,11.45,10.98,11.22,97257.18,108719.4971,0.028259
2015-03-30,11.18,11.21,10.83,11.01,126253.95,139040.9519,0.036684
2015-03-31,11.02,11.29,11.01,11.16,112630.23,125572.4122,0.032726000000000005
2015-04-01,11.25,12.28,11.25,12.16,233644.06,279901.7896,0.067888
2015-04-02,12.04,12.25,11.85,12.21,124586.9,150548.2745,0.0362
2015-04-03,12.11,13.0,12.0,12.57,142789.34,179647.9918,0.041489000000000005
2015-04-07,12.48,12.68,12.35,12.55,106190.74,132564.0535,0.030855
2015-04-08,12.54,12.59,11.7,12.0,136851.44,165747.4926,0.039764
2015-04-09,11.99,12.0,10.95,11.75,172651.1,197720.8353,0.050166
2015-04-10,11.54,12.71,11.47,12.51,163774.4,200682.5659,0.047586
2015-04-13,12.7,13.74,12.37,13.51,177949.04,236046.3989,0.051704999999999994
2015-04-14,14.25,14.86,13.51,13.54,279199.51,400029.7325,0.08112399999999999
2015-04-15,13.1,13.45,12.56,12.85,134750.76,176013.5981,0.039153
2015-04-16,12.83,13.58,12.42,13.14,100881.27,132330.9394,0.029312
2015-04-17,13.35,13.39,12.92,12.98,101119.88,132218.9716,0.029381
2015-04-20,13.02,13.15,12.15,12.28,139509.45,175744.5239,0.040536
2015-04-21,12.22,13.25,12.18,13.22,137782.28,176665.532,0.040034
2015-04-22,13.9,13.9,13.18,13.56,173961.69,236290.6726,0.050546
2015-04-23,13.38,14.5,13.38,14.15,186469.05,261486.4225,0.054181
2015-04-24,13.94,14.58,13.39,13.76,183177.84,253946.4782,0.053224
2015-04-27,13.6,13.63,13.06,13.36,138002.25,183926.4134,0.040098
2015-04-28,13.35,13.35,12.03,12.45,173022.62,218570.7739,0.050274
2015-04-29,12.4,12.85,12.28,12.62,84786.12,107390.7942,0.024636
2015-04-30,12.8,13.2,12.65,12.86,131036.56,168940.3562,0.038074
2015-05-04,13.04,13.09,12.55,12.87,89508.13,114528.9738,0.026008
2015-05-05,12.78,13.02,12.08,12.16,71743.56,89885.3572,0.020846
2015-05-06,12.15,13.03,12.15,12.37,87214.53,110200.1216,0.025341
2015-05-07,12.4,12.7,12.26,12.4,58303.44,73021.0477,0.016940999999999998
2015-05-08,12.51,12.98,12.3,12.95,149438.9,190344.7815,0.043421
2015-05-11,13.03,13.65,12.92,13.19,241487.18,319919.1438,0.07016700000000001
2015-05-12,13.5,14.47,13.22,14.2,241224.55,332155.4816,0.07009
2015-05-13,14.0,15.62,13.6,15.07,241035.24,359962.0658,0.070035
2015-05-14,15.19,15.97,14.6,14.68,185870.72,283211.7789,0.054007
2015-05-15,14.98,16.15,14.98,16.15,248704.55,389160.5364,0.072264
2015-05-18,16.78,17.77,16.3,17.77,198788.04,344108.2867,0.05776
2015-05-19,18.6,18.88,17.0,17.27,261105.03,458078.3031,0.075867
2015-05-20,17.45,18.88,17.39,17.76,209528.19,383168.349,0.060881
2015-05-21,17.5,18.8,17.47,18.04,161122.48,292111.9874,0.046816
2015-05-22,18.3,18.42,16.88,17.7,189638.05,331621.1065,0.055101000000000004
2015-05-25,17.26,18.43,16.8,18.02,158719.44,281140.5791,0.046118
2015-05-26,18.39,19.77,18.39,18.65,200671.39,380344.7147,0.058307000000000005
2015-05-27,18.68,19.2,17.81,18.49,176378.8,324608.5115,0.051249
2015-05-28,18.3,19.81,17.8,17.81,193503.55,365906.0877,0.056225
2015-05-29,17.83,19.2,16.81,18.4,134749.79,245995.6347,0.039153
2015-06-01,18.97,20.24,18.71,20.24,193843.38,374934.2526,0.056323
2015-06-02,20.96,22.26,20.22,22.2,228219.0,490426.9111,0.066312
2015-06-03,22.18,22.8,20.49,21.0,178304.57,381777.1624,0.05180799999999999
2015-06-04,21.2,22.4,18.9,20.98,152156.01,316572.8289,0.044211
2015-06-05,21.3,21.8,20.06,20.92,142198.66,298330.5254,0.041317000000000006
2015-06-08,20.92,21.3,18.89,19.44,160355.67,318616.8561,0.046593
2015-06-09,19.45,20.19,18.79,19.6,131819.93,255249.7969,0.038302
2015-06-10,19.5,20.39,19.1,20.15,125631.49,249702.4348,0.036504
2015-06-11,20.0,20.29,19.36,19.73,149795.31,294548.5612,0.043525
2015-06-12,19.61,20.27,19.35,20.0,140388.29,278088.7712,0.040791
2015-06-15,20.0,20.39,18.7,18.91,115679.75,226916.7579,0.033612
2015-06-16,18.5,18.57,17.1,17.27,118486.99,209843.7684,0.034428
2015-06-17,17.26,17.67,15.81,17.41,132772.57,223351.5443,0.038579
2015-06-18,17.58,17.58,16.0,16.01,123388.82,208091.2111,0.035852
2015-06-19,16.0,16.0,14.41,14.41,134637.34,200683.4576,0.03912
2015-06-23,14.42,15.0,13.11,14.69,103569.9,149225.6111,0.030093
2015-06-24,14.98,16.16,14.98,16.16,142733.02,220321.532,0.041473
2015-06-25,16.2,16.77,15.49,15.69,142540.49,232148.3922,0.041417
2015-06-26,15.3,15.3,14.12,14.12,110794.05,159330.7625,0.032192
2015-06-29,14.6,14.71,12.71,12.71,135510.95,179122.5659,0.039374
2015-06-30,12.05,13.68,11.44,13.35,177626.99,220630.7322,0.051611000000000004
2015-07-01,13.0,14.11,12.08,12.08,187448.08,250820.1165,0.054465000000000006
2015-07-02,12.11,12.36,10.87,10.87,149252.68,169517.7064,0.043367
2015-07-03,9.83,10.79,9.78,9.8,194847.38,193848.5656,0.056615
2015-07-13,10.78,10.78,10.78,10.78,25883.1,27901.9818,0.007521
2015-07-14,11.86,11.86,11.86,11.86,24906.28,29538.8481,0.007237
2015-07-15,12.6,12.6,10.67,11.35,271053.5,311098.4784,0.078758
2015-07-16,11.35,11.95,10.23,11.33,153127.7,173266.8435,0.044493
2015-07-17,11.35,12.41,11.35,12.28,117246.77,140181.1399,0.034067
2015-07-20,12.22,13.51,12.15,13.51,256456.92,338525.8408,0.074516
2015-07-21,13.38,14.49,12.8,14.18,229408.82,318171.5877,0.06665700000000001
2015-07-22,13.61,14.21,13.25,13.8,201295.9,276462.3758,0.058489000000000006
2015-07-23,13.6,14.16,13.33,13.97,166702.88,229515.4441,0.048437
2015-07-24,14.2,14.95,13.92,14.27,226833.36,329757.3194,0.06590900000000001
2015-07-27,14.12,15.08,12.84,12.84,217506.81,306417.2818,0.06319899999999999
2015-07-28,12.25,12.82,11.56,11.56,202749.42,238036.6011,0.058911
2015-07-29,11.56,12.72,11.0,12.7,128018.99,150292.1081,0.037197
2015-07-30,12.9,13.88,12.57,12.59,291683.4,387858.5541,0.084752
2015-07-31,12.0,12.46,11.5,11.86,194740.82,232726.5681,0.056584
2015-08-03,11.82,12.21,11.0,11.65,144441.0,168451.8631,0.041969000000000006
2015-08-04,11.5,12.53,11.4,12.51,150233.46,181322.4072,0.043651999999999996
2015-08-05,12.9,13.76,12.77,13.28,363066.3,489309.8163,0.105493
2015-08-06,12.92,14.61,12.72,14.42,432744.34,617587.0152,0.125739
2015-08-07,14.2,14.98,14.03,14.68,263156.88,381555.025,0.076463
2015-08-10,14.94,16.09,14.69,15.82,205926.89,318325.9497,0.059834
2015-08-11,16.15,16.55,14.98,15.6,316433.18,501478.2129,0.091943
2015-08-12,15.48,15.59,14.68,14.74,199421.41,300972.5726,0.057944
2015-08-13,14.6,15.43,14.3,15.3,164527.98,243675.5314,0.047805
2015-08-14,15.35,15.74,14.8,15.01,158760.55,242767.5038,0.046130000000000004
2015-08-17,15.14,15.4,14.9,15.36,118109.4,179848.5223,0.034318
2015-08-18,15.5,15.87,13.82,13.82,165069.03,246176.682,0.047963
2015-08-19,13.3,14.21,12.44,13.7,197406.04,260140.7956,0.057358
2015-08-20,13.72,13.72,12.82,13.03,123468.83,163244.1987,0.035875
2015-08-21,12.65,14.32,11.73,11.73,158769.39,198730.2112,0.046132
2015-09-09,11.01,12.49,11.01,12.05,323394.37,378909.6745,0.094003
2015-09-10,11.6,12.18,11.45,11.69,159014.25,188032.5125,0.046222000000000006
2015-09-11,11.68,11.98,11.18,11.26,104527.26,120046.6252,0.030384
2015-09-14,11.4,11.61,10.13,10.13,113922.72,122568.4216,0.033115
2015-09-15,9.65,9.65,9.12,9.12,70809.51,65602.5301,0.020583
2015-09-16,8.81,10.03,8.67,9.79,179220.67,166271.7153,0.052095
2015-09-17,9.61,9.95,9.0,9.0,223698.84,215019.3421,0.065024
2015-09-18,9.18,9.27,8.69,9.1,107543.84,96445.5081,0.031259999999999996
2015-09-21,9.08,10.01,8.9,10.01,176237.51,171136.422,0.051227999999999996
2015-09-22,10.18,10.55,9.9,10.05,166206.38,169549.1872,0.048312
2015-09-23,9.82,10.4,9.7,9.94,116454.13,116540.7107,0.03385
2015-09-24,9.88,10.93,9.88,10.93,218501.68,226673.6502,0.063513
2015-09-25,10.84,11.46,10.42,11.1,272639.09,301665.8567,0.07925
2015-09-28,11.3,12.02,11.01,11.82,236340.46,274173.4954,0.068698
2015-09-29,11.5,11.7,10.89,11.2,151330.91,172043.2864,0.043988
2015-09-30,11.5,11.53,10.4,10.62,220776.02,239452.9434,0.064174
2015-10-08,10.98,11.44,10.79,11.14,163475.81,180927.6398,0.047518000000000005
2015-10-09,11.05,11.7,11.0,11.46,150852.94,170531.3354,0.043849
2015-10-12,11.62,12.34,11.62,12.13,211368.1,254334.9909,0.06144
2015-10-13,12.05,13.1,11.86,12.6,186731.83,233009.6136,0.05427800000000001
2015-10-14,12.29,12.56,12.0,12.0,163458.45,199226.4515,0.047513
2015-10-15,11.9,12.5,11.81,12.5,132839.65,162675.648,0.038613
2015-10-16,12.48,13.4,12.42,12.81,165129.01,212249.9552,0.047999
2015-10-19,12.85,13.3,12.29,13.08,233822.56,297477.1793,0.067966
2015-10-20,13.1,13.2,12.8,13.08,152860.78,199302.2052,0.044433
2015-10-21,13.09,13.15,11.88,12.27,194315.32,242496.6567,0.056483
2015-10-22,12.24,12.51,11.63,12.32,162200.11,197901.8714,0.047148
2015-10-23,12.6,12.61,11.9,12.41,163933.16,201042.2342,0.047651000000000006
2015-10-26,12.5,12.98,12.24,12.79,159488.22,201103.6672,0.046359000000000004
2015-10-27,12.7,13.13,12.0,12.95,174257.66,220564.4528,0.050652
2015-10-28,12.67,12.95,12.27,12.31,120413.67,152109.3957,0.035001000000000004
2015-10-29,12.58,12.6,12.21,12.34,80369.89,99797.2994,0.023361999999999997
2015-10-30,12.3,12.5,12.1,12.26,73477.34,90318.2361,0.021358000000000002
2015-11-02,11.59,12.05,11.48,11.49,91536.67,107953.8727,0.026607
2015-11-03,11.54,11.65,11.03,11.47,109510.24,124599.3,0.031832
2015-11-04,11.47,12.4,11.42,12.15,137135.03,163068.5497,0.039862
2015-11-05,12.1,12.2,11.69,11.82,136839.9,163338.2848,0.039776
2015-11-06,11.79,13.0,11.77,13.0,222864.25,279552.4606,0.064781
2015-11-09,13.05,13.45,12.8,12.98,306549.42,401040.0765,0.089106
2015-11-10,13.01,13.65,12.9,13.4,222501.28,294277.6403,0.064676
2015-11-11,13.3,13.37,13.0,13.18,144381.74,190170.0805,0.041968
2015-11-12,13.38,14.32,13.38,13.85,280316.65,385372.7904,0.081481
2015-11-13,13.71,14.93,13.6,14.24,310664.58,446640.3933,0.09030300000000001
2015-11-16,13.9,14.68,13.71,14.63,223767.55,318171.8501,0.065044
2015-11-17,14.9,15.28,13.6,13.85,267293.2,385693.1643,0.077696
2015-11-18,13.88,14.14,13.41,13.51,119560.48,164727.4274,0.034753
2015-11-19,13.51,13.99,13.38,13.94,121307.32,166889.5201,0.035261
2015-11-20,14.01,14.25,13.75,13.99,138765.49,194814.0823,0.040336
2015-11-23,13.88,14.13,13.14,13.35,145098.28,196986.7838,0.042177
2015-11-24,13.36,14.54,13.21,14.54,146278.69,200947.6314,0.042519999999999995
2015-11-25,14.25,14.81,14.1,14.64,189501.5,272997.5198,0.055083
2015-11-26,14.65,14.7,14.11,14.11,169202.92,244056.3886,0.049183000000000004
2015-11-27,13.9,14.05,12.7,12.75,135281.61,181755.0542,0.039323000000000004
2015-11-30,12.75,12.89,11.8,12.54,108716.28,134763.9198,0.031601
2015-12-01,12.5,12.92,12.23,12.65,143676.77,181447.6255,0.041763
2015-12-02,12.66,12.68,11.82,12.24,84166.29,103250.399,0.024465
2015-12-03,12.3,12.79,12.22,12.71,92734.46,115666.6968,0.026956
2015-12-04,12.66,13.13,12.52,12.76,124089.56,159245.7109,0.036070000000000005
2015-12-07,12.98,13.5,12.57,13.08,116258.44,152540.0575,0.033793000000000004
2015-12-08,12.99,13.62,12.61,13.5,136735.67,179692.4529,0.039746000000000004
2015-12-09,13.35,13.75,13.28,13.72,132714.96,179520.3263,0.038577
2015-12-10,13.99,15.0,13.81,14.19,316382.88,451736.1036,0.091965
2015-12-11,13.98,14.18,13.6,13.91,108191.23,150722.0284,0.031449
2015-12-14,13.95,14.67,13.95,14.29,124791.04,178376.013,0.036274
2015-12-15,14.31,14.68,14.03,14.56,148364.42,212658.8256,0.043126
2015-12-16,14.52,15.16,14.52,14.77,173384.62,258382.6945,0.050399
2015-12-17,14.73,16.0,14.73,15.59,235621.95,361564.8325,0.06849
2015-12-18,15.55,16.59,15.45,15.75,185582.76,296721.6421,0.053944
2015-12-21,15.62,15.85,14.94,15.24,187918.47,286210.6524,0.054623
2015-12-22,15.27,16.22,14.91,15.91,164359.07,254462.8275,0.047775
2015-12-23,15.72,15.9,15.1,15.16,112878.33,174237.1851,0.032811
2015-12-24,15.0,15.18,14.38,14.65,119868.63,176132.9133,0.034843
2015-12-25,14.84,15.03,14.58,14.8,68780.62,101607.179,0.019993
2015-12-28,14.9,14.98,14.4,14.4,92039.77,135461.8777,0.026753999999999997
2015-12-29,14.42,15.33,14.05,14.98,166449.44,247924.1143,0.048383
2015-12-30,15.08,15.55,15.02,15.5,182717.81,280686.2598,0.053112000000000006
2015-12-31,15.69,16.26,15.6,15.73,197257.05,314933.4638,0.05733799999999999
2016-01-04,15.7,16.23,14.17,14.19,152843.55,238573.663,0.044428
2016-01-05,13.17,14.86,13.17,14.67,200073.68,282243.6989,0.05815699999999999
2016-01-06,14.75,16.14,14.75,16.14,277159.77,432859.4268,0.080564
2016-01-07,16.0,16.0,14.53,14.53,53917.3,82630.4257,0.015672
2016-01-08,15.1,15.98,14.28,15.98,330100.59,511775.1209,0.095952
2016-01-11,15.35,16.9,15.0,15.32,345668.63,557635.252,0.10047700000000001
2016-01-12,14.3,15.96,13.79,13.79,277643.81,410783.1494,0.080704
2016-01-13,13.55,14.28,12.41,12.41,230239.74,303087.4376,0.066925
2016-01-14,11.52,13.26,11.4,13.05,217651.39,264878.1618,0.063266
2016-01-15,12.8,13.51,12.43,12.7,159731.84,208576.0324,0.04643
2016-01-18,12.5,12.9,11.5,12.64,168813.86,206435.7967,0.04907
2016-01-19,12.35,13.41,12.05,13.17,154713.86,197674.524,0.044972000000000005
2016-01-20,13.0,13.57,12.66,13.16,139277.73,183379.6171,0.040485
2016-01-21,12.83,13.29,11.85,12.0,121417.59,153838.1718,0.035293
2016-01-22,12.0,12.47,10.9,12.14,149501.74,175941.07,0.043456
2016-01-25,12.12,12.69,12.1,12.28,120017.33,148046.2816,0.034886
2016-01-26,12.48,12.8,11.16,11.56,150544.9,185325.8774,0.04376
2016-01-27,11.35,11.6,10.5,11.27,139175.02,152125.6392,0.040455
2016-01-28,11.0,11.18,10.14,10.17,105053.92,112506.7595,0.030537
2016-01-29,10.06,11.19,9.81,11.09,105756.38,113433.2887,0.030741
2016-02-01,11.14,11.14,10.24,10.56,84255.05,89690.944,0.024491
2016-02-02,10.6,11.29,10.6,11.02,156680.44,171484.9354,0.04554299999999999
2016-02-03,10.71,11.13,10.57,10.95,78794.6,85563.9982,0.022904
2016-02-04,11.27,11.66,10.97,11.41,90505.54,103561.569,0.026307999999999998
2016-02-05,11.41,12.1,11.41,11.75,80684.72,95298.9241,0.023452999999999998
2016-02-15,11.5,11.78,11.08,11.6,79111.84,90777.2916,0.022996
2016-02-16,12.0,12.76,11.85,12.76,123810.08,155217.8588,0.035989
2016-02-17,12.57,13.65,12.56,13.46,192935.75,255467.9629,0.056082
2016-02-18,13.41,14.04,13.28,13.36,139784.27,190231.6936,0.040632
2016-02-19,13.3,14.47,13.17,14.1,156817.59,216490.4143,0.045583
2016-02-22,14.6,15.26,14.21,14.69,184193.32,269695.1885,0.053540000000000004
2016-02-23,14.46,14.52,13.58,14.15,198307.98,277123.1425,0.05764300000000001
2016-02-24,14.0,14.19,13.41,13.9,121191.55,166659.3651,0.035227
2016-02-25,14.18,14.3,12.66,13.21,225327.79,306779.6776,0.065497
2016-02-26,13.45,13.56,12.4,13.16,152600.28,196986.8055,0.044357
2016-02-29,12.9,12.9,11.84,12.01,147119.16,176690.2347,0.042763999999999996
2016-03-01,11.51,12.85,11.5,12.49,127464.19,154408.3198,0.037051
2016-03-02,12.54,13.5,12.3,13.24,123663.96,160412.5599,0.035946
2016-03-03,13.2,13.5,12.9,12.99,120947.41,160380.4119,0.035156
2016-03-04,12.83,13.24,12.0,12.51,117537.78,148180.0021,0.034165
2016-03-07,12.63,13.0,12.44,12.67,86851.66,110617.0635,0.025246
2016-03-08,12.62,12.62,11.68,12.57,84977.88,103404.6483,0.024701
2016-03-09,12.15,12.87,12.02,12.7,97855.52,123427.1756,0.028443999999999997
2016-03-10,12.7,12.78,12.16,12.39,60189.06,74413.0197,0.017495
2016-03-11,12.13,12.4,11.9,12.4,67962.8,82464.1226,0.019755
2016-03-14,12.32,13.5,12.32,13.2,119570.58,156677.6225,0.034756
2016-03-15,13.0,13.39,12.82,12.91,82628.61,108332.5981,0.024018
2016-03-16,13.14,13.2,12.3,12.59,89769.56,113477.5432,0.026094
2016-03-17,12.65,13.85,12.61,13.85,222498.26,301270.8205,0.064675
2016-03-18,14.0,14.8,13.85,14.29,276120.02,393860.8289,0.080261
2016-03-21,14.38,14.9,14.01,14.83,234195.47,337632.8847,0.068075
2016-03-22,14.43,14.6,14.25,14.26,158608.73,228184.842,0.046104000000000006
2016-03-23,13.99,14.35,13.54,14.29,270485.76,376226.7995,0.078624
2016-03-24,14.0,14.25,13.7,13.9,154565.27,216676.4912,0.044927999999999996
2016-03-25,14.15,14.5,13.8,14.45,179361.17,253895.3562,0.052135999999999995
2016-03-28,14.5,14.97,13.85,14.09,185390.88,265745.2707,0.05388899999999999
2016-03-29,14.07,14.07,13.58,13.86,109039.91,149882.3258,0.031695
2016-03-30,14.18,14.46,13.8,14.39,152209.65,215442.8434,0.044244000000000006
2016-03-31,14.59,14.96,14.11,14.26,196518.28,286033.2831,0.057123
2016-04-01,14.15,14.4,13.78,14.03,106343.94,149093.2778,0.030912000000000002
2016-04-05,14.15,14.88,14.08,14.63,164027.82,238312.9024,0.047679
2016-04-06,14.47,15.3,14.43,14.96,199765.75,296548.9286,0.058067
2016-04-07,14.98,15.05,14.51,14.78,187345.91,276457.915,0.054457000000000005
2016-04-08,14.65,15.25,14.43,14.94,176642.48,261746.1774,0.051345999999999996
2016-04-11,15.1,15.72,14.96,15.35,195454.0,299115.3228,0.056814
2016-04-12,15.29,15.29,14.7,15.02,125045.52,186636.328,0.036348
2016-04-13,15.15,15.67,15.05,15.34,186094.19,284569.6097,0.054093
2016-04-14,15.34,15.42,14.91,15.29,103229.76,156551.7671,0.030005999999999998
2016-04-15,15.3,15.46,15.01,15.23,93815.32,142212.5758,0.02727
2016-04-18,14.99,15.0,14.48,14.84,111385.11,164170.2148,0.032376999999999996
2016-04-19,14.85,14.98,14.49,14.78,82955.62,121562.0943,0.024113000000000002
2016-04-20,14.81,14.94,13.51,14.09,100231.84,142285.6545,0.029135
2016-04-21,14.24,14.24,13.8,14.08,56122.51,78947.6019,0.016313
2016-04-22,14.1,14.3,13.83,14.27,49796.63,70003.0568,0.014486
2016-04-25,14.35,14.35,13.81,14.13,53733.7,75594.8381,0.015631
2016-04-26,14.25,14.53,14.09,14.51,105058.59,150763.0167,0.030562
2016-04-27,14.4,14.6,14.16,14.17,84759.5,121485.3106,0.024657
2016-04-28,14.24,14.24,13.6,13.98,76397.43,106358.3076,0.022224
2016-04-29,13.98,14.14,13.76,13.9,39227.15,54963.8929,0.011411
2016-05-03,14.0,14.45,13.78,14.39,78652.26,111755.9107,0.022879999999999998
2016-05-04,14.29,14.48,14.19,14.24,65373.71,93729.1857,0.019018
2016-05-05,14.35,14.38,13.89,14.18,100511.59,141648.0662,0.029239
2016-05-06,14.08,14.29,13.22,13.58,123955.88,168846.3148,0.03606
2016-05-09,13.48,13.48,12.4,12.61,75964.93,97490.1244,0.022099
2016-05-10,12.5,12.7,12.3,12.43,38796.15,48431.6689,0.011286000000000001
2016-05-11,12.64,12.77,12.5,12.73,74834.32,94840.4158,0.02177
2016-05-12,12.38,12.66,12.16,12.56,42605.99,52791.0964,0.012394
2016-05-13,12.7,13.06,12.56,12.71,45065.07,57741.1718,0.01311
2016-05-16,12.75,13.04,12.49,12.9,41860.0,53536.1773,0.012177
2016-05-17,12.95,13.63,12.8,13.36,86034.85,114268.8969,0.025028
2016-05-18,13.3,13.3,12.7,12.95,56954.86,73844.7929,0.016569
2016-05-19,13.07,13.29,12.88,13.0,37746.16,49393.9304,0.010981000000000001
2016-05-20,13.03,13.08,12.61,13.05,26940.11,34830.8715,0.007837
2016-05-23,13.02,13.3,13.01,13.18,45080.26,59451.7742,0.013113999999999999
2016-05-24,13.22,13.22,13.03,13.07,45467.56,59530.5859,0.013227
2016-05-25,13.34,13.53,13.08,13.23,68950.44,91939.021,0.020058
2016-05-26,13.24,13.25,12.41,13.06,71454.37,91930.0017,0.020787
2016-05-27,13.09,13.39,13.0,13.24,55497.28,73124.8451,0.016144000000000002
2016-05-30,13.2,13.47,13.0,13.3,36774.46,48888.0015,0.010698000000000001
2016-05-31,13.4,13.74,13.22,13.68,122543.56,166726.3382,0.035649
2016-06-01,13.7,13.85,13.5,13.8,107128.8,147056.6268,0.031164
2016-06-02,13.8,14.08,13.68,13.94,107929.35,149962.9413,0.031397
2016-06-03,13.9,14.22,13.81,14.09,102704.21,144265.0132,0.029876999999999997
2016-06-06,14.08,14.58,13.92,14.48,99477.81,141728.1522,0.028939
2016-06-07,14.68,15.35,14.65,14.76,260250.15,390474.0394,0.075708
2016-06-08,14.89,15.08,14.51,14.92,89365.32,132110.5149,0.025997
2016-06-13,14.6,14.7,13.99,13.99,120759.68,173185.956,0.03513
2016-06-14,13.68,14.09,13.68,14.04,47327.61,66069.3206,0.013768
2016-06-15,14.49,15.44,14.46,15.44,177856.2,273634.4727,0.051741
2016-06-16,16.8,16.98,16.79,16.98,229601.95,389227.5493,0.066794
2016-06-17,17.0,17.24,15.53,15.88,461826.75,754054.1935,0.134351
2016-06-20,15.95,17.47,15.71,17.47,437757.62,725884.4893,0.127349
2016-06-21,17.82,18.28,16.42,16.55,320694.54,549171.2447,0.093294
2016-06-22,16.23,17.65,16.08,17.27,219201.23,369238.0748,0.063768
2016-06-23,17.01,17.13,16.28,16.49,198153.62,328746.4768,0.057645
2016-06-24,16.53,17.18,15.38,16.42,228812.39,371486.5517,0.066564
2016-06-27,16.58,17.1,16.1,16.75,136931.56,227874.1615,0.039834999999999995
2016-06-28,16.5,16.68,16.1,16.48,149118.8,243948.3843,0.04338
2016-06-29,16.59,16.93,16.14,16.21,168673.32,278161.3277,0.049069
2016-06-30,16.4,16.4,15.97,16.09,122595.5,197597.3915,0.035665
2016-07-01,16.09,16.34,16.0,16.18,78737.98,127223.7283,0.022906
2016-07-04,16.54,16.83,16.29,16.66,186085.7,308515.1599,0.054135
2016-07-05,16.86,17.15,16.48,16.73,241165.53,405807.8024,0.070158
2016-07-06,16.6,17.29,16.5,16.92,192790.45,326627.2159,0.056085
2016-07-07,17.15,17.15,16.62,16.81,146936.74,246998.7776,0.042746000000000006
2016-07-08,16.66,16.75,16.38,16.44,105374.86,173991.5696,0.030655
2016-07-11,16.46,16.85,15.6,15.67,213140.66,340916.6003,0.062005
2016-07-12,15.54,15.77,15.0,15.55,155084.56,237532.1705,0.045115999999999996
2016-07-13,15.62,15.83,15.39,15.68,99400.63,155276.7773,0.028917
2016-07-14,15.69,16.15,15.6,16.02,118899.47,189799.3568,0.034589
2016-07-15,15.8,16.43,15.61,16.07,153826.73,246892.1486,0.04475
2016-07-18,15.92,16.4,15.88,16.27,84662.97,136726.3773,0.02463
2016-07-19,16.24,16.37,16.06,16.32,52539.94,85298.6402,0.015285
2016-07-20,16.33,16.75,16.21,16.53,101729.19,167854.7573,0.029594
2016-07-21,16.73,16.93,16.5,16.5,111840.44,187068.1326,0.032536
2016-07-22,16.9,17.44,15.75,16.11,245808.71,408526.0938,0.071509
2016-07-25,15.71,15.99,15.51,15.68,126432.49,198510.5266,0.036781
2016-07-26,15.61,15.89,15.58,15.78,67672.28,106763.6261,0.019687
2016-07-27,15.98,15.98,14.42,15.0,111900.25,170679.3735,0.032553
2016-07-28,15.07,15.18,14.49,14.88,68482.02,101523.2016,0.019922
2016-07-29,15.1,15.1,14.6,14.76,51644.68,76795.5693,0.015024
2016-08-01,14.99,14.99,14.1,14.75,57771.6,83502.894,0.016806
2016-08-02,14.75,15.44,14.6,15.07,75565.65,112853.3711,0.021983000000000003
2016-08-03,15.06,15.34,15.01,15.18,92090.73,140141.73,0.026789999999999998
2016-08-04,15.17,15.45,14.94,15.3,83418.76,126500.8062,0.024268
2016-08-05,15.2,15.53,15.13,15.34,76406.75,117570.5535,0.022227999999999998
2016-08-08,15.61,15.72,15.35,15.45,53944.1,83649.4933,0.015693
2016-08-09,15.38,15.84,15.38,15.76,74793.04,117389.8932,0.021758000000000003
2016-08-10,15.72,15.79,15.47,15.72,60323.53,94111.0313,0.017549
2016-08-11,15.72,15.82,15.2,15.31,60425.42,94466.5573,0.017578
2016-08-12,15.25,15.88,15.21,15.77,111958.39,175715.0732,0.03257
2016-08-15,15.77,16.28,15.57,16.05,115416.13,183830.9161,0.033576
2016-08-16,16.05,16.32,15.96,16.07,72178.95,116325.9833,0.020998000000000003
2016-08-17,16.06,16.65,15.99,16.5,99816.84,163239.307,0.029037999999999998
2016-08-18,16.38,16.66,16.28,16.45,73755.63,121321.1091,0.021456
2016-08-19,16.4,16.95,16.3,16.92,124830.37,208615.3322,0.036315
2016-08-22,17.0,17.12,16.05,16.07,115529.0,189732.2281,0.033609
2016-08-23,16.1,16.61,15.94,16.32,75104.9,122831.2846,0.021848999999999997
2016-08-24,16.43,17.0,16.32,16.52,120570.11,200778.2729,0.035074999999999995
2016-08-25,16.52,17.18,16.27,17.18,178492.41,299978.4665,0.051926
2016-08-26,17.0,17.01,16.58,16.67,143434.48,240346.9131,0.041727
2016-08-29,16.45,17.19,16.45,17.12,137644.54,231987.5146,0.040042
2016-08-30,16.95,17.05,16.4,16.5,117654.7,195930.7371,0.034227
2016-08-31,16.55,16.58,16.16,16.32,64697.38,105534.7218,0.018821
2016-09-01,16.32,16.47,16.08,16.09,59591.65,97005.2185,0.017336
2016-09-02,15.95,16.2,15.9,16.15,51060.4,81940.6832,0.014854000000000001
2016-09-05,16.47,16.47,15.78,15.85,68238.74,109544.4899,0.019851
2016-09-06,15.86,16.2,15.55,16.19,78168.93,124424.2797,0.02274
2016-09-07,16.41,17.2,16.33,16.65,286648.34,482842.093,0.08339
2016-09-08,16.5,16.79,16.41,16.68,109511.06,181281.5685,0.031858
2016-09-09,16.52,16.74,16.3,16.3,72243.4,119504.1389,0.021016
2016-09-12,15.9,16.25,15.69,15.74,78121.73,124229.5516,0.022727
2016-09-13,15.96,16.02,15.5,15.88,53071.01,84063.7526,0.015439000000000001
2016-09-14,15.71,15.88,15.43,15.43,38851.41,60731.6667,0.011302000000000001
2016-09-19,15.5,15.72,15.42,15.55,33819.53,52624.4278,0.009839
2016-09-20,15.6,15.77,15.37,15.37,41310.99,64268.4364,0.012018
2016-09-21,15.38,15.58,15.3,15.5,53933.14,83434.0214,0.01569
2016-09-22,15.58,15.65,15.5,15.6,43891.75,68366.2535,0.012768999999999999
2016-09-23,15.7,15.94,15.48,15.57,67080.4,105367.5788,0.019515
2016-09-26,15.45,15.53,15.05,15.05,52788.38,80705.0967,0.015357
2016-09-27,15.04,15.77,15.01,15.54,42584.98,65036.8208,0.012388
2016-09-28,15.45,15.89,15.27,15.35,64947.12,100923.5143,0.018894
2016-09-29,7.05,7.05,6.75,6.8,81852.12,56083.5386,0.010824
2016-09-30,6.87,6.87,6.71,6.81,51312.68,34857.1056,0.006785
2016-10-10,6.82,7.03,6.82,7.0,79826.17,55596.9943,0.010556000000000001
2016-10-11,7.06,7.24,6.98,7.18,118735.05,84435.3552,0.015701
2016-10-12,7.17,7.19,7.08,7.11,79899.61,56914.7919,0.010565
2016-10-13,7.14,7.15,7.03,7.12,74799.88,53057.6186,0.009891
2016-10-14,7.16,7.18,7.02,7.17,76353.72,54281.6795,0.010096
2016-10-17,7.17,7.31,7.1,7.19,116296.67,84130.507,0.015378000000000001
2016-10-18,7.14,7.32,7.14,7.28,108839.58,79073.9317,0.014392
2016-10-19,7.28,7.32,7.14,7.22,81597.15,58967.9263,0.01079
2016-10-20,7.24,7.43,7.2,7.37,138890.46,102100.5872,0.018366
2016-10-21,7.32,7.36,7.06,7.18,128721.32,92565.3929,0.017020999999999998
2016-10-24,7.24,7.28,7.15,7.16,102061.36,73571.1115,0.013496
2016-10-25,7.18,7.26,7.13,7.23,98037.93,70686.0123,0.012964
2016-10-26,7.23,7.33,7.17,7.22,80027.33,57841.797,0.010582000000000001
2016-10-27,7.2,7.24,7.13,7.16,57295.81,41054.8302,0.007576
2016-10-28,7.15,7.41,7.14,7.26,113345.54,82090.3994,0.014988
2016-10-31,7.23,7.26,7.1,7.1,96963.71,69800.029,0.012822
2016-11-01,7.19,7.24,7.09,7.16,98343.18,70339.267,0.013004
2016-11-02,7.16,7.28,7.13,7.17,172954.82,124476.373,0.022869999999999998
2016-11-03,7.15,7.16,6.88,6.93,364226.89,254269.508,0.048163
2016-11-04,6.87,6.97,6.71,6.73,252335.03,172302.144,0.033367
2016-11-07,6.72,6.75,6.45,6.51,359938.02,235310.467,0.047596
2016-11-08,6.53,6.65,6.53,6.59,197724.9,130491.838,0.026146
2016-11-09,6.62,6.7,6.52,6.59,161842.96,107264.339,0.021401
2016-11-10,6.66,6.72,6.57,6.66,173285.29,115067.526,0.022914
2016-11-11,6.65,6.81,6.62,6.79,184873.41,124400.067,0.024446
2016-11-14,6.81,6.92,6.76,6.81,166180.44,113357.071,0.021974999999999998
2016-11-15,6.79,6.91,6.75,6.9,197672.27,135264.793,0.026139000000000003
2016-11-16,6.9,6.93,6.84,6.87,132638.95,91206.41,0.017539
2016-11-17,6.87,6.93,6.78,6.84,179890.74,123120.219,0.023787
2016-11-18,6.81,6.87,6.75,6.8,101652.81,69178.758,0.013442
2016-11-21,6.81,6.82,6.75,6.8,69080.13,46939.932,0.009134999999999999
2016-11-22,6.8,6.81,6.71,6.77,118484.19,79926.268,0.015668
2016-11-23,6.77,6.78,6.67,6.72,134345.69,90298.361,0.017765
2016-11-24,6.7,6.76,6.53,6.55,142133.35,94410.328,0.018795
2016-11-25,6.55,6.7,6.51,6.69,129395.74,85400.112,0.01711
2016-11-28,6.7,6.79,6.65,6.67,104150.28,69885.109,0.013772
2016-11-29,6.67,6.7,6.55,6.58,87275.08,57629.99,0.011541
2016-11-30,6.62,6.62,6.51,6.54,84882.12,55611.666,0.011224000000000001
2016-12-01,6.55,6.6,6.53,6.54,87005.45,57111.38,0.011505000000000001
2016-12-02,6.55,6.56,6.36,6.36,100474.0,64803.711,0.013286
2016-12-05,6.35,6.45,6.21,6.34,90930.22,57793.888,0.012024
2016-12-06,6.38,6.53,6.31,6.5,96631.98,61933.407,0.012778000000000001
2016-12-07,6.52,6.55,6.46,6.52,85723.49,55693.561,0.011335
2016-12-08,6.52,6.56,6.49,6.55,64335.69,42006.873,0.008507
2016-12-09,6.56,6.6,6.45,6.58,86115.77,56426.075,0.011387000000000001
2016-12-12,6.57,6.58,6.2,6.4,110048.29,70442.382,0.014552
2016-12-13,6.3,6.41,6.23,6.38,93725.12,59267.056,0.012394
2016-12-14,6.35,6.7,6.25,6.46,138044.24,88548.563,0.018254
2016-12-15,6.41,6.66,6.41,6.5,125313.62,81941.872,0.016571
2016-12-16,6.46,6.56,6.46,6.52,60500.06,39411.342,0.008
2016-12-19,6.52,6.58,6.45,6.55,102993.0,67060.409,0.013619000000000001
2016-12-20,6.56,6.75,6.51,6.73,191591.25,127367.082,0.025335
2016-12-21,6.71,6.79,6.6,6.7,156827.32,104795.066,0.020738
2016-12-22,6.7,7.17,6.55,7.03,569846.41,392038.341,0.075352
2016-12-23,6.9,6.99,6.52,6.6,428427.17,288162.157,0.056651999999999994
2016-12-26,6.59,6.7,6.52,6.63,159244.03,105219.25,0.021057000000000003
2016-12-27,6.7,6.75,6.61,6.71,141833.53,94788.673,0.018755
2016-12-28,6.71,6.88,6.62,6.72,142129.2,95471.11,0.018793999999999998
2016-12-29,6.78,6.78,6.59,6.65,91402.3,60635.99,0.012086
2016-12-30,6.67,6.74,6.64,6.66,94939.52,63504.348,0.012554000000000001
2017-01-03,6.7,6.71,6.63,6.66,75498.62,50246.054,0.009982999999999999
2017-01-04,6.65,6.65,6.48,6.58,163617.28,107121.069,0.021636000000000002
2017-01-05,6.57,6.58,6.5,6.54,73718.59,48223.638,0.009748
2017-01-06,6.53,6.59,6.49,6.56,97133.72,63538.484,0.012844
2017-01-09,6.54,6.55,6.39,6.48,100135.6,64797.934,0.013241000000000001
2017-01-10,6.46,6.48,6.41,6.47,61500.2,39632.711,0.008132
2017-01-11,6.49,6.52,6.44,6.45,61630.28,39945.183,0.00815
2017-01-12,6.45,6.49,6.41,6.42,35322.29,22766.848,0.004671
2017-01-13,6.42,6.44,6.2,6.24,139141.31,88234.03,0.018399000000000002
2017-01-16,6.3,6.3,5.62,6.05,162259.2,97284.268,0.021456
2017-01-17,6.01,6.18,5.9,6.13,118823.85,71781.727,0.015712
2017-01-18,6.15,6.44,6.08,6.37,138727.96,87052.371,0.018344
2017-01-19,6.46,6.54,6.28,6.47,145861.07,94010.555,0.019288
2017-01-20,6.4,6.57,6.39,6.44,79940.89,51635.772,0.010570999999999999
2017-01-23,6.44,6.75,6.4,6.53,109738.58,71792.694,0.014511000000000001
2017-01-24,6.53,6.7,6.49,6.56,110460.46,72462.316,0.014607000000000002
2017-01-25,6.56,6.62,6.47,6.59,77650.9,50888.228,0.010268
2017-01-26,6.59,6.75,6.55,6.73,131787.18,88062.015,0.017426999999999998
2017-02-03,6.88,6.88,6.64,6.72,91551.0,61471.666,0.012105999999999999
2017-02-06,6.7,6.75,6.64,6.72,51522.28,34468.301,0.0068130000000000005
2017-02-07,6.7,6.72,6.57,6.66,86728.26,57539.169,0.011468
2017-02-08,6.7,6.7,6.59,6.7,73795.49,49094.4,0.009758
2017-02-09,6.7,6.78,6.66,6.73,114742.65,77190.961,0.015173
2017-02-10,6.78,6.78,6.65,6.7,114255.37,76589.245,0.015108
2017-02-13,6.75,6.76,6.65,6.75,94773.23,63616.578,0.012532000000000001
2017-02-14,6.75,6.83,6.71,6.79,108920.47,73769.347,0.014403
2017-02-15,6.8,6.83,6.7,6.83,127622.49,86455.131,0.016876
2017-02-16,6.83,6.96,6.76,6.94,171303.29,118185.876,0.022652000000000002
2017-02-17,6.93,6.98,6.76,6.9,155736.34,106655.15,0.020593
2017-02-20,6.99,7.08,6.92,7.05,204446.58,143241.033,0.027035
2017-02-21,7.1,7.24,7.0,7.18,333169.48,238444.477,0.044056
2017-02-22,7.15,7.3,7.09,7.16,223470.0,160246.439,0.02955
2017-02-23,7.16,7.17,6.9,7.0,320024.49,223620.942,0.042317999999999995
2017-02-24,7.03,7.03,6.9,7.01,125698.2,87609.673,0.016621
2017-02-27,7.09,7.15,7.0,7.0,224305.7,158814.875,0.029661
2017-02-28,7.09,7.12,6.94,7.03,155570.18,109647.769,0.020571000000000002
2017-03-01,7.02,7.1,6.97,7.04,124306.41,87353.982,0.016437
2017-03-02,7.05,7.08,6.95,6.98,103135.19,72380.117,0.013637999999999999
2017-03-03,7.03,7.03,6.9,6.98,73514.13,51094.411,0.009721
2017-03-06,6.94,6.98,6.9,6.98,159050.68,110169.399,0.021032000000000002
2017-03-07,7.02,7.02,6.93,7.01,81942.08,57228.49,0.010835
2017-03-08,7.05,7.2,6.92,7.15,169338.42,119714.498,0.022392
2017-03-09,7.12,7.55,7.06,7.42,392227.45,286554.363,0.051864999999999994
2017-03-10,7.37,7.48,7.25,7.35,233943.7,171997.339,0.030935
2017-03-13,7.31,7.53,7.15,7.44,166198.24,122728.031,0.021977000000000003
2017-03-14,7.54,7.54,7.22,7.35,190218.22,140309.442,0.025153
2017-03-15,7.34,7.35,7.21,7.33,76885.22,55907.427,0.010166999999999999
2017-03-16,7.38,7.5,7.26,7.47,140815.73,103861.837,0.01862
2017-03-17,7.44,7.55,7.35,7.48,137703.53,102851.003,0.018209
2017-03-20,7.53,7.58,7.41,7.56,130890.6,98302.704,0.017308
2017-03-21,7.6,7.6,7.48,7.59,120341.76,90844.385,0.015913
2017-03-22,7.58,7.63,7.41,7.57,129968.17,97686.745,0.017186
2017-03-23,7.56,7.61,7.48,7.58,153496.77,116014.339,0.020297
2017-03-24,7.57,7.75,7.53,7.72,231833.98,178027.315,0.030656
2017-03-27,7.77,7.8,7.63,7.75,118019.98,90816.573,0.015606
2017-03-28,7.75,7.75,7.65,7.74,87136.08,67032.373,0.011522
2017-03-29,7.71,7.75,7.61,7.68,117585.8,90243.714,0.015549
2017-03-30,7.69,7.69,7.4,7.47,147483.29,110653.866,0.019502
2017-03-31,7.41,7.46,7.05,7.39,185198.11,134585.424,0.024489
2017-04-05,7.37,7.55,7.29,7.31,145731.41,108081.449,0.01927
2017-04-06,7.37,7.4,7.16,7.27,193777.04,141267.918,0.025623999999999997
2017-04-07,7.3,7.3,7.15,7.21,113791.21,81956.186,0.015047
2017-04-10,7.19,7.59,7.16,7.4,238246.98,177070.763,0.031504
2017-04-11,7.31,7.55,7.24,7.36,164570.08,121173.185,0.021762
2017-04-12,7.32,7.5,7.25,7.3,68605.59,50175.559,0.009072
2017-04-13,7.26,7.35,7.15,7.21,161292.37,116837.723,0.021328
2017-04-14,7.2,7.2,7.0,7.04,99568.86,70425.598,0.013166
2017-04-17,7.07,7.2,6.34,6.6,395981.74,257432.797,0.052362
2017-04-18,6.49,6.54,6.22,6.39,168958.33,107298.018,0.022342
2017-04-19,6.31,6.32,5.75,5.76,335547.42,196658.977,0.04437
2017-09-01,6.33,6.33,6.33,6.33,6384.0,4041.072,0.0008169999999999999
2017-09-04,6.96,6.96,6.96,6.96,11625.0,8091.0,0.001487
2017-09-05,7.66,7.66,7.6,7.66,963603.31,738102.54,0.12328
2017-09-06,7.89,8.43,7.84,8.43,946632.46,781409.258,0.12110900000000001
2017-09-07,9.27,9.27,8.88,9.08,1735688.3,1596468.045,0.222058
2017-09-08,9.33,9.64,8.58,8.58,2255618.88,2084756.655,0.288576
2017-09-11,8.99,9.23,8.67,8.99,2220065.47,1990143.522,0.284028
2017-09-12,8.9,9.6,8.68,8.9,2220284.94,2018578.917,0.284056
2017-09-13,8.68,8.81,8.45,8.64,1158611.15,995295.689,0.148229
2017-09-14,8.64,9.16,8.33,9.08,1582070.18,1387883.379,0.202405
2017-09-15,8.78,8.87,8.17,8.17,1413630.14,1185509.774,0.180855
2017-09-18,8.18,8.39,8.07,8.27,598455.34,494061.859,0.076564
2017-09-19,8.22,8.34,8.07,8.22,585518.02,478849.592,0.074909
2017-09-20,8.22,8.29,8.09,8.18,546799.46,447613.209,0.06995599999999999
2017-09-21,8.12,8.33,7.92,8.19,766267.19,624044.355,0.098034
2017-09-22,8.08,8.24,7.9,7.92,513268.93,413731.998,0.065666
2017-09-25,7.85,7.89,7.48,7.48,496064.12,381017.018,0.063465
2017-09-26,7.45,7.61,7.38,7.53,280777.04,210574.103,0.035922
2017-09-27,7.6,7.74,7.55,7.57,378525.5,289204.735,0.048427
2017-09-28,7.53,7.86,7.49,7.57,378795.2,290725.871,0.048462
2017-09-29,7.54,7.66,7.29,7.34,372285.69,277654.586,0.047629000000000005
2017-10-09,7.45,7.55,7.36,7.47,347210.03,258422.223,0.044421
2017-10-10,7.47,7.63,7.4,7.58,356661.69,268590.733,0.04563
2017-10-11,7.52,7.73,7.33,7.66,510300.09,384852.234,0.065286
2017-10-12,7.6,7.63,7.4,7.44,283345.89,212499.257,0.03625
2017-10-13,7.4,7.49,7.34,7.38,203110.44,150260.81,0.025985
2017-10-16,7.41,7.43,7.07,7.19,316516.23,228774.194,0.040494
2017-10-17,7.15,7.21,7.09,7.14,136352.39,97596.373,0.017444
2017-10-18,7.1,7.33,7.03,7.26,331773.89,239661.842,0.042446000000000005
2017-10-19,7.19,7.31,7.1,7.13,192130.4,138195.036,0.024581
2017-10-20,7.07,7.28,7.07,7.19,179821.12,129533.891,0.023006000000000002
2017-10-23,7.13,7.35,7.11,7.22,166977.4,120157.83,0.021363
2017-10-24,7.17,7.29,6.85,6.9,391238.01,274538.232,0.050054
2017-10-25,6.89,6.94,6.76,6.84,232444.5,158935.541,0.029738
2017-10-26,6.83,6.83,6.69,6.77,242956.3,164109.763,0.031083
2017-10-27,6.79,6.83,6.7,6.73,199675.61,134739.655,0.025546000000000003
2017-10-30,6.74,6.76,6.34,6.38,275524.87,178753.682,0.03525
2017-10-31,6.36,6.53,6.33,6.5,175035.36,113084.9,0.022393
2017-11-01,6.53,6.53,6.4,6.41,128366.02,83019.884,0.016423
2017-11-02,6.39,6.54,6.3,6.45,226860.1,146268.932,0.029024
2017-11-03,6.41,6.53,6.37,6.45,172009.8,111035.148,0.022006
2017-11-06,6.41,6.49,6.33,6.48,121351.36,77771.485,0.015525
2017-11-07,6.46,6.53,6.41,6.51,151257.99,97735.668,0.019351
2017-11-08,6.49,6.78,6.46,6.6,259500.76,171965.095,0.0332
2017-11-09,6.58,6.67,6.56,6.63,137701.71,91083.321,0.017617
2017-11-10,6.62,6.63,6.45,6.46,179240.4,116776.329,0.022931
2017-11-13,6.51,6.53,6.33,6.33,140669.29,89823.432,0.017997
2017-11-14,6.35,6.46,6.3,6.38,162599.0,103920.48,0.020802
2017-11-15,6.35,6.5,6.32,6.4,145595.0,93561.629,0.018627
2017-11-16,6.36,6.44,6.21,6.21,153861.2,97397.802,0.019684
2017-11-17,6.24,6.33,5.78,5.88,312351.31,187470.06,0.039961
2017-11-20,5.88,5.94,5.52,5.94,161902.4,92514.865,0.020713
2017-11-21,5.9,5.94,5.82,5.93,134223.0,78830.208,0.017172
2017-11-22,5.89,5.97,5.85,5.88,118461.42,69796.819,0.015156000000000001
2017-11-23,5.82,5.88,5.55,5.61,178993.6,101812.377,0.0229
2017-11-24,5.52,5.62,5.51,5.58,95340.69,53170.907,0.012198
2017-11-27,5.57,5.61,5.43,5.45,101806.6,56301.801,0.013025
2017-11-28,5.45,5.55,5.43,5.53,82315.69,45216.385,0.010530999999999999
2017-11-29,5.51,5.68,5.49,5.64,125525.4,69912.27,0.016059
2017-11-30,5.64,5.85,5.61,5.73,195452.19,112550.605,0.025005000000000003
2017-12-01,5.71,5.77,5.66,5.74,87893.39,50348.093,0.011245
2017-12-04,5.78,5.79,5.57,5.62,100425.6,57307.387,0.012848
2017-12-05,5.62,5.74,5.5,5.62,135842.72,76669.263,0.017379
2017-12-06,5.58,5.6,5.43,5.58,129175.82,71411.639,0.016526
2017-12-07,5.6,5.7,5.54,5.65,125515.4,70694.86,0.016058
2017-12-08,5.64,5.93,5.63,5.87,209634.1,121566.919,0.02682
2017-12-11,5.85,5.86,5.73,5.77,281712.08,162843.65,0.036041
2017-12-12,5.5,5.87,5.4,5.77,325123.48,183448.959,0.04159500000000001
2017-12-13,5.67,6.03,5.67,6.02,452540.52,268178.827,0.057897
2017-12-14,5.98,6.09,5.93,6.07,183531.59,110773.176,0.023479999999999997
2017-12-15,6.03,6.13,6.01,6.08,140140.88,85046.6,0.017929
2017-12-18,6.07,6.43,6.06,6.38,355732.37,224749.744,0.045510999999999996
2017-12-19,6.36,6.55,6.26,6.47,245800.67,157523.258,0.031446999999999996
2017-12-20,6.52,6.52,6.3,6.34,117738.65,75234.294,0.015063
2017-12-21,6.38,6.6,6.34,6.48,226798.01,147171.363,0.029016
2017-12-22,6.48,6.59,6.38,6.41,136414.7,88211.025,0.017452000000000002
2017-12-25,6.46,6.53,6.26,6.33,179818.2,114607.197,0.023005
2017-12-26,6.36,6.42,6.3,6.4,107735.16,68394.504,0.013783
2017-12-27,6.44,6.63,6.39,6.55,371699.3,241900.33,0.047554
2017-12-28,6.53,6.65,6.4,6.5,221950.78,145155.735,0.028395999999999998
2017-12-29,6.45,6.7,6.19,6.67,253787.78,163216.798,0.032469
2018-01-02,6.69,6.76,6.56,6.59,215742.68,143414.929,0.027601
2018-01-03,6.56,6.72,6.52,6.6,151913.72,101016.159,0.019435
2018-01-04,6.63,6.65,6.47,6.52,115003.52,75347.07,0.014713
2018-01-05,6.54,6.56,6.4,6.52,119929.18,77681.592,0.015343
2018-01-08,6.51,6.52,6.36,6.38,87998.0,56554.053,0.011257999999999999
2018-01-09,6.43,6.43,6.19,6.22,128300.2,80405.477,0.016413999999999998
2018-01-10,6.24,6.28,6.18,6.23,66397.0,41280.027,0.008495
2018-01-11,6.2,6.28,6.14,6.26,79539.59,49254.248,0.010176000000000001
2018-01-12,6.1,6.38,6.05,6.25,366539.79,227228.606,0.046894
2018-01-15,6.28,6.29,6.05,6.06,106084.0,65587.764,0.013571999999999999
2018-01-16,6.09,6.29,6.04,6.27,92800.9,57056.34,0.011873
2018-01-17,6.38,6.4,6.18,6.36,125392.0,79081.572,0.016042
2018-01-18,6.5,6.55,6.31,6.5,176114.12,113825.068,0.022531
2018-01-19,6.5,6.7,6.46,6.65,204459.73,134955.283,0.026158
2018-01-22,6.59,6.7,6.51,6.6,180451.2,119041.625,0.023086000000000002
2018-01-23,6.64,6.73,6.54,6.68,111679.4,74222.271,0.014288
2018-01-24,6.78,6.78,6.6,6.69,133213.02,88839.778,0.017043
2018-01-25,6.68,6.72,6.6,6.7,108922.2,72667.619,0.013935
2018-01-26,6.7,6.7,6.6,6.7,72421.38,48149.053,0.009265
2018-01-29,6.64,6.68,6.58,6.62,71776.2,47442.943,0.009183
2018-01-30,6.61,6.64,6.57,6.64,89824.0,59342.88,0.011492
2018-01-31,6.6,6.7,6.57,6.65,74176.4,48987.538,0.00949
2018-02-01,6.77,6.77,5.99,5.99,251916.0,156394.367,0.032229
2018-08-02,5.38,5.38,5.38,5.38,4095.0,2203.11,0.000524
2018-08-03,4.84,4.84,4.84,4.84,3089.0,1495.076,0.000395
2018-08-06,4.36,4.36,4.36,4.36,3626.0,1580.936,0.00046399999999999995
2018-08-07,3.92,3.92,3.92,3.92,9326.0,3655.792,0.001193
2018-08-08,3.53,3.8,3.53,3.53,1371416.23,487151.623,0.175454
2018-08-09,3.25,3.44,3.18,3.42,1235986.33,403538.954,0.158128
2018-08-10,3.4,3.46,3.29,3.35,587211.82,197939.31,0.075126
2018-08-13,3.3,3.36,3.25,3.32,381763.69,126025.928,0.048841999999999997
2018-08-14,3.31,3.36,3.26,3.31,394889.44,130806.25,0.050521
2018-08-15,3.35,3.39,3.29,3.35,367559.25,122248.662,0.047023999999999996
2018-08-16,3.33,3.34,3.24,3.24,284970.0,93830.489,0.036458
2018-08-17,3.27,3.28,3.03,3.05,485534.91,151943.748,0.062118
2018-08-20,3.11,3.15,2.88,3.12,484115.35,145164.07,0.061936
2018-08-21,3.16,3.16,3.02,3.1,367124.9,112828.121,0.046969000000000004
2018-08-22,3.1,3.19,3.03,3.16,438335.9,136790.987,0.056079
2018-08-23,3.19,3.25,3.12,3.19,489178.98,155743.026,0.062584
2018-08-24,3.21,3.28,3.15,3.23,516594.0,166070.348,0.066091
2018-08-27,3.21,3.25,3.17,3.25,420457.66,135032.116,0.053792
2018-08-28,3.24,3.47,3.21,3.38,783939.46,262536.892,0.10029500000000001
2018-08-29,3.33,3.45,3.28,3.38,513626.19,172704.4,0.065712
2018-08-30,3.45,3.49,3.34,3.39,562002.2,191391.479,0.075083
2018-08-31,3.35,3.7,3.26,3.48,743668.98,257623.603,0.099353
2018-09-03,3.52,3.56,3.35,3.45,558248.0,190858.382,0.074581
2018-09-04,3.46,3.55,3.4,3.45,529873.0,183143.394,0.070791
2018-09-05,3.45,3.54,3.4,3.47,557625.0,193844.688,0.074498
2018-09-06,3.48,3.54,3.41,3.49,478088.2,165563.869,0.063872
2018-09-07,3.46,3.53,3.45,3.53,433249.0,151018.629,0.057881999999999996
2018-09-10,3.52,3.54,3.48,3.53,330460.9,115783.453,0.044149
2018-09-11,3.58,3.58,3.46,3.51,269349.33,94437.133,0.035985
2018-09-12,3.49,3.53,3.36,3.48,468771.6,162458.186,0.062627
2018-09-13,3.51,3.54,3.41,3.47,383397.5,132739.03,0.051222000000000004
2018-09-14,3.48,3.48,3.41,3.42,310565.2,106790.923,0.041491
2018-09-17,3.43,3.54,3.4,3.51,638689.5,223050.544,0.085328
2018-09-18,3.54,3.86,3.52,3.72,972435.62,357904.57,0.129916
2018-09-19,3.82,4.07,3.8,3.87,900751.93,350114.983,0.12034
2018-09-20,3.84,3.97,3.72,3.83,653901.84,252393.145,0.08736100000000001
2018-09-21,3.84,3.9,3.75,3.77,502710.1,190607.823,0.067162
2018-09-25,3.8,3.85,3.71,3.72,386743.4,145561.783,0.051669
2018-09-26,3.72,3.75,3.65,3.69,384376.16,141551.457,0.051352
2018-09-27,3.72,3.81,3.62,3.74,610002.76,225391.729,0.081496
2018-09-28,3.74,3.9,3.71,3.85,657918.68,251466.188,0.087897
2018-10-08,3.8,3.92,3.73,3.85,582300.45,224825.809,0.077795
2018-10-09,3.85,3.89,3.78,3.79,336374.85,128142.09,0.044939
2018-10-10,3.81,3.84,3.7,3.72,313593.2,117305.746,0.041896
2018-10-11,3.7,3.74,3.35,3.43,535896.6,191737.451,0.071595
2018-10-12,3.34,3.36,3.09,3.35,482197.44,155266.843,0.064421
2018-10-15,3.32,3.33,3.15,3.19,305804.94,98262.327,0.040854999999999995
2018-10-16,3.21,3.27,3.06,3.14,265281.85,83469.606,0.035441
2018-10-17,3.16,3.18,2.9,3.06,291089.2,88351.901,0.038889
2018-10-18,3.01,3.01,2.75,2.81,384736.36,108804.077,0.051399999999999994
2018-10-19,2.72,2.83,2.63,2.77,325292.8,90140.622,0.043459000000000005
2018-10-22,2.82,2.94,2.78,2.86,355406.62,101947.673,0.047481999999999996
2018-10-23,2.9,2.99,2.88,2.9,370633.2,108277.096,0.049516
2018-10-24,2.9,2.92,2.84,2.86,246793.1,70963.788,0.032971
2018-10-25,2.79,2.87,2.72,2.86,352918.6,99470.62,0.04715
2018-10-26,2.9,2.91,2.82,2.86,192137.0,54961.396,0.025669
2018-10-29,2.86,2.86,2.77,2.79,135771.4,38067.5,0.018139000000000002
2018-10-30,2.79,2.83,2.74,2.8,152243.1,42445.957,0.020339999999999997
2018-10-31,2.8,2.84,2.79,2.82,238592.8,67325.716,0.031876
2018-11-01,2.84,3.04,2.83,2.92,440680.79,127550.395,0.058875000000000004
2018-11-02,2.93,2.99,2.88,2.95,500080.46,145965.205,0.06681
2018-11-05,2.92,2.99,2.9,2.96,284904.69,84015.532,0.038063
2018-11-06,2.96,2.96,2.87,2.91,251800.2,73152.715,0.033639999999999996
2018-11-07,2.9,2.97,2.88,2.96,502775.9,147408.743,0.06717
2018-11-08,2.95,3.05,2.93,3.01,408128.14,122270.721,0.054526000000000005
2018-11-09,2.99,3.03,2.96,3.0,264993.19,79458.204,0.035403
2018-11-12,3.0,3.15,2.98,3.13,424400.78,130663.456,0.0567
2018-11-13,3.1,3.4,3.09,3.27,628031.61,202214.965,0.08390399999999999
2018-11-14,3.24,3.47,3.2,3.32,555872.98,183736.415,0.074264
2018-11-15,3.25,3.33,3.21,3.28,488757.1,159746.268,0.065297
2018-11-16,3.29,3.36,3.23,3.32,399636.16,131639.211,0.053391
2018-11-19,3.27,3.3,3.2,3.23,279650.24,90453.542,0.037361
2018-11-20,3.22,3.28,3.09,3.12,350070.2,112032.199,0.046769
2018-11-21,3.11,3.34,3.07,3.31,504748.69,163044.089,0.06743400000000001
2018-11-22,3.29,3.38,3.22,3.24,498631.65,163649.361,0.066617
2018-11-23,3.24,3.26,3.07,3.1,370110.2,116318.381,0.049446000000000004
2018-11-26,3.1,3.2,3.08,3.13,228145.4,71646.267,0.03048
2018-11-27,3.14,3.17,3.03,3.06,304345.4,94347.657,0.04066
2018-11-28,3.06,3.09,3.02,3.09,284306.3,86889.335,0.037982999999999996
2018-11-29,3.09,3.09,2.91,2.96,289986.6,87101.231,0.038742
2018-11-30,3.02,3.02,2.85,2.93,286424.8,84323.186,0.038266
2018-12-03,3.0,3.14,2.96,3.13,369169.9,112897.466,0.049321000000000004
2018-12-04,3.11,3.15,3.06,3.08,242773.7,75062.417,0.032434
2018-12-05,3.0,3.23,2.99,3.22,525163.14,165070.821,0.070161
2018-12-06,3.22,3.22,3.08,3.09,350134.7,109840.914,0.04677800000000001
2018-12-07,3.1,3.13,3.04,3.08,254927.64,78420.366,0.034058000000000005
2018-12-10,3.07,3.07,2.92,2.95,219797.25,65611.711,0.029365000000000002
2018-12-11,2.97,3.03,2.97,3.0,150425.0,45074.456,0.020097
2018-12-12,3.0,3.27,2.99,3.12,479472.74,150535.984,0.064057
2018-12-13,3.18,3.22,3.08,3.11,367862.14,115624.634,0.049146
2018-12-14,3.13,3.17,2.98,3.0,296339.9,91231.261,0.039591
2018-12-17,3.01,3.03,2.94,2.97,206657.24,61642.673,0.027608999999999998
2018-12-18,2.95,3.0,2.89,2.95,157908.84,46436.061,0.021096
2018-12-19,2.95,2.97,2.86,2.89,133977.0,38946.269,0.017899
2018-12-20,2.87,2.92,2.85,2.9,113510.9,32816.456,0.015165
2018-12-21,2.88,2.93,2.87,2.91,139341.84,40459.321,0.018616
2018-12-24,2.9,2.91,2.84,2.88,144096.2,41511.534,0.019251
2018-12-25,2.84,2.96,2.69,2.91,297868.4,83274.927,0.039795
2018-12-26,2.91,2.93,2.87,2.9,114328.0,33067.624,0.015274000000000001
2018-12-27,2.94,2.95,2.82,2.85,130107.0,37480.503,0.017381999999999998
2018-12-28,2.85,2.86,2.78,2.84,130393.8,36757.498,0.01742
2019-01-02,2.83,2.9,2.79,2.86,136254.3,38654.213,0.018203
2019-01-03,2.87,2.87,2.83,2.84,93545.2,26633.725,0.012498
2019-01-04,2.81,2.94,2.78,2.88,209995.9,60281.34,0.028055
2019-01-07,2.88,2.95,2.88,2.93,221451.4,64586.396,0.029586
2019-01-08,2.92,2.98,2.91,2.98,162332.4,48035.962,0.021686999999999998
2019-01-09,2.98,3.07,2.94,2.95,240550.0,72217.178,0.032137
2019-01-10,2.92,3.01,2.91,2.98,214579.0,63584.241,0.028668
2019-01-11,2.95,3.07,2.95,3.01,265901.67,80040.714,0.035524
2019-01-14,3.0,3.03,2.98,3.01,144759.2,43557.633,0.01934
2019-01-15,3.0,3.01,2.96,3.0,134977.3,40374.648,0.018033
2019-01-16,3.01,3.01,2.96,2.97,138144.0,41210.932,0.018456
2019-01-17,2.97,3.07,2.93,3.07,365255.58,110165.961,0.048798
2019-01-18,3.08,3.11,3.01,3.02,248147.0,75329.304,0.033152
2019-01-21,3.02,3.06,2.99,3.03,122827.33,37142.699,0.01641
2019-01-22,3.04,3.04,2.95,2.95,191717.52,57042.016,0.025613
2019-01-23,2.94,3.0,2.9,2.94,143280.2,42134.607,0.019142
2019-01-24,2.92,2.96,2.91,2.94,137752.8,40445.961,0.018404
2019-01-25,2.94,2.95,2.88,2.88,112696.0,32844.473,0.015056
2019-01-28,2.88,2.93,2.82,2.83,165833.6,47545.32,0.022155
2019-01-29,2.81,2.83,2.59,2.72,293419.84,79098.824,0.039201
2019-01-30,2.69,2.73,2.63,2.68,238420.7,63915.553,0.031853
2019-01-31,2.69,2.69,2.41,2.41,497737.35,123633.736,0.066497
2019-02-01,2.4,2.57,2.4,2.57,337939.83,84713.213,0.045148
2019-02-11,2.6,2.7,2.58,2.67,273073.03,72375.097,0.036482
2019-02-12,2.7,2.75,2.69,2.72,210938.3,57200.866,0.028180999999999998
2019-02-13,2.72,2.82,2.69,2.77,280368.82,77688.475,0.037457
2019-02-14,2.78,2.84,2.75,2.84,236917.52,66181.256,0.031652
2019-02-15,2.83,2.85,2.78,2.81,212190.54,59534.436,0.028347999999999998
2019-02-18,2.82,2.95,2.8,2.93,358303.46,103002.93,0.047869
2019-02-19,2.95,3.01,2.87,2.92,357127.04,104535.503,0.047712000000000004
2019-02-20,2.91,2.95,2.88,2.93,229071.94,66830.766,0.030604
2019-02-21,2.94,3.04,2.87,2.97,464109.1,137874.997,0.062005
2019-02-22,2.97,3.09,2.94,3.09,410527.87,123594.104,0.054846000000000006
2019-02-25,3.09,3.4,3.05,3.4,614791.84,198721.48,0.082136
2019-02-26,3.52,3.63,3.3,3.41,1071684.3,368422.775,0.143176
2019-02-27,3.37,3.49,3.32,3.41,511325.64,174461.47,0.068313
2019-02-28,3.34,3.48,3.34,3.4,390156.25,133245.508,0.052125000000000005
2019-03-01,3.38,3.43,3.32,3.38,286609.49,96302.664,0.038291
2019-03-04,3.45,3.72,3.37,3.72,1084356.14,389107.93,0.144869
2019-03-05,3.9,3.9,3.66,3.75,1033289.96,388137.322,0.138047
2019-03-06,3.76,3.96,3.7,3.86,922394.98,350127.147,0.12323100000000001
2019-03-07,3.81,4.24,3.76,4.16,942603.64,376233.039,0.125931
2019-03-08,4.0,4.25,3.8,3.97,972148.52,398209.263,0.129878
2019-03-11,4.05,4.2,3.93,4.15,710816.88,287625.263,0.09496399999999999
2019-03-12,4.15,4.48,4.1,4.33,901083.16,387139.81,0.12038399999999999
2019-03-13,4.29,4.56,4.25,4.45,802672.67,354002.749,0.107236
2019-03-14,4.47,4.51,4.18,4.36,725315.99,313968.541,0.096902
2019-03-15,4.38,4.45,4.24,4.3,657999.34,283782.955,0.08790800000000001
2019-03-18,4.3,4.68,4.28,4.48,785535.78,350503.634,0.104947
2019-03-19,4.49,4.69,4.45,4.62,641302.9,293199.719,0.085677
2019-03-20,4.56,4.84,4.56,4.78,776474.98,364874.108,0.103736
2019-03-21,4.77,4.92,4.69,4.79,939075.36,449573.954,0.12546
2019-03-22,4.83,5.0,4.77,4.89,832582.13,404007.607,0.11123200000000001
2019-03-25,4.79,4.98,4.7,4.78,610263.8,295246.728,0.081531
2019-03-26,4.83,5.0,4.66,4.71,523844.18,250499.573,0.069985
2019-03-27,4.68,4.82,4.53,4.67,776595.75,361562.641,0.103752
2019-03-28,4.68,4.7,4.48,4.61,640601.72,295069.631,0.08558400000000001
2019-03-29,4.58,4.81,4.15,4.58,1411363.69,619093.145,0.18855699999999997
2019-04-01,4.56,4.57,4.41,4.45,1301384.21,579191.147,0.173864
2019-04-02,4.43,4.43,4.2,4.22,898287.93,383834.756,0.12000999999999999
2019-04-03,4.22,4.3,4.15,4.25,522796.15,221517.177,0.06984499999999999
2019-04-04,4.21,4.27,4.15,4.16,504623.04,211524.96,0.067417
2019-04-08,4.21,4.34,4.17,4.34,722663.45,308593.814,0.096547
2019-04-09,4.34,4.34,4.22,4.25,415097.65,177862.967,0.055457
2019-04-10,4.2,4.2,4.0,4.06,549106.2,223728.275,0.07336000000000001
2019-04-11,4.07,4.08,3.88,3.88,468532.7,186274.372,0.062596
2019-04-12,3.91,3.91,3.81,3.82,257937.2,99135.456,0.034460000000000005
2019-04-15,3.85,3.98,3.85,3.9,392876.99,154590.594,0.052488
2019-04-16,3.86,4.16,3.82,4.16,562760.76,227820.33,0.075184
2019-04-17,4.13,4.5,4.13,4.45,1120800.1,486906.745,0.149738
2019-04-18,4.42,4.9,4.35,4.79,1195378.44,565069.971,0.159701
2019-04-19,4.84,5.19,4.62,5.13,1054446.3,518143.272,0.140873
2019-04-22,4.99,5.2,4.88,4.93,986885.94,496228.647,0.131847
2019-04-23,5.0,5.35,4.89,5.18,857199.49,438966.119,0.114521
2019-04-24,5.15,5.61,4.94,4.94,1105314.06,592159.097,0.147669
2019-04-25,5.11,5.25,4.7,4.8,1120861.69,562513.726,0.14974600000000002
2019-04-26,5.01,5.15,4.85,5.07,887247.23,445701.401,0.109703
2019-04-29,4.95,5.25,4.56,4.56,1016786.86,501392.698,0.125719
2019-04-30,4.68,4.92,4.57,4.83,685915.05,326474.8,0.084809
2019-05-06,4.52,4.73,4.35,4.35,574398.0,258750.998,0.071021
2019-05-07,4.51,4.55,3.93,4.06,691629.7,291557.817,0.08551600000000001
2019-05-08,4.03,4.21,3.93,4.07,438248.49,179851.177,0.054187000000000006
2019-05-09,4.1,4.13,3.93,3.95,309936.58,124668.79,0.038321999999999995
2019-05-10,4.0,4.25,3.78,4.18,666261.19,271906.538,0.082379
2019-05-13,4.17,4.3,4.03,4.18,490737.52,203715.583,0.060677
2019-05-14,4.1,4.13,3.83,3.91,568117.53,225493.478,0.070244
2019-05-15,3.92,3.98,3.85,3.93,513200.2,200712.857,0.063454
2019-05-16,3.92,4.0,3.89,3.93,282366.66,110803.523,0.034913
2019-05-17,3.93,3.94,3.74,3.81,468852.6,179506.919,0.057971
2019-05-20,3.83,3.93,3.48,3.74,327497.02,120629.723,0.040492999999999994
2019-05-21,3.75,3.82,3.67,3.79,174502.6,66111.47,0.021575999999999998
2019-05-22,3.81,3.83,3.66,3.69,184789.4,69088.946,0.022848
2019-05-23,3.66,3.68,3.49,3.5,187425.2,66842.711,0.023174
2019-05-24,3.52,3.63,3.52,3.56,159162.36,56701.716,0.019679
2019-05-27,3.6,3.65,3.55,3.65,173541.56,62700.804,0.021457
2019-05-28,3.64,4.01,3.64,3.92,463080.95,177621.635,0.057256999999999995
2019-05-29,3.92,4.0,3.83,3.9,254387.04,99862.76,0.031453
2019-05-30,3.87,3.91,3.75,3.8,202782.4,77423.776,0.025072999999999998
2019-05-31,3.83,3.9,3.78,3.8,237897.65,91181.539,0.029415
2019-06-03,3.78,3.88,3.76,3.86,182140.03,69715.473,0.02252
2019-06-04,3.85,3.89,3.77,3.83,124233.2,47338.604,0.015361
2019-06-05,3.84,3.9,3.76,3.79,145483.0,55570.134,0.017988
2019-06-06,3.84,3.84,3.67,3.74,119837.0,44690.861,0.014817
2019-06-10,3.76,3.8,3.7,3.79,160485.05,60279.08,0.019843
2019-06-11,3.79,4.14,3.79,4.12,552692.3,219397.472,0.06833700000000001
2019-06-12,4.1,4.31,4.1,4.29,510403.78,216369.523,0.063108
2019-06-13,4.3,4.53,4.22,4.44,544397.21,239220.407,0.067311
2019-06-14,4.45,4.54,4.06,4.12,458887.0,200634.224,0.056739
2019-06-17,4.22,4.31,4.2,4.26,281211.1,119568.059,0.03356
2019-06-18,4.34,4.35,4.1,4.22,281485.59,118328.355,0.033593000000000005
2019-06-19,4.3,4.44,4.05,4.15,439277.2,183489.721,0.052424
2019-06-20,4.13,4.21,4.1,4.16,350378.35,145667.007,0.041815
2019-06-21,4.18,4.35,4.06,4.1,425740.59,175877.795,0.050809
2019-06-24,4.13,4.13,4.01,4.04,196061.2,79287.746,0.023398
2019-06-25,4.04,4.07,3.91,3.98,181830.69,72060.712,0.0217
2019-06-26,3.99,4.06,3.93,4.06,197384.28,79403.775,0.023556
2019-06-27,4.07,4.1,4.02,4.02,168864.5,68366.591,0.020152999999999997
2019-06-28,4.04,4.04,3.85,3.89,155672.0,61147.464,0.018577999999999997
2019-07-01,3.96,3.99,3.89,3.93,181309.32,71253.424,0.021638
2019-07-02,3.91,4.09,3.86,4.04,230286.24,91234.598,0.027483
2019-07-03,4.02,4.03,3.96,3.98,138694.0,55306.677,0.016552
2019-07-04,4.0,4.01,3.91,3.96,101025.29,39935.156,0.012057
2019-07-05,3.95,3.99,3.93,3.98,102763.39,40672.742,0.012263999999999999
2019-07-08,3.99,3.99,3.61,3.73,177569.2,67616.457,0.021191
2019-07-09,3.74,3.77,3.64,3.75,108969.0,40375.01,0.013005
2019-07-10,3.75,3.76,3.65,3.69,91300.0,33802.605,0.010896
2019-07-11,3.71,3.73,3.63,3.65,89779.0,32981.339,0.010714
2019-07-12,3.66,3.77,3.65,3.77,113881.2,42239.557,0.013590999999999999
2019-07-15,3.85,3.96,3.8,3.91,276322.84,107216.078,0.032977
2019-07-16,3.92,3.93,3.8,3.84,178847.35,68760.55,0.021344
2019-07-17,3.84,3.84,3.75,3.78,183750.56,69627.79,0.021928999999999997
2019-07-18,3.76,3.76,3.63,3.64,134326.0,49456.579,0.016031
2019-07-19,3.63,3.7,3.63,3.67,89060.25,32596.473,0.010629
2019-07-22,3.68,3.68,3.51,3.52,115030.43,41037.729,0.013728
2019-07-23,3.54,3.58,3.52,3.58,81412.4,28856.262,0.009716
2019-07-24,3.58,3.67,3.56,3.61,100182.62,36321.438,0.011956
2019-07-25,3.63,3.69,3.57,3.65,114295.25,41658.396,0.013640000000000001
2019-07-26,3.65,3.65,3.58,3.61,77615.84,27979.176,0.009263
2019-07-29,3.66,3.66,3.57,3.59,74555.0,26801.42,0.008898
2019-07-30,3.58,3.63,3.57,3.58,89160.0,32042.581,0.010641000000000001
2019-07-31,3.58,3.58,3.53,3.57,60134.0,21391.489,0.007176
2019-08-01,3.53,3.56,3.51,3.54,60355.19,21308.17,0.007203
2019-08-02,3.5,3.5,3.29,3.35,170227.0,57405.592,0.020315
2019-08-05,3.35,3.4,3.29,3.33,97706.8,32813.2,0.011659999999999998
2019-08-06,3.25,3.27,3.05,3.15,180694.83,57144.214,0.021564
2019-08-07,3.19,3.32,3.16,3.32,208967.99,67780.773,0.024939
2019-08-08,3.32,3.39,3.27,3.27,130320.0,43049.969,0.015552999999999999
2019-08-09,3.3,3.38,3.3,3.34,134908.43,44994.536,0.0161
2019-08-12,3.38,3.38,3.32,3.36,99984.0,33402.484,0.011932
2019-08-13,3.34,3.39,3.3,3.36,98408.1,32988.259,0.011744000000000001
2019-08-14,3.4,3.43,3.35,3.38,114976.53,39012.605,0.013721
2019-08-15,3.32,3.46,3.26,3.41,172101.24,57698.822,0.020539
2019-08-16,3.43,3.54,3.39,3.49,180156.62,62432.98,0.0215
2019-08-19,3.52,3.74,3.51,3.68,235477.7,85449.386,0.028102000000000002
2019-08-20,3.69,3.76,3.65,3.71,212654.25,78995.109,0.025379
2019-08-21,3.77,3.84,3.67,3.69,327098.49,122387.191,0.03938
2019-08-22,3.71,3.74,3.64,3.68,188565.4,69533.385,0.022702
2019-08-23,3.69,3.71,3.61,3.64,167153.85,61156.25,0.020124
2019-08-26,3.56,3.99,3.51,3.89,495723.64,189301.713,0.059681
2019-08-27,3.87,4.11,3.87,4.04,447421.84,180222.17,0.053866
2019-08-28,4.07,4.24,4.02,4.15,398699.94,165412.727,0.048
2019-08-29,4.15,4.28,4.11,4.15,399357.99,166527.182,0.048079000000000004
2019-08-30,4.14,4.18,3.97,3.98,336895.65,136910.17,0.040559000000000005
2019-09-02,4.04,4.23,4.03,4.17,320470.16,133156.117,0.038582
2019-09-03,4.2,4.24,4.1,4.12,241386.2,100044.529,0.029061
2019-09-04,4.1,4.21,4.08,4.18,252134.6,105217.656,0.030355
2019-09-05,4.24,4.29,4.16,4.18,234098.26,98779.729,0.028184
2019-09-06,4.16,4.26,4.13,4.16,172600.22,71999.24,0.02078
2019-09-09,4.23,4.27,4.15,4.26,230967.7,97297.113,0.027807
2019-09-10,4.3,4.54,4.24,4.51,371701.41,162036.865,0.04475
2019-09-11,4.45,4.48,4.32,4.37,318904.03,139296.536,0.038393000000000004
2019-09-12,4.35,4.55,4.34,4.48,319557.18,142880.994,0.038472
2019-09-16,4.45,4.52,4.41,4.49,193561.0,86626.796,0.023302999999999997
2019-09-17,4.61,4.63,4.32,4.4,273958.34,122083.035,0.032982
2019-09-18,4.36,4.43,4.27,4.28,155182.44,67057.742,0.018683
2019-09-19,4.29,4.33,4.24,4.29,111369.95,47799.204,0.013408
2019-09-20,4.33,4.35,4.24,4.28,91797.4,39395.493,0.011052
2019-09-23,4.24,4.24,4.12,4.21,125234.05,52185.016,0.015077
2019-09-24,4.17,4.23,4.16,4.17,99014.0,41552.879,0.01192
2019-09-25,4.18,4.18,4.0,4.01,111417.0,45158.433,0.013413999999999999
2019-09-26,4.0,4.11,3.89,3.96,147540.6,58656.841,0.017763
2019-09-27,3.99,3.99,3.92,3.96,100971.0,39889.347,0.012156
2019-09-30,3.99,4.02,3.92,3.92,82466.0,32637.621,0.009928
2019-10-08,3.9,4.31,3.9,4.28,282289.59,116932.358,0.033985
2019-10-09,4.21,4.26,4.15,4.22,209284.5,88111.942,0.025196
2019-10-10,4.26,4.44,4.22,4.3,275728.2,119340.783,0.033195
2019-10-11,4.34,4.34,4.24,4.29,207928.15,89014.986,0.025033
2019-10-14,4.3,4.42,4.22,4.34,235103.59,101508.418,0.028304999999999997
2019-10-15,4.26,4.37,4.21,4.35,197351.39,84790.411,0.023759000000000002
2019-10-16,4.35,4.48,4.31,4.39,254831.28,112137.566,0.03068
2019-10-17,4.39,4.44,4.31,4.35,112821.2,49194.515,0.013583000000000001
2019-10-18,4.32,4.36,4.2,4.2,163590.4,69661.295,0.019695
2019-10-21,4.25,4.3,4.04,4.18,160204.57,66557.027,0.019287000000000002
2019-10-22,4.17,4.23,4.08,4.1,153321.6,63247.232,0.018459
2019-10-23,4.11,4.11,3.92,3.93,280641.63,112440.319,0.033787
2019-10-24,3.93,4.03,3.91,3.94,253418.63,100307.567,0.030510000000000002
2019-10-25,3.94,3.94,3.75,3.84,244243.35,93020.244,0.029405
2019-10-28,3.75,3.89,3.75,3.86,165135.86,63563.363,0.019881
2019-10-29,3.85,3.87,3.76,3.76,134769.85,51081.146,0.016225
2019-10-30,3.75,3.78,3.68,3.77,127626.9,47581.925,0.015365
2019-10-31,3.79,3.87,3.73,3.81,272984.66,103733.194,0.032865000000000005
2019-11-01,3.84,4.0,3.78,3.98,363795.62,141614.718,0.043798000000000004
2019-11-04,3.98,4.08,3.94,4.04,424859.37,170516.056,0.05115
2019-11-05,4.0,4.2,3.99,4.04,303777.15,123438.772,0.036572
2019-11-06,4.03,4.14,3.97,4.05,226394.0,91913.561,0.027256
2019-11-07,4.07,4.09,4.0,4.07,154924.0,62567.205,0.018652
2019-11-08,4.08,4.09,3.95,3.95,200643.8,80342.409,0.024156
2019-11-11,3.97,4.16,3.86,4.11,422995.79,171222.72,0.050925000000000005
2019-11-12,4.08,4.25,4.07,4.16,278990.61,115582.456,0.033588
2019-11-13,4.14,4.19,4.1,4.15,209492.14,86896.399,0.025221
2019-11-14,4.15,4.18,4.06,4.06,212690.05,87040.611,0.025606
2019-11-15,4.08,4.19,4.01,4.12,267925.2,110179.266,0.032256
2019-11-18,4.1,4.15,4.06,4.13,201652.48,82795.258,0.024277000000000003
2019-11-19,4.1,4.28,4.08,4.23,381722.83,160925.522,0.045956000000000004
2019-11-20,4.25,4.35,4.16,4.23,279731.39,118421.136,0.033677
2019-11-21,4.28,4.28,4.16,4.24,244350.61,102707.799,0.029418000000000003
2019-11-22,4.23,4.25,4.08,4.1,233834.2,97363.974,0.028152
2019-11-25,4.09,4.11,4.0,4.02,171770.0,69670.575,0.02068
2019-11-26,4.04,4.07,4.01,4.05,136035.2,54967.156,0.016378
2019-11-27,4.03,4.21,4.01,4.21,310187.25,127828.345,0.037344
2019-11-28,4.19,4.28,4.16,4.24,252996.05,106995.396,0.030459
2019-11-29,4.26,4.29,4.2,4.25,186212.0,78993.041,0.022418
2019-12-02,4.23,4.27,4.15,4.19,160176.6,67089.574,0.019284
2019-12-03,4.18,4.23,4.14,4.22,131970.34,55304.345,0.015888
2019-12-04,4.2,4.29,4.18,4.22,137691.4,58225.948,0.016576999999999998
2019-12-05,4.24,4.26,4.18,4.21,144881.89,61035.291,0.017443
2019-12-06,4.2,4.21,4.16,4.18,126627.19,52933.291,0.015245
2019-12-09,4.16,4.21,4.13,4.18,154240.69,64438.91,0.018569
2019-12-10,4.17,4.19,4.14,4.17,139391.4,58076.381,0.016782
2019-12-11,4.18,4.18,4.03,4.03,192198.01,78589.009,0.023139
2019-12-12,3.95,4.03,3.85,3.99,194641.23,77146.685,0.023433000000000002
2019-12-13,3.98,4.01,3.91,3.93,165257.25,65280.816,0.019896
2019-12-16,3.93,4.17,3.91,4.16,255817.76,104526.266,0.030798000000000002
2019-12-17,4.18,4.32,4.16,4.31,362218.11,154544.318,0.043608
2019-12-18,4.32,4.38,4.28,4.35,273931.42,119132.313,0.032979
2019-12-19,4.32,4.45,4.31,4.41,231940.12,102218.822,0.027924
2019-12-20,4.41,4.56,4.4,4.44,311635.11,139504.376,0.037517999999999996
2019-12-23,4.41,4.5,4.3,4.38,202724.41,89367.168,0.024405999999999997
2019-12-24,4.4,4.47,4.35,4.44,149999.02,66285.455,0.018059000000000002
2019-12-25,4.44,4.47,4.28,4.36,199564.09,87220.442,0.024026000000000002
2019-12-26,4.35,4.39,4.29,4.32,139314.62,60305.759,0.016772
2019-12-27,4.3,4.32,4.19,4.2,183973.26,78273.4,0.022149000000000002
2019-12-30,4.2,4.35,4.17,4.34,335304.21,143130.486,0.040368
2019-12-31,4.34,4.41,4.29,4.32,177790.38,77037.159,0.021404999999999997
2020-01-02,4.31,4.56,4.29,4.51,359391.22,159073.272,0.043268
2020-01-03,4.55,4.65,4.49,4.6,244705.54,111994.082,0.029461
2020-01-06,4.6,4.65,4.5,4.52,225529.6,102921.414,0.027152
2020-01-07,4.55,4.57,4.43,4.46,261706.59,117043.402,0.031507
2020-01-08,4.44,4.46,4.3,4.33,217006.22,95040.058,0.026126
2020-01-09,4.36,4.42,4.33,4.38,172103.63,75380.03,0.020720000000000002
2020-01-10,4.39,4.41,4.24,4.32,189051.7,81425.766,0.02276
2020-01-13,4.31,4.33,4.23,4.31,161012.9,69012.427,0.019385
2020-01-14,4.32,4.36,4.26,4.29,247273.15,106475.268,0.029769999999999998
2020-01-15,4.31,4.34,4.22,4.34,245128.51,104999.369,0.029511
2020-01-16,4.36,4.37,4.25,4.26,208579.84,89626.766,0.025110999999999998
2020-01-17,4.27,4.29,4.19,4.22,185671.7,78745.347,0.022353
2020-01-20,4.2,4.25,4.15,4.16,158873.98,66438.97,0.019127
2020-01-21,4.16,4.2,4.12,4.14,117502.9,48955.205,0.014146
2020-01-22,4.14,4.26,4.08,4.21,153724.99,64126.538,0.018507
2020-01-23,4.22,4.22,3.98,4.04,173833.0,70980.287,0.020928
2020-02-03,3.64,3.64,3.64,3.64,30831.0,11222.484,0.0037119999999999996
2020-02-04,3.28,3.66,3.28,3.42,327293.42,111359.799,0.039403
2020-02-05,3.41,3.59,3.36,3.51,223563.47,78418.766,0.026915
2020-02-06,3.51,3.6,3.44,3.52,241057.16,84508.534,0.029020999999999998
2020-02-07,3.5,3.58,3.46,3.56,180079.49,63223.476,0.02168
2020-02-10,3.56,3.73,3.52,3.73,223100.01,81463.704,0.026859
2020-02-11,3.71,3.96,3.7,3.89,296704.8,114545.908,0.035720999999999996
2020-02-12,3.82,4.03,3.81,3.98,194613.43,76568.25,0.02343
2020-02-13,3.97,4.03,3.92,3.97,186352.2,73916.659,0.022435
2020-02-14,3.96,3.98,3.9,3.94,155479.6,61128.69,0.018718
2020-02-17,3.93,3.99,3.93,3.97,161095.7,63803.441,0.019395
2020-02-18,4.0,4.0,3.9,3.94,163273.61,64446.424,0.019657
2020-02-19,3.97,3.98,3.92,3.94,157711.26,62326.87,0.018987
2020-02-20,3.95,4.04,3.92,4.01,172109.26,68483.525,0.020721
2020-02-21,4.04,4.29,3.98,4.25,296632.65,124381.479,0.035712
2020-02-24,4.24,4.25,4.18,4.21,202762.32,85322.588,0.024411000000000002
2020-02-25,4.26,4.36,3.93,4.16,357573.82,149609.486,0.043049
2020-02-26,4.07,4.13,4.01,4.05,217847.17,88861.962,0.026227
2020-02-27,4.09,4.09,4.0,4.04,150226.2,60919.487,0.018086
2020-02-28,3.94,4.01,3.76,3.77,172584.45,67124.035,0.020777999999999998
2020-03-02,3.8,3.98,3.8,3.95,160642.0,63104.546,0.01934
2020-03-03,4.08,4.09,3.91,3.93,224048.55,89155.028,0.026974
2020-03-04,3.95,3.97,3.81,3.93,211181.54,81994.472,0.025425
2020-03-05,3.92,3.99,3.9,3.99,208696.04,82575.82,0.025125
2020-03-06,3.93,3.98,3.9,3.94,141762.6,55770.691,0.017067000000000002
2020-03-09,3.9,3.91,3.78,3.79,160407.0,61557.577,0.019312
2020-03-10,3.78,3.85,3.65,3.84,140461.52,52756.438,0.01691
2020-03-11,3.86,3.91,3.84,3.86,120082.01,46464.616,0.014457
2020-03-12,3.83,3.91,3.75,3.88,150578.4,57965.915,0.018128
2020-03-13,3.75,3.87,3.7,3.86,147712.99,56130.297,0.017783
2020-03-16,3.9,4.0,3.78,3.79,248018.0,97270.939,0.029859
2020-03-17,3.87,4.0,3.69,3.83,157158.96,59772.885,0.018921
2020-03-18,3.83,3.88,3.71,3.72,137230.49,52301.497,0.016520999999999997
2020-03-19,3.77,3.82,3.62,3.73,116306.85,43189.595,0.014001999999999999
2020-03-20,3.75,3.77,3.69,3.75,67967.0,25361.619,0.008183000000000001
2020-03-23,3.7,3.75,3.58,3.6,106153.32,39049.696,0.01278
2020-03-24,3.67,3.71,3.59,3.66,92942.2,33805.477,0.011189
2020-03-25,3.73,3.75,3.66,3.71,91121.5,33661.538,0.01097
2020-03-26,3.7,3.7,3.59,3.6,115481.95,42069.302,0.013903
2020-03-27,3.65,3.68,3.61,3.64,99877.95,36378.312,0.012024
2020-03-30,3.6,3.74,3.58,3.71,129958.04,47486.724,0.015646
2020-03-31,3.76,3.78,3.69,3.71,58947.4,21875.29,0.007097
2020-04-01,3.73,3.85,3.7,3.84,156299.1,59434.588,0.018817
2020-04-02,3.82,3.84,3.78,3.83,91607.4,34903.027,0.011029
2020-04-03,3.83,3.85,3.75,3.76,71982.4,27232.398,0.008666
2020-04-07,3.82,3.84,3.76,3.81,137709.2,52306.963,0.016579
2020-04-08,3.81,3.84,3.77,3.8,82031.6,31231.925,0.009876000000000001
2020-04-09,3.82,3.83,3.77,3.79,85046.3,32260.856,0.010239
2020-04-10,3.8,3.81,3.69,3.74,107329.2,40098.758,0.012922
2020-04-13,3.72,3.77,3.69,3.72,65443.0,24460.863,0.007879
2020-04-14,3.75,3.75,3.69,3.73,99156.2,36886.417,0.011937999999999999
2020-04-15,3.73,3.74,3.7,3.73,64319.06,23905.136,0.007743
2020-04-16,3.72,3.73,3.69,3.73,47660.54,17695.63,0.005738
2020-04-17,3.73,3.82,3.71,3.76,96160.88,36352.186,0.011576999999999999
2020-04-20,3.79,3.97,3.78,3.94,234953.25,91808.174,0.028286
2020-04-21,3.96,4.09,3.93,4.09,251364.48,101373.101,0.030261999999999997
2020-04-22,4.08,4.16,4.05,4.09,227642.93,93218.873,0.027406
2020-04-23,4.12,4.13,3.99,4.0,203886.21,82693.9,0.024546000000000002
2020-04-24,4.02,4.03,3.8,3.82,143195.0,55713.324,0.01724
2020-04-27,3.83,3.85,3.61,3.62,184137.0,68069.447,0.022168999999999998
2020-04-28,3.66,3.77,3.35,3.71,219669.75,78787.552,0.026446
2020-04-29,3.5,3.81,3.5,3.73,181612.14,67928.247,0.021320000000000002
2020-04-30,3.76,3.78,3.72,3.77,109008.21,40816.815,0.012797000000000001
2020-05-06,3.71,3.77,3.7,3.74,88864.0,33132.162,0.010431999999999999
2020-05-07,3.74,3.77,3.7,3.74,82445.01,30823.834,0.009677999999999999
2020-05-08,3.77,3.81,3.73,3.8,58848.4,22262.526,0.006908
2020-05-11,3.82,3.95,3.81,3.85,125942.88,48901.187,0.014785
2020-05-12,3.84,3.89,3.73,3.8,86198.0,32816.139,0.010119
2020-05-13,3.8,3.83,3.75,3.8,75718.0,28789.293,0.008889000000000001
2020-05-14,3.83,3.83,3.76,3.78,52381.4,19833.108,0.006149
2020-05-15,3.8,3.81,3.76,3.78,76538.4,28975.695,0.008985
2020-05-18,3.8,3.81,3.74,3.75,66285.81,24988.765,0.007781
2020-05-19,3.76,3.78,3.74,3.77,32547.22,12234.766,0.0038209999999999997
2020-05-20,3.77,3.78,3.7,3.72,69857.9,26089.183,0.008201
2020-05-21,3.74,3.75,3.67,3.68,52622.2,19483.325,0.006177
2020-05-22,3.7,3.7,3.6,3.69,78065.22,28372.506,0.009164
2020-05-25,3.67,3.7,3.62,3.68,44597.47,16319.295,0.005235
2020-05-26,3.68,3.71,3.66,3.69,48497.2,17870.803,0.005693
2020-05-27,3.69,3.75,3.66,3.73,56244.4,20857.862,0.006603
2020-05-28,3.73,3.74,3.66,3.7,62598.95,23044.676,0.007349
2020-05-29,3.78,3.89,3.73,3.8,176623.26,67557.926,0.020734
2020-06-01,3.8,3.83,3.76,3.82,119287.34,45324.094,0.014003000000000002
2020-06-02,3.82,3.83,3.79,3.8,75179.0,28599.891,0.008825
2020-06-03,3.79,3.81,3.74,3.77,66901.4,25239.766,0.007854
2020-06-04,3.81,3.81,3.74,3.77,46931.3,17665.186,0.005508999999999999
2020-06-05,3.78,3.86,3.76,3.86,138881.04,52964.873,0.016303
2020-06-08,3.93,4.15,3.89,4.05,340932.03,138487.67,0.040022
2020-06-09,4.11,4.23,4.06,4.15,323250.45,134370.916,0.037947
2020-06-10,4.15,4.18,3.98,4.01,241924.86,98500.344,0.028399999999999998
2020-06-11,4.04,4.05,3.81,3.82,272158.85,106142.091,0.031949
2020-06-12,3.75,3.93,3.67,3.89,187281.93,72217.956,0.021985
2020-06-15,3.9,3.9,3.78,3.8,139467.19,53473.602,0.016372
2020-06-16,3.82,3.84,3.8,3.82,90124.56,34371.606,0.01058
2020-06-17,3.82,3.82,3.77,3.81,78361.4,29768.941,0.009199
2020-06-18,3.8,3.86,3.78,3.8,67514.8,25741.442,0.007925999999999999
2020-06-19,3.8,4.06,3.78,3.87,202999.1,79428.312,0.02383
2020-06-22,3.88,3.91,3.82,3.87,93139.81,36073.381,0.010934
2020-06-23,3.87,3.9,3.81,3.81,90308.0,34577.426,0.010601000000000001
2020-06-24,3.82,3.84,3.77,3.79,78481.4,29799.24,0.009213
2020-06-29,3.76,3.94,3.73,3.92,198646.36,76496.912,0.023319
2020-06-30,3.9,3.95,3.85,3.87,119348.8,46426.268,0.01401
2020-07-01,3.87,4.05,3.82,3.91,263066.71,102901.294,0.030882
2020-07-02,3.89,4.02,3.87,3.97,193492.55,76818.892,0.022713999999999998
2020-07-03,3.98,4.1,3.94,4.03,265921.11,107120.125,0.031217
2020-07-06,4.09,4.26,4.08,4.17,475479.71,198357.836,0.055817
2020-07-07,4.18,4.25,4.08,4.2,335737.47,139855.085,0.039413000000000004
2020-07-08,4.25,4.6,4.18,4.51,553692.85,242928.259,0.064999
2020-07-09,4.45,4.65,4.4,4.53,460518.1,207967.442,0.054061000000000005
2020-07-10,4.53,4.88,4.48,4.77,623634.88,292299.632,0.073209
2020-07-13,5.0,5.16,4.82,4.91,693365.99,346360.637,0.081395
2020-07-14,4.89,5.03,4.77,4.96,520848.16,255975.999,0.061143
2020-07-15,5.05,5.07,4.8,4.82,335993.3,164835.683,0.039443
2020-07-16,4.8,4.92,4.51,4.79,416384.86,198252.446,0.04888
2020-07-17,4.7,4.85,4.65,4.71,209996.34,99735.469,0.024651999999999997
2020-07-20,4.75,5.05,4.75,5.04,467561.84,231020.855,0.054888000000000006
2020-07-21,5.04,5.04,4.85,4.86,258889.6,127416.235,0.030390999999999998
2020-07-22,4.84,5.15,4.84,5.08,456614.81,229477.169,0.053602
2020-07-23,5.09,5.14,4.93,5.11,313152.0,157620.529,0.036761
2020-07-24,5.07,5.21,4.86,4.87,278364.0,138451.526,0.032677
2020-07-27,4.87,4.94,4.68,4.9,299000.53,145859.916,0.0351
2020-07-28,4.96,5.04,4.85,4.98,205382.78,101751.121,0.02411
2020-07-29,4.97,5.45,4.95,5.37,570829.03,300645.936,0.06701
2020-07-30,5.47,5.74,5.22,5.55,783378.12,430137.216,0.09196199999999999
2020-07-31,5.5,5.67,5.4,5.42,361997.52,199061.022,0.042495000000000005
2020-08-03,5.67,5.96,5.6,5.96,789450.6,460479.533,0.092674
2020-08-04,6.13,6.34,5.83,6.2,847856.09,519152.424,0.099531
2020-08-05,6.15,6.32,6.05,6.19,456246.6,281293.484,0.053559
2020-08-06,6.21,6.24,5.73,5.98,480489.2,286619.516,0.056405000000000004
2020-08-07,5.93,6.02,5.8,6.0,354134.36,208429.449,0.041572
2020-08-10,5.98,6.01,5.79,5.95,267506.51,158106.629,0.031403
2020-08-11,5.89,6.31,5.88,5.92,343061.95,209078.657,0.040271999999999995
2020-08-12,5.98,6.11,5.76,6.1,306724.63,181389.576,0.036007
2020-08-13,6.03,6.25,5.96,6.15,484438.01,295481.989,0.056868999999999996
2020-08-14,6.15,6.39,6.05,6.33,351249.75,219753.113,0.041234
2020-08-17,6.4,6.96,6.36,6.86,559157.85,376216.557,0.06564
2020-08-18,6.94,6.95,6.66,6.71,358201.4,242708.014,0.042050000000000004
2020-08-19,6.69,6.92,6.61,6.7,353257.9,238177.145,0.041469
2020-08-20,6.63,7.23,6.18,6.6,456770.1,297620.031,0.053621
2020-08-21,6.43,6.47,6.33,6.41,232517.63,148669.87,0.027295
2020-08-24,6.39,6.51,6.12,6.4,231230.82,147088.43,0.027143999999999998
2020-08-25,6.45,6.49,6.05,6.17,291449.19,181447.23,0.034213
2020-08-26,6.19,6.28,5.76,5.76,336363.73,201238.367,0.039486
2020-08-27,5.77,5.81,5.51,5.68,296531.6,167608.211,0.03481
2020-08-28,5.69,5.85,5.6,5.71,253728.2,144820.003,0.029185
2020-08-31,5.77,5.83,5.68,5.78,208448.8,119673.868,0.023976
2020-09-01,5.82,5.84,5.66,5.73,151160.43,86335.67,0.017387
2020-09-02,5.73,6.24,5.69,6.1,384021.1,229702.904,0.044170999999999995
2020-09-03,6.1,6.43,5.94,5.99,343803.7,212171.476,0.039545
2020-09-04,5.79,5.98,5.7,5.89,256949.8,149774.886,0.029554999999999998
2020-09-07,6.05,6.25,5.93,6.1,368864.34,224422.142,0.042428
2020-09-08,6.13,6.44,6.01,6.4,374707.24,234061.176,0.0431
2020-09-09,6.31,6.72,6.01,6.24,647824.4,414718.589,0.074515
2020-09-10,6.21,6.21,5.38,5.5,410484.3,233871.17,0.047215
2020-09-11,5.5,5.5,5.1,5.37,259880.13,137926.459,0.029892
2020-09-14,5.5,6.02,5.4,5.95,433581.53,252286.126,0.049872
2020-09-15,5.95,6.1,5.61,5.73,348088.36,200308.569,0.040038
2020-09-16,5.74,5.75,5.51,5.61,170278.04,95415.302,0.019586
2020-09-17,5.72,5.84,5.55,5.71,197763.6,112963.95,0.022747000000000003
2020-09-18,5.73,5.8,5.57,5.62,173124.17,97430.199,0.019913
2020-09-21,5.65,5.65,5.48,5.59,105237.8,58420.59,0.012105
2020-09-22,5.5,5.65,5.4,5.55,135525.1,75055.056,0.015588999999999999
2020-09-23,5.56,5.64,5.48,5.6,111121.2,61924.149,0.012781
2020-09-24,5.5,5.57,5.4,5.42,112653.8,61668.789,0.012958
2020-09-25,5.43,5.5,5.09,5.1,165350.2,86724.608,0.019018999999999998
2020-09-28,5.17,5.38,5.02,5.07,139884.16,71838.362,0.01609
2020-09-29,5.1,5.23,5.01,5.2,128939.21,66548.194,0.014831
2020-09-30,5.2,5.23,5.05,5.1,74212.45,38053.579,0.008536
2020-10-09,5.24,5.34,5.16,5.29,94886.4,50085.768,0.010914
2020-10-12,5.36,5.52,5.26,5.45,120186.45,65081.871,0.013824000000000001
2020-10-13,5.47,5.55,5.41,5.51,111880.53,61478.305,0.012868999999999998
2020-10-14,5.52,5.57,5.37,5.4,83176.0,45203.934,0.009566999999999999
2020-10-15,5.45,5.69,5.33,5.56,181912.0,99943.996,0.020924
2020-10-16,5.5,5.58,5.39,5.41,106396.35,58115.35,0.012238
2020-10-19,5.45,5.48,5.33,5.34,75474.6,40740.778,0.008681
2020-10-20,5.41,5.43,5.28,5.37,83128.8,44615.614,0.009562000000000001
2020-10-21,5.37,5.38,5.15,5.18,89340.0,46688.886,0.010276
2020-10-22,5.17,5.59,5.07,5.41,204461.95,109419.775,0.023517999999999997
2020-10-23,5.41,5.47,5.27,5.3,109467.8,58615.015,0.012591000000000001
2020-10-26,5.31,5.35,5.23,5.25,68534.6,36176.215,0.007883
2020-10-27,5.26,5.3,5.16,5.18,78143.6,40762.248,0.008988000000000001
2020-10-28,5.17,5.25,5.08,5.22,84362.2,43519.135,0.009704
2020-10-29,5.12,5.54,5.08,5.38,177410.0,95434.822,0.020406
2020-10-30,5.4,5.43,5.14,5.17,113837.35,60065.718,0.013094
2020-11-02,5.27,5.35,5.13,5.29,111646.86,58895.461,0.012842
2020-11-03,5.34,5.42,5.3,5.39,114449.0,61527.484,0.013164
2020-11-04,5.41,5.46,5.08,5.16,224367.0,117014.306,0.025807000000000004
2020-11-05,5.17,5.2,5.09,5.13,148203.79,76261.338,0.017047
2020-11-06,5.15,5.2,4.88,5.19,236556.84,119511.357,0.027208999999999997
2020-11-09,5.15,5.43,5.13,5.25,205511.0,109033.685,0.023638
2020-11-10,5.3,5.67,5.25,5.58,412789.47,226980.704,0.04748
2020-11-11,5.53,5.66,5.4,5.57,221802.6,123064.965,0.025512
2020-11-12,5.57,5.83,5.52,5.6,282803.06,161112.958,0.032529
2020-11-13,5.67,5.74,5.5,5.55,197769.8,110441.958,0.022748
2020-11-16,5.58,5.73,5.43,5.44,213650.88,118343.623,0.024575
2020-11-17,5.47,5.52,5.32,5.35,134083.87,72221.095,0.015423
2020-11-18,5.4,5.87,5.29,5.59,294967.51,165624.406,0.033928
2020-11-19,5.5,5.65,5.47,5.53,201426.87,111861.898,0.023169
2020-11-20,5.53,5.62,5.43,5.49,123729.0,67966.22,0.014232
2020-11-23,5.5,5.53,5.36,5.42,110704.16,59806.011,0.012734
2020-11-24,5.4,5.43,5.25,5.27,119668.6,63531.885,0.013765000000000001
2020-11-25,5.27,5.3,5.16,5.16,101676.0,52882.316,0.011695
2020-11-26,5.16,5.17,5.06,5.16,81580.0,41796.429,0.009384
2020-11-27,5.19,5.19,5.07,5.09,87792.62,44736.907,0.010098000000000001
2020-11-30,5.12,5.22,5.0,5.16,85301.2,43926.656,0.009812
2020-12-01,5.14,5.25,5.1,5.18,91175.28,47386.397,0.010487
2020-12-02,5.24,5.31,5.17,5.28,101353.0,53187.649,0.011658
2020-12-03,5.3,5.45,5.25,5.38,142857.0,76730.053,0.016432
2020-12-04,5.42,5.45,5.28,5.3,98473.0,52663.676,0.011327
2020-12-07,5.3,5.32,5.13,5.23,103924.99,54130.714,0.011954
2020-12-08,5.26,5.27,5.14,5.15,66527.79,34497.488,0.007652
2020-12-09,5.14,5.42,5.1,5.27,180695.52,95537.43,0.020783999999999997
2020-12-10,5.26,5.5,5.22,5.33,164515.5,88164.791,0.018923000000000002
2020-12-11,5.3,5.33,5.19,5.21,105018.3,54927.75,0.01208
2020-12-14,5.18,5.67,5.17,5.56,498399.84,272504.803,0.057327
2020-12-15,5.53,5.69,5.5,5.53,196877.1,109643.414,0.022645
2020-12-16,5.53,5.6,5.34,5.36,141011.24,76499.656,0.016220000000000002
2020-12-17,5.38,5.4,5.21,5.3,118784.81,62756.983,0.013663000000000002
2020-12-18,5.27,5.37,5.18,5.19,100011.8,52200.835,0.011504
2020-12-21,5.18,5.32,5.15,5.27,96879.2,50796.277,0.011143
2020-12-22,5.25,5.44,5.17,5.19,149519.6,79211.927,0.017198
2020-12-23,5.18,5.24,5.12,5.14,111595.0,57640.728,0.012836
2020-12-24,5.15,5.2,5.08,5.16,85940.0,44083.033,0.009885
2020-12-25,5.12,5.15,4.99,5.01,166318.88,84010.403,0.01913
2020-12-28,5.04,5.2,4.87,5.17,191250.02,96850.679,0.021998000000000004
2020-12-29,5.15,5.31,5.09,5.14,130252.79,67339.09,0.014982
2020-12-30,5.18,5.21,5.08,5.19,141496.0,72794.58,0.016274999999999998
2020-12-31,5.17,5.23,5.13,5.15,100199.2,51815.666,0.011525
2021-01-04,5.17,5.17,5.08,5.11,138293.9,70655.928,0.015907
2021-01-05,5.07,5.2,5.0,5.11,200554.34,102111.744,0.023067999999999998
2021-01-06,5.11,5.15,4.68,4.72,325411.91,158453.597,0.03743
2021-01-07,4.72,4.72,4.17,4.38,416914.61,183808.055,0.047955
2021-01-08,4.4,4.4,4.1,4.23,180108.3,76503.351,0.020717
2021-01-11,4.27,4.36,4.14,4.18,131380.8,55524.289,0.015112
2021-01-12,4.19,4.27,4.15,4.21,100661.26,42206.51,0.011578
2021-01-13,4.21,4.22,3.84,3.96,276567.84,110227.115,0.031812
2021-01-14,3.93,4.18,3.92,4.11,180317.5,73507.396,0.020741
2021-01-15,4.06,4.33,4.05,4.25,157245.8,66563.062,0.018087
2021-01-18,4.26,4.31,4.11,4.15,136868.85,57275.478,0.015743
2021-01-19,4.15,4.24,4.13,4.2,113621.96,47569.625,0.013068999999999999
2021-01-20,4.18,4.24,4.11,4.14,84708.0,35121.227,0.009743
2021-01-21,4.14,4.19,4.08,4.13,81363.0,33678.718,0.009359
2021-01-22,4.14,4.14,3.97,3.99,127986.89,51411.158,0.014721
2021-01-25,4.0,4.01,3.8,3.85,169959.6,66037.187,0.019549
2021-01-26,3.85,3.94,3.79,3.81,93368.0,35786.637,0.010739
2021-01-27,3.8,3.95,3.73,3.76,121982.56,46431.929,0.014031
2021-01-28,3.72,3.87,3.72,3.82,152588.2,58081.276,0.017551
2021-01-29,3.85,3.87,3.55,3.63,141151.92,51804.346,0.016236
2021-02-01,3.74,3.82,3.66,3.72,113354.1,42314.563,0.013038000000000001
2021-02-02,3.75,3.76,3.66,3.67,94359.0,34894.997,0.010853
2021-02-03,3.63,3.75,3.6,3.64,85567.6,31445.106,0.009842
2021-02-04,3.6,3.61,3.41,3.51,126495.9,44248.151,0.01455
2021-02-05,3.51,3.61,3.45,3.51,82837.31,29416.982,0.009528
2021-02-08,3.54,3.57,3.4,3.44,70991.8,24704.882,0.008166
2021-02-09,3.45,3.62,3.43,3.59,113102.08,39935.739,0.013009
2021-02-10,3.64,3.69,3.5,3.52,82297.46,29315.944,0.009466
2021-02-18,3.58,3.89,3.55,3.78,144354.2,54198.22,0.016604
2021-02-19,3.84,3.89,3.77,3.89,120076.9,46113.644,0.013812
2021-02-22,3.9,4.12,3.89,4.0,168596.2,67909.131,0.019392
2021-02-23,4.02,4.05,3.86,3.89,110403.8,43326.482,0.012699
2021-02-24,3.89,3.96,3.85,3.91,114952.6,44882.606,0.013222000000000001
2021-02-25,3.98,4.03,3.88,3.88,90804.6,35674.308,0.010445
2021-02-26,3.81,3.95,3.81,3.83,84376.8,32645.287,0.009705
2021-03-01,3.84,3.93,3.83,3.86,105557.8,40814.471,0.012142
2021-03-02,3.87,3.91,3.75,3.89,120783.22,46440.753,0.013892999999999999
2021-03-03,3.88,4.23,3.82,4.13,264974.62,107173.712,0.030478
2021-03-04,4.09,4.2,4.04,4.07,157898.0,64989.744,0.018162
2021-03-05,4.04,4.12,4.03,4.08,81439.6,33171.981,0.009367
2021-03-08,4.12,4.17,4.0,4.03,108539.4,44226.952,0.012485
2021-03-09,4.04,4.06,3.79,3.86,115714.82,45225.318,0.013309999999999999
2021-03-10,3.9,3.91,3.7,3.76,95437.48,36197.419,0.010978000000000002
2021-03-11,3.76,3.85,3.74,3.85,75494.12,28749.17,0.008683999999999999
2021-03-12,3.83,4.12,3.83,3.98,216494.78,87043.148,0.024902
2021-03-15,3.96,4.78,3.93,4.62,652269.53,295543.273,0.075026
2021-03-16,4.49,4.53,4.31,4.48,444876.15,196026.184,0.051170999999999994
2021-03-17,4.48,4.48,4.29,4.34,257876.38,112408.329,0.029662
2021-03-18,4.29,4.35,4.26,4.29,144598.0,62117.287,0.016632
2021-03-19,4.27,4.63,4.22,4.44,296144.69,132690.037,0.034062999999999996
2021-03-22,4.46,4.57,4.39,4.44,218395.2,97297.481,0.02512
2021-03-23,4.41,4.57,4.39,4.44,183520.36,82173.522,0.021109
2021-03-24,4.4,4.67,4.32,4.66,309801.29,140260.402,0.035634
2021-03-30,4.96,4.97,4.41,4.43,370643.81,171013.036,0.042633000000000004
2021-03-31,4.25,4.38,4.16,4.25,192177.37,81515.851,0.022105
2021-04-01,4.23,4.5,4.21,4.28,151509.06,65652.932,0.017426999999999998
2021-04-02,4.27,4.3,4.17,4.2,110058.48,46273.853,0.012659
2021-04-06,4.17,4.26,4.17,4.2,79775.38,33570.694,0.009176
2021-04-07,4.19,4.25,4.16,4.23,70340.13,29658.548,0.008091000000000001
2021-04-08,4.25,4.25,4.08,4.1,98368.08,40709.617,0.011314999999999999
2021-04-09,4.1,4.15,4.06,4.1,57772.0,23683.018,0.006645
2021-04-12,4.14,4.18,4.09,4.12,61615.19,25469.752,0.0070869999999999995
2021-04-13,4.09,4.37,4.06,4.26,137946.23,58257.542,0.015867
2021-04-14,4.21,4.24,4.14,4.18,93996.69,39259.272,0.010811999999999999
2021-04-15,4.18,4.18,3.95,3.96,126864.6,51394.489,0.014592
2021-04-16,3.99,4.23,3.95,4.22,168377.91,69398.92,0.019367000000000002
2021-04-19,4.18,4.24,4.08,4.09,191702.4,79306.213,0.02205
2021-04-20,4.1,4.11,4.01,4.02,122360.4,49479.97,0.014074
2021-04-21,4.02,4.05,3.99,4.03,66820.98,26875.869,0.007685999999999999
2021-04-22,4.02,4.1,3.98,4.03,79085.04,32005.025,0.009097
2021-04-23,4.01,4.03,3.91,3.93,89453.63,35253.195,0.010289
2021-04-26,3.92,3.99,3.87,3.92,52926.41,20819.195,0.006088
2021-04-27,3.97,4.01,3.91,3.94,54195.4,21384.379,0.006234
2021-04-28,3.89,3.94,3.86,3.89,54567.4,21243.737,0.0062770000000000005
2021-04-29,3.9,3.92,3.83,3.84,65856.42,25455.164,0.007574999999999999
2021-04-30,3.8,3.89,3.73,3.84,69222.0,26263.146,0.007962
2021-05-06,3.82,3.99,3.81,3.92,62780.31,24545.671,0.007221
2021-05-07,3.96,3.96,3.87,3.9,32397.6,12654.409,0.003727
2021-05-10,3.91,3.94,3.89,3.92,36710.0,14338.941,0.004223
2021-05-11,3.9,3.92,3.86,3.88,37493.0,14565.266,0.004313
2021-05-12,3.86,3.93,3.83,3.9,52293.0,20277.648,0.006015
2021-05-13,3.86,3.9,3.84,3.88,56917.1,22006.937,0.006547
2021-05-14,3.88,3.89,3.84,3.88,53282.72,20584.783,0.006129
2021-05-17,3.87,3.89,3.83,3.85,34185.0,13191.226,0.003932
2021-05-18,3.83,3.85,3.71,3.76,88313.84,33336.722,0.010158
2021-05-19,3.75,3.77,3.68,3.71,76407.58,28380.525,0.008789
2021-05-20,3.71,3.72,3.57,3.6,92905.3,33611.432,0.010686
2021-05-21,3.62,3.78,3.58,3.72,91251.58,33859.102,0.010496
2021-05-24,3.71,3.81,3.66,3.76,68094.1,25527.912,0.007833
2021-05-25,3.74,3.75,3.69,3.74,51917.58,19286.738,0.005972
2021-05-26,3.75,3.77,3.71,3.76,54659.6,20510.957,0.006287
2021-05-27,3.79,3.82,3.77,3.81,59253.0,22526.726,0.006816
2021-05-28,3.82,3.83,3.72,3.74,66626.5,25065.721,0.007664
2021-05-31,3.74,3.87,3.68,3.82,95342.6,35910.632,0.010967
2021-06-01,3.81,3.87,3.79,3.86,65819.0,25192.048,0.007571
2021-06-02,3.89,3.97,3.86,3.97,140929.2,55405.286,0.01621
2021-06-03,3.94,4.0,3.92,3.94,80450.2,31866.984,0.009254
2021-06-04,3.95,3.98,3.88,3.9,67963.2,26637.496,0.007817
2021-06-07,3.9,3.92,3.85,3.89,48242.0,18718.273,0.005548999999999999
2021-06-08,3.89,3.93,3.85,3.92,60724.4,23613.391,0.006985
2021-06-09,3.91,4.15,3.89,4.04,140350.83,56449.638,0.016144000000000002
2021-06-10,4.03,4.08,3.97,4.0,126065.6,50529.03,0.014501
2021-06-11,4.0,4.05,3.96,3.99,73274.0,29318.074,0.008428
2021-06-15,4.02,4.02,3.88,3.92,65184.4,25678.376,0.007498
2021-06-16,3.89,3.96,3.86,3.9,51475.5,20076.215,0.005920999999999999
2021-06-17,3.88,3.91,3.8,3.82,82261.43,31520.153,0.009462
2021-06-18,3.82,3.88,3.8,3.85,58128.0,22257.922,0.006686
2021-06-21,3.83,3.91,3.82,3.9,67196.05,26035.023,0.007729000000000001
2021-06-22,3.9,4.09,3.87,4.09,187176.35,75443.497,0.02153
2021-06-23,4.08,4.08,3.95,3.98,128811.0,51427.571,0.014816000000000001
2021-06-24,3.96,4.02,3.92,3.94,71451.0,28301.065,0.008218999999999999
2021-06-25,3.94,3.96,3.87,3.93,75646.25,29569.392,0.008701
2021-06-28,3.93,3.99,3.9,3.95,67094.5,26522.292,0.007718
2021-06-29,3.97,3.97,3.76,3.81,132532.7,50844.764,0.015245
2021-06-30,3.82,3.82,3.73,3.79,70839.2,26731.449,0.008147999999999999
2021-07-01,3.79,3.81,3.73,3.74,50253.0,18846.735,0.0057799999999999995
2021-07-02,3.76,3.82,3.71,3.77,64546.8,24383.004,0.007423999999999999
2021-07-05,3.84,3.88,3.79,3.87,78761.37,30208.612,0.00906
2021-07-06,3.84,3.95,3.82,3.9,89238.48,34762.895,0.010265
2021-07-07,3.86,3.94,3.8,3.82,109065.31,42008.408,0.012544999999999999
2021-07-08,3.82,3.82,3.73,3.75,99827.71,37541.691,0.011483
2021-07-09,3.75,3.79,3.7,3.73,91117.79,34015.453,0.010481
2021-07-12,3.27,3.46,3.2,3.38,617293.27,206066.707,0.071004
2021-07-13,3.31,3.44,3.28,3.35,268357.5,90219.629,0.030868000000000003
2021-07-14,3.36,3.37,3.25,3.27,231602.39,76719.464,0.02664
2021-07-15,3.26,3.27,3.04,3.15,347802.19,108860.887,0.04000600000000001
2021-07-16,3.15,3.35,3.13,3.27,316974.41,103180.041,0.03646
2021-07-19,3.3,3.33,3.18,3.22,197103.1,63893.159,0.022671999999999998
2021-07-20,3.2,3.27,3.17,3.24,125304.0,40246.309,0.014413
2021-07-21,3.66,3.89,3.54,3.89,548317.86,207218.279,0.06307
2021-07-22,4.2,4.59,4.08,4.2,1572243.86,671019.846,0.180847
2021-07-23,3.92,4.37,3.81,4.2,1118275.44,452584.402,0.12863
2021-07-26,4.15,4.3,3.98,4.02,741833.88,304829.386,0.085329
2021-07-27,3.99,4.02,3.64,3.66,691603.87,263815.303,0.079552
2021-07-28,3.68,3.75,3.41,3.44,408921.45,144150.226,0.047035999999999994
2021-07-29,3.48,3.62,3.41,3.54,402746.97,141735.885,0.046326
2021-07-30,3.51,4.25,3.51,4.25,576071.05,235645.716,0.066263
2021-08-02,4.54,4.57,4.16,4.27,1303596.63,568091.247,0.149946
2021-08-03,4.24,4.33,4.02,4.04,765270.5,317739.543,0.088025
2021-08-04,4.01,4.84,4.0,4.59,1233767.47,538693.106,0.14191399999999998
2021-08-05,4.51,5.39,4.4,4.86,1459860.25,723223.658,0.16792
2021-08-06,4.84,5.22,4.68,4.9,1080336.97,536554.158,0.124266
2021-08-09,4.8,5.01,4.6,4.62,881292.2,414410.933,0.101371
2021-08-10,4.75,4.95,4.57,4.67,822899.2,390345.242,0.094654
2021-08-11,4.59,4.89,4.48,4.86,850753.19,399860.273,0.097858
2021-08-12,4.77,4.84,4.6,4.71,687228.34,322464.298,0.079048
2021-08-13,4.65,4.89,4.61,4.77,624015.29,297091.794,0.071777
2021-08-16,4.76,4.77,4.46,4.46,596173.68,271529.659,0.068575
2021-08-17,4.49,4.77,4.46,4.52,503697.75,230982.362,0.057938
2021-08-18,4.47,4.57,4.35,4.4,397224.55,176571.235,0.045690999999999996
2021-08-19,4.37,4.42,4.22,4.32,347728.3,149849.608,0.039997
2021-08-20,4.3,4.36,4.18,4.22,327215.0,138785.501,0.037638
2021-08-23,4.27,4.36,4.25,4.35,386618.19,166886.047,0.044471
2021-08-24,4.22,4.23,4.06,4.12,572185.0,235856.685,0.065816
2021-08-25,4.06,4.16,4.01,4.12,302516.25,124204.099,0.034796999999999995
2021-08-26,4.17,4.25,4.06,4.08,351236.8,145197.402,0.040401
2021-08-27,4.04,4.12,4.01,4.1,228967.2,93034.674,0.026337000000000003
2021-08-30,4.1,4.19,4.05,4.14,288706.2,119524.762,0.033208
2021-08-31,4.15,4.26,4.1,4.26,407783.75,170215.392,0.046905
2021-09-01,4.45,4.85,4.32,4.5,944466.66,432028.811,0.108636
2021-09-02,4.39,4.49,4.29,4.41,580152.77,254569.04,0.066731
2021-09-03,4.37,4.5,4.26,4.28,431464.66,188068.033,0.049629000000000006
2021-09-06,4.25,4.3,4.16,4.21,295736.8,124437.345,0.034017
2021-09-07,4.21,4.28,4.17,4.25,232808.75,98480.119,0.026779
2021-09-08,4.25,4.68,4.25,4.53,790860.02,357538.319,0.090968
2021-09-09,4.54,4.77,4.49,4.58,558913.8,256429.824,0.064288
2021-09-10,4.53,4.61,4.39,4.41,443210.8,198560.283,0.05098
2021-09-13,4.35,4.6,4.33,4.58,422557.44,190206.72,0.048604
2021-09-14,4.58,4.67,4.38,4.52,466406.8,210099.627,0.053648
2021-09-15,4.45,4.57,4.42,4.51,350676.7,157031.146,0.040336
2021-09-16,4.5,4.61,4.26,4.26,368315.0,163006.104,0.04236500000000001
2021-09-17,4.35,4.39,4.14,4.23,230794.9,98111.185,0.026547
2021-09-22,4.16,4.38,4.15,4.27,185874.0,79382.077,0.02138
2021-09-23,4.31,4.33,4.2,4.24,203029.39,86427.949,0.023353000000000002
2021-09-24,4.29,4.3,4.04,4.04,314101.4,129373.242,0.036128999999999994
2021-09-27,3.99,3.99,3.6,3.7,352557.0,132902.864,0.040553
2021-09-28,3.68,3.75,3.63,3.7,177909.4,65846.659,0.020464000000000003
2021-09-29,3.66,3.74,3.61,3.61,126955.4,46581.555,0.014603
2021-09-30,3.61,3.74,3.61,3.69,137755.66,50761.718,0.015845
2021-10-08,3.7,3.85,3.7,3.81,139666.0,52985.136,0.016065
2021-10-11,3.86,3.86,3.72,3.75,115189.0,43256.075,0.013249
2021-10-12,3.72,3.75,3.6,3.64,119220.0,43572.989,0.013713
2021-10-13,3.65,3.66,3.54,3.62,111228.0,40024.497,0.012794000000000002
2021-10-14,3.64,3.74,3.57,3.65,149173.38,54736.277,0.017159
2021-10-15,3.63,3.65,3.59,3.61,86958.4,31425.321,0.010002
2021-10-18,3.61,3.65,3.55,3.65,97892.88,35479.683,0.01126
2021-10-19,3.63,3.68,3.61,3.62,79434.0,28885.132,0.009137
2021-10-20,3.67,3.67,3.57,3.61,92678.2,33584.974,0.010660000000000001
2021-10-21,3.61,3.62,3.48,3.51,140749.28,49774.519,0.01619
2021-10-22,3.51,3.55,3.41,3.45,149072.68,51588.427,0.017147
2021-10-25,3.4,3.47,3.3,3.45,148310.0,50427.835,0.017059
2021-10-26,3.43,3.48,3.35,3.39,127087.0,43211.083,0.014617999999999999
2021-10-27,3.39,3.42,3.28,3.3,151245.71,50092.257,0.017397
2021-10-28,3.3,3.32,3.2,3.23,115535.0,37440.748,0.013289
2021-10-29,3.22,3.36,3.22,3.32,121641.83,40131.3,0.013992
2021-11-01,3.34,3.39,3.29,3.35,113013.0,37650.534,0.012999
2021-11-02,3.36,3.37,3.21,3.25,104346.4,34202.852,0.012001999999999999
2021-11-03,3.25,3.35,3.23,3.34,106434.0,34890.052,0.012242
2021-11-04,3.34,3.39,3.28,3.39,116345.43,38943.517,0.013383
2021-11-05,3.38,3.41,3.33,3.35,98620.92,33110.285,0.011344
2021-11-08,3.35,3.48,3.33,3.44,137402.42,47152.899,0.015805
2021-11-09,3.44,3.5,3.41,3.48,103829.2,36029.234,0.011942999999999999
2021-11-10,3.54,3.56,3.4,3.46,99237.48,34159.393,0.011415
2021-11-11,3.44,3.55,3.43,3.51,99943.68,34973.522,0.011496
2021-11-12,3.47,3.51,3.43,3.49,101717.68,35308.022,0.011699999999999999
2021-11-15,3.48,3.56,3.45,3.55,121641.6,42856.136,0.013992
2021-11-16,3.52,3.56,3.45,3.47,97849.0,34284.23,0.011255
2021-11-17,3.48,3.55,3.46,3.53,94921.75,33312.889,0.010918
2021-11-18,3.51,3.6,3.51,3.54,150023.88,53341.782,0.017256
2021-11-19,3.54,3.55,3.49,3.54,121666.68,42902.278,0.013995
2021-11-22,3.51,3.55,3.48,3.5,111509.6,39086.869,0.012825999999999999
2021-11-23,3.51,3.65,3.49,3.57,261178.25,93391.546,0.030042
2021-11-24,3.58,3.77,3.55,3.73,308591.79,113904.679,0.035495
2021-11-25,3.7,3.73,3.63,3.65,162046.0,59643.755,0.018639
2021-11-26,3.68,3.7,3.63,3.65,143306.2,52571.026,0.016484000000000002
2021-11-29,3.6,3.68,3.54,3.67,128791.44,46626.602,0.014814
2021-11-30,3.68,3.86,3.64,3.75,258288.44,97304.413,0.029709
2021-12-01,3.73,3.9,3.72,3.88,281238.5,107345.336,0.032349
2021-12-02,4.11,4.38,3.93,3.95,703526.58,290443.43,0.080922
2021-12-03,3.96,4.08,3.83,3.87,379597.32,148878.237,0.043663
2021-12-06,3.82,3.86,3.67,3.69,285360.53,107169.19,0.032823000000000005
2021-12-07,3.71,3.78,3.64,3.68,189102.0,69897.635,0.021751
2021-12-08,3.7,3.76,3.66,3.71,134968.65,50071.182,0.015525
2021-12-09,3.77,3.8,3.71,3.72,158812.88,59338.849,0.018267
2021-12-10,3.7,3.89,3.7,3.78,219462.08,83425.047,0.025243
2021-12-13,3.9,3.95,3.76,3.82,239187.0,91870.949,0.027511999999999998
2021-12-14,3.82,3.87,3.72,3.77,196424.0,74325.562,0.022593000000000002
2021-12-15,3.76,3.82,3.75,3.78,141931.0,53634.704,0.016325
2021-12-16,3.79,3.83,3.74,3.82,129699.2,49208.124,0.014919
2021-12-17,3.78,3.84,3.75,3.77,161453.0,61124.83,0.018571
2021-12-20,3.77,3.92,3.76,3.83,297098.7,114230.536,0.034173
2021-12-21,3.79,4.04,3.79,4.02,334199.8,131601.906,0.038441
2021-12-22,3.97,4.14,3.87,4.04,399038.2,159044.905,0.045899
2021-12-23,4.0,4.01,3.91,3.92,166256.82,65758.439,0.019124000000000002
2021-12-24,3.92,3.96,3.83,3.85,147985.09,57433.151,0.017022
2021-12-27,3.84,3.91,3.82,3.88,113276.0,43779.036,0.013028999999999999
2021-12-28,3.88,3.98,3.84,3.96,141736.0,55470.417,0.016303
2021-12-29,3.95,3.95,3.88,3.91,98233.0,38500.54,0.011298999999999998
2021-12-30,3.92,4.1,3.9,3.95,243379.0,97192.592,0.027993999999999998
2021-12-31,3.96,4.03,3.9,4.02,224112.2,89037.763,0.025778
2022-01-04,4.0,4.31,4.0,4.19,462752.69,193037.147,0.053228
2022-01-05,4.2,4.3,4.07,4.11,270555.0,112088.853,0.031120000000000002
2022-01-06,4.11,4.64,4.08,4.45,784201.45,346029.813,0.090202
2022-01-07,4.48,4.88,4.46,4.57,802463.75,370977.188,0.092303
2022-01-10,4.65,4.98,4.41,4.96,905814.09,426028.099,0.10419
2022-01-11,4.9,5.15,4.67,4.73,855620.2,414469.831,0.09841699999999999
2022-01-12,4.59,4.88,4.58,4.71,580791.09,274677.89,0.066805
2022-01-13,4.99,5.09,4.46,4.49,650634.09,303573.636,0.074839
2022-01-14,4.38,4.5,4.32,4.37,394835.85,173832.633,0.045416
2022-01-17,4.37,4.56,4.26,4.52,381075.18,167637.093,0.043833000000000004
2022-01-18,4.52,5.42,4.41,5.07,1350604.86,686204.363,0.155352
2022-01-19,4.88,5.26,4.83,5.25,1045920.59,523198.846,0.120306
2022-01-20,5.07,5.1,4.81,4.81,806649.61,397474.845,0.09278399999999999
2022-01-21,4.83,4.88,4.52,4.59,449957.3,210976.463,0.051756
2022-01-24,4.56,4.64,4.43,4.47,318667.45,143759.337,0.036654
2022-01-25,4.37,4.48,4.08,4.15,388945.01,163755.21,0.044738
2022-01-26,4.15,4.21,4.01,4.09,245025.0,100456.561,0.028184
2022-01-27,4.09,4.1,3.88,3.91,257774.0,102626.85,0.02965
2022-01-28,3.94,4.02,3.83,3.95,199163.0,78468.373,0.022909000000000002
2022-02-07,3.95,4.31,3.91,4.24,440184.0,182850.814,0.050632
2022-02-08,4.21,4.36,4.17,4.28,322505.6,137589.006,0.037096
2022-02-09,4.27,4.36,4.22,4.3,195651.6,83723.758,0.022505
2022-02-10,4.5,4.66,3.98,4.13,975645.0,412344.88,0.112223
2022-02-11,4.02,4.17,3.94,3.95,449324.0,180305.523,0.05168300000000001
2022-02-14,3.96,4.0,3.88,3.93,313392.71,123259.394,0.036048
2022-02-15,3.9,3.94,3.75,3.81,298662.0,114493.485,0.034352999999999995
2022-02-16,3.83,3.89,3.78,3.87,265038.0,101846.795,0.030486
2022-02-17,3.85,3.86,3.76,3.76,351264.0,133371.9,0.040404
2022-02-18,3.72,3.83,3.69,3.75,258317.0,97260.121,0.029713
2022-02-21,3.75,3.87,3.74,3.86,273833.0,104742.162,0.031497000000000004
2022-02-22,3.82,3.86,3.74,3.74,238158.61,90109.895,0.027393999999999998
2022-02-23,3.78,3.81,3.73,3.79,209741.37,79113.728,0.024125
2022-02-24,3.75,3.79,3.56,3.63,329559.4,121052.766,0.037907
2022-02-25,3.66,3.71,3.6,3.62,213186.71,77715.777,0.024522
2022-02-28,3.59,3.68,3.54,3.59,190035.83,68437.572,0.021859000000000003
2022-03-01,3.6,3.7,3.59,3.69,231829.0,84537.84,0.026666
2022-03-02,3.66,3.88,3.64,3.82,329020.23,123865.595,0.037845
2022-03-03,3.78,3.88,3.75,3.82,335663.52,127703.171,0.038609
2022-03-04,3.81,3.83,3.68,3.72,262236.0,98074.63,0.030163000000000002
2022-03-07,3.69,3.76,3.62,3.67,174624.43,64464.774,0.020086
2022-03-08,3.71,3.71,3.5,3.52,199641.78,71372.814,0.022964000000000002
2022-03-09,3.51,3.56,3.29,3.48,221066.01,76071.441,0.025428000000000003
2022-03-10,3.54,3.73,3.5,3.66,354312.2,128573.549,0.040754
2022-03-11,3.6,3.66,3.55,3.64,193990.98,69747.632,0.022313999999999997
2022-03-14,3.58,3.72,3.57,3.6,251546.0,91891.027,0.028934
2022-03-15,3.55,3.67,3.42,3.42,217759.19,77106.487,0.025048
2022-03-16,3.49,3.63,3.39,3.61,204045.0,71736.652,0.02347
2022-03-17,3.64,3.75,3.6,3.68,238457.91,87476.661,0.027427999999999998
2022-03-18,3.65,3.82,3.61,3.76,294492.51,110344.0,0.033874
2022-03-21,3.76,3.85,3.7,3.81,251569.11,94678.603,0.028936000000000003
2022-03-22,3.78,3.79,3.7,3.76,146017.0,54672.377,0.016795
2022-03-23,3.76,3.79,3.67,3.68,145215.2,54032.961,0.016703
2022-03-24,3.65,3.68,3.59,3.63,121751.6,44223.573,0.014004
2022-03-25,3.63,3.68,3.61,3.62,102866.9,37500.553,0.011832
2022-03-28,3.6,3.64,3.53,3.6,108318.04,38843.513,0.012459
2022-03-29,3.61,3.64,3.51,3.55,107213.9,38173.583,0.012332000000000001
2022-03-30,3.57,3.77,3.53,3.75,251072.69,92630.527,0.028879000000000002
2022-03-31,3.94,4.11,3.81,3.83,583840.15,228270.547,0.06715600000000001
2022-04-01,3.78,3.84,3.7,3.72,290376.41,108912.992,0.0334
2022-04-06,3.71,3.81,3.69,3.8,230804.0,86842.703,0.026548
2022-04-07,3.77,3.93,3.77,3.8,325891.29,125505.511,0.037485
2022-04-08,3.75,3.99,3.75,3.94,505176.6,197935.555,0.058107
2022-04-11,4.0,4.0,3.76,3.82,319679.0,123789.592,0.036771
2022-04-12,3.77,4.12,3.67,3.98,505427.31,199471.677,0.058136
2022-04-13,3.9,3.95,3.77,3.81,349320.0,133588.183,0.04018
2022-04-14,3.8,3.94,3.76,3.88,256018.45,98874.48,0.029448
2022-04-15,3.92,4.03,3.79,3.88,295552.45,115353.609,0.033996
2022-04-18,3.8,3.81,3.4,3.57,334159.25,120375.043,0.038436
2022-04-19,3.63,3.63,3.4,3.42,293586.0,101555.913,0.033769
2022-04-20,3.43,3.45,3.32,3.36,163179.6,55236.072,0.01877
2022-04-21,3.39,3.42,3.2,3.21,156573.0,51393.347,0.018009999999999998
2022-04-22,3.18,3.27,3.12,3.22,114512.45,36634.551,0.013172
2022-04-25,3.18,3.25,3.07,3.09,188769.0,59790.568,0.021713
2022-04-26,3.08,3.23,3.04,3.07,193871.0,60669.552,0.0223
2022-04-27,3.18,3.33,3.1,3.3,294282.4,94132.329,0.03385
2022-04-28,3.15,3.2,3.07,3.15,270298.0,84718.665,0.031091
2022-04-29,3.1,3.28,3.05,3.28,288054.4,91910.61,0.033132
2022-05-05,3.21,3.42,3.19,3.3,227186.56,74724.649,0.026131
2022-05-06,3.2,3.25,3.13,3.15,177772.0,56773.011,0.020447000000000003
2022-05-09,3.13,3.34,3.12,3.29,214101.2,69687.113,0.024626000000000002
2022-05-10,3.29,3.95,3.25,3.95,729495.25,272103.838,0.08390700000000001
2022-05-11,4.14,4.28,3.77,3.97,1246708.94,496797.104,0.143397
2022-05-12,3.86,3.91,3.73,3.83,585709.24,223993.214,0.067369
2022-05-13,3.8,3.84,3.72,3.72,368280.6,138404.423,0.042359999999999995
2022-05-16,3.71,3.76,3.65,3.72,309943.6,114714.171,0.03565
2022-05-17,3.68,3.72,3.63,3.66,231065.0,84793.636,0.026577000000000003
2022-05-18,3.64,3.72,3.64,3.7,200909.0,73960.268,0.023109
2022-05-19,3.64,3.77,3.59,3.75,340283.0,125713.98,0.03914
2022-05-20,3.78,3.78,3.63,3.66,276346.51,101854.925,0.031786
2022-05-23,3.64,3.68,3.6,3.64,189691.08,68879.936,0.021818
2022-05-24,3.7,3.77,3.38,3.38,352535.08,126107.527,0.040549
2022-05-25,3.38,3.56,3.38,3.55,269797.58,94407.758,0.031032
2022-05-26,3.55,3.66,3.5,3.51,232637.28,83053.85,0.026758
2022-05-27,3.48,3.69,3.45,3.58,283001.0,101371.139,0.032551000000000004
2022-05-30,3.58,3.66,3.52,3.63,258338.02,92701.297,0.029714
2022-05-31,3.61,3.62,3.52,3.56,215579.02,76675.358,0.024796
2022-06-01,3.56,3.61,3.46,3.51,188833.92,66742.082,0.021720000000000003
2022-06-02,3.48,3.53,3.46,3.51,132647.2,46301.462,0.015257
2022-06-06,3.55,3.68,3.5,3.65,318122.82,114140.667,0.036591
2022-06-07,3.63,3.69,3.59,3.69,282258.1,102702.157,0.032465
2022-06-08,3.68,3.83,3.64,3.7,355092.0,132409.435,0.040843
2022-06-09,3.69,3.9,3.65,3.83,549303.62,209927.952,0.063181
2022-06-10,3.85,3.87,3.75,3.86,317094.6,120796.138,0.036472000000000004
2022-06-13,3.8,3.96,3.73,3.89,431751.61,165286.089,0.04966
2022-06-14,3.85,3.95,3.72,3.82,329867.0,126005.422,0.037940999999999996
2022-06-15,3.82,3.99,3.79,3.88,445761.4,174569.608,0.051272000000000005
2022-06-16,3.9,3.95,3.78,3.85,411982.02,158777.826,0.047386
2022-06-17,3.79,3.89,3.74,3.85,233477.0,89051.483,0.026855000000000004
2022-06-20,3.9,4.04,3.86,3.87,361289.0,142475.21,0.041555999999999996
2022-06-21,3.85,3.92,3.77,3.8,266513.0,102302.494,0.030654
2022-06-22,3.8,3.92,3.69,3.72,385072.0,146295.178,0.044291
2022-06-23,3.75,3.77,3.68,3.77,234874.6,87650.748,0.027014999999999997
2022-06-24,3.79,3.86,3.72,3.75,211013.0,79383.524,0.024270999999999997
2022-06-27,3.75,3.82,3.72,3.78,218117.0,82315.577,0.025088
2022-06-28,3.8,3.86,3.7,3.84,314194.72,119493.054,0.036139000000000004
2022-06-29,3.82,3.89,3.77,3.77,272061.0,104145.039,0.031293
2022-06-30,4.01,4.14,3.86,3.95,703857.08,278853.613,0.080958
2022-07-01,3.98,4.06,3.88,3.93,444329.88,176265.231,0.05110699999999999
2022-07-04,3.91,3.94,3.82,3.87,240694.0,93018.331,0.027685
2022-07-05,3.85,3.88,3.75,3.79,221272.3,84268.222,0.025451
2022-07-06,3.76,3.79,3.66,3.69,155433.88,57704.088,0.017878
2022-07-07,3.68,3.73,3.67,3.69,118367.2,43727.715,0.013614999999999999
2022-07-08,3.71,3.73,3.68,3.69,112947.4,41831.518,0.012990999999999999
2022-07-11,3.68,3.69,3.55,3.58,190747.65,68784.119,0.02194
2022-07-12,3.56,3.68,3.55,3.6,158846.75,57674.819,0.018271
2022-07-13,3.62,3.73,3.62,3.68,143296.2,52690.088,0.016482
2022-07-14,3.66,3.68,3.57,3.6,169716.45,61096.023,0.019521
2022-07-15,3.56,3.58,3.45,3.45,146561.02,51410.785,0.016857999999999998
2022-07-18,3.5,3.62,3.48,3.62,173673.15,62291.176,0.019976
2022-07-19,3.68,3.68,3.59,3.64,125180.0,45463.119,0.014398
2022-07-20,3.64,3.66,3.61,3.63,108811.2,39485.384,0.012516000000000001
2022-07-21,3.63,3.82,3.61,3.73,309000.0,115358.6,0.035541
2022-07-22,3.74,4.14,3.73,4.0,860431.72,342751.54,0.09896699999999999
2022-07-25,4.06,4.36,3.99,4.04,966501.51,401027.803,0.11116799999999999
2022-07-26,4.02,4.07,3.86,3.92,587303.19,230609.337,0.067552
2022-07-27,3.9,4.15,3.9,4.02,501881.5,201685.735,0.057727
2022-07-28,4.25,4.3,4.01,4.12,663384.0,273430.57,0.076303
2022-07-29,4.19,4.25,4.04,4.07,425651.2,175219.587,0.048959
2022-08-01,4.1,4.24,4.0,4.18,443205.24,182935.068,0.050978
2022-08-02,4.12,4.12,3.89,3.93,380662.53,151506.984,0.043784000000000003
2022-08-03,3.95,4.06,3.84,3.84,274983.25,108402.982,0.031629
2022-08-04,3.85,3.89,3.78,3.87,199306.0,76462.31,0.022924000000000003
2022-08-05,3.9,3.99,3.85,3.94,201553.4,78998.879,0.023183
2022-08-08,3.93,3.97,3.86,3.92,144728.0,56477.673,0.016647000000000002
2022-08-09,3.91,3.96,3.89,3.91,170034.05,66703.094,0.019557
2022-08-10,3.91,4.03,3.86,3.93,207074.82,81869.48,0.023818000000000002
2022-08-11,3.96,4.09,3.94,4.02,273297.09,110005.801,0.031435
2022-08-12,4.0,4.0,3.9,3.9,208189.0,82071.52,0.023946000000000002
2022-08-15,3.86,3.86,3.77,3.8,262444.63,99680.248,0.030187
2022-08-16,3.81,3.85,3.78,3.83,147381.0,56083.421,0.016952000000000002
2022-08-17,3.81,3.86,3.75,3.78,192837.4,73174.13,0.02218
2022-08-18,3.78,3.79,3.68,3.7,222751.4,82646.655,0.025621
2022-08-19,3.69,3.72,3.66,3.66,150752.0,55635.251,0.01734
2022-08-22,3.66,3.68,3.61,3.68,107897.62,39381.58,0.012410000000000001
2022-08-23,3.67,3.67,3.59,3.63,159337.0,57680.925,0.018327
2022-08-24,3.64,3.67,3.56,3.57,179932.0,64858.107,0.020696
2022-08-25,3.6,3.63,3.51,3.61,182364.0,64913.872,0.020975999999999998
2022-08-26,3.61,3.61,3.52,3.53,128055.0,45614.271,0.014729
2022-08-29,3.5,3.55,3.46,3.54,111846.43,39369.913,0.012865
2022-08-30,3.57,3.59,3.5,3.55,107493.57,38047.082,0.011836
2022-08-31,3.53,3.56,3.46,3.47,134770.0,47088.357,0.014839999999999999
2022-09-01,3.47,3.53,3.42,3.44,121565.0,42303.406,0.013386
2022-09-02,3.42,3.49,3.41,3.49,86502.26,29987.561,0.009525
2022-09-05,3.5,3.59,3.49,3.53,110915.53,39158.817,0.012213
2022-09-06,3.55,3.55,3.5,3.55,87581.6,30885.197,0.009644
2022-09-07,3.54,3.55,3.5,3.51,116546.0,40966.04,0.012833
2022-09-08,3.51,3.53,3.48,3.5,76600.0,26850.525,0.008435
2022-09-09,3.49,3.52,3.46,3.51,101112.0,35396.813,0.011134
2022-09-13,3.52,3.55,3.49,3.53,143327.0,50468.581,0.015782
2022-09-14,3.49,3.51,3.44,3.49,127943.0,44551.655,0.014088
2022-09-15,3.54,3.55,3.36,3.42,160613.06,55223.943,0.017685
2022-09-16,3.4,3.4,3.26,3.26,152727.0,50684.029,0.016817
2022-09-19,3.25,3.26,3.19,3.21,113778.44,36656.541,0.012528
2022-09-20,3.23,3.29,3.23,3.27,76179.0,24791.013,0.008388
2022-09-21,3.28,3.32,3.21,3.3,90288.0,29530.879,0.009942
2022-09-22,3.27,3.31,3.25,3.26,84169.6,27593.919,0.009268
2022-09-23,3.25,3.27,3.18,3.2,73771.0,23767.144,0.008123
2022-09-26,3.16,3.21,3.1,3.12,88362.04,27840.715,0.009729999999999999
2022-09-27,3.12,3.22,3.1,3.21,96425.24,30615.156,0.010618
2022-09-28,3.22,3.23,3.1,3.11,106269.0,33569.7,0.011701
2022-09-29,3.13,3.15,3.03,3.06,118858.0,36685.238,0.013087999999999999
2022-09-30,3.05,3.08,3.02,3.03,92136.62,28046.508,0.010145
2022-10-10,3.04,3.05,2.92,2.97,106732.51,31847.85,0.011752
2022-10-11,2.95,3.01,2.9,2.97,77829.27,23018.876,0.00857
2022-10-12,2.99,3.08,2.91,3.07,118876.2,35654.701,0.01309
2022-10-13,3.07,3.11,3.03,3.07,101305.0,31126.474,0.011155
2022-10-14,3.1,3.14,3.08,3.11,82960.0,25881.839,0.009134999999999999
2022-10-17,3.08,3.2,3.08,3.18,99379.42,31358.807,0.010943000000000001
2022-10-18,3.18,3.21,3.16,3.16,72973.0,23215.035,0.008035
2022-10-19,3.17,3.18,3.11,3.11,75557.8,23749.463,0.00832
2022-10-20,3.1,3.14,3.06,3.08,91302.2,28287.874,0.010053000000000001
2022-10-21,3.08,3.11,3.03,3.05,67086.0,20594.691,0.007387
2022-10-24,3.05,3.1,2.97,2.98,90271.0,27335.955,0.00994
2022-10-25,2.96,3.0,2.92,2.97,72058.0,21309.403,0.007934
2022-10-26,2.97,3.04,2.95,3.02,79591.0,23939.617,0.008764
2022-10-27,3.02,3.04,2.99,2.99,65811.0,19827.742,0.007247
2022-10-28,2.92,2.94,2.81,2.82,149834.0,42997.521,0.016498
2022-10-31,2.8,2.88,2.77,2.86,70485.0,20002.167,0.0077610000000000005
2022-11-01,2.89,2.92,2.85,2.92,65164.32,18875.932,0.007175
2022-11-02,2.91,2.97,2.9,2.95,74012.32,21814.561,0.00815
2022-11-03,2.94,2.97,2.92,2.94,63959.0,18804.355,0.007043000000000001
2022-11-04,2.97,3.02,2.94,2.99,115684.0,34500.91,0.012738000000000001
2022-11-07,2.99,3.05,2.97,3.05,102301.0,30866.575,0.011265
2022-11-08,3.03,3.07,3.02,3.06,90252.5,27483.675,0.009938
2022-11-09,3.08,3.11,3.03,3.04,76333.32,23389.855,0.008405000000000001
2022-11-10,3.02,3.06,3.01,3.04,67518.38,20513.142,0.007435000000000001
2022-11-11,3.09,3.11,3.04,3.08,138059.0,42511.232,0.015202
2022-11-14,3.07,3.12,3.06,3.06,75259.37,23246.175,0.008287
2022-11-15,3.08,3.1,3.05,3.08,87723.12,27021.638,0.009659
2022-11-16,3.08,3.11,3.07,3.09,91277.87,28215.916,0.010051000000000001
2022-11-17,3.1,3.1,3.04,3.09,77858.0,23866.893,0.008572999999999999
2022-11-18,3.1,3.11,3.03,3.04,86521.0,26515.623,0.009527
2022-11-21,3.04,3.06,2.99,3.06,96275.73,29070.434,0.010601000000000001
2022-11-22,3.03,3.09,3.01,3.03,95749.62,29157.979,0.010543
2022-11-23,3.03,3.04,2.99,3.0,99029.0,29791.627,0.010904
2022-11-24,3.01,3.05,2.97,2.97,78314.0,23487.343,0.008622999999999999
2022-11-25,2.97,3.09,2.95,3.02,143525.9,43449.193,0.015804
2022-11-28,3.0,3.0,2.93,2.97,98718.4,29264.089,0.01087
2022-11-29,2.97,3.12,2.97,3.09,180545.0,55277.44,0.01988
2022-11-30,3.09,3.09,3.04,3.06,104774.0,32129.605,0.011536999999999999
2022-12-01,3.09,3.1,3.01,3.02,127782.53,38945.887,0.014070000000000001
2022-12-02,3.01,3.09,3.01,3.08,106024.0,32393.366,0.011674
2022-12-05,3.09,3.12,3.07,3.1,127166.6,39286.706,0.014003000000000002
2022-12-06,3.09,3.1,3.03,3.04,106965.0,32698.361,0.011778
2022-12-07,3.03,3.07,3.03,3.05,92084.0,28017.119,0.01014
2022-12-08,3.05,3.06,3.01,3.02,79438.2,24047.304,0.008747
2022-12-09,3.02,3.05,2.98,3.0,109500.4,32883.908,0.012057
2022-12-12,3.0,3.02,2.92,2.94,107043.0,31796.16,0.011787
2022-12-13,2.95,3.02,2.93,2.98,76759.1,22871.575,0.008452
2022-12-14,2.99,2.99,2.91,2.92,88202.0,25902.815,0.009712
2022-12-15,2.92,2.94,2.89,2.91,63379.0,18431.531,0.006979
2022-12-16,2.91,2.91,2.86,2.87,68153.0,19627.334,0.007503999999999999
2022-12-19,2.86,2.9,2.78,2.79,95176.0,26864.522,0.01048
2022-12-20,2.8,2.82,2.74,2.79,65819.0,18312.186,0.007247
2022-12-21,2.79,2.8,2.75,2.77,58168.0,16124.696,0.006404999999999999
2022-12-22,2.8,2.81,2.69,2.7,80100.0,22015.296,0.00882
2022-12-23,2.7,2.78,2.69,2.72,74346.0,20342.79,0.008186
2022-12-26,2.74,2.76,2.72,2.74,45406.99,12443.351,0.005
2022-12-27,2.74,2.79,2.74,2.77,58537.6,16175.89,0.0064459999999999995
2022-12-28,2.77,2.78,2.7,2.7,68434.0,18651.035,0.007534999999999999
2022-12-29,2.69,2.7,2.65,2.67,67096.0,17940.184,0.0073880000000000005
2022-12-30,2.67,2.71,2.66,2.7,45295.4,12200.148,0.004988
2023-01-03,2.7,2.76,2.69,2.76,80970.0,22163.524,0.008916
2023-01-04,2.76,2.83,2.74,2.81,95608.0,26816.149,0.010528
2023-01-05,2.83,2.83,2.78,2.78,58507.0,16332.083,0.006442
2023-01-06,2.79,2.82,2.77,2.8,76274.0,21334.736,0.008399
2023-01-09,2.8,2.92,2.79,2.9,173256.0,49799.01,0.019077
2023-01-10,2.91,3.06,2.88,2.98,228629.27,68175.455,0.025175
2023-01-11,2.99,3.02,2.9,2.92,88202.0,26047.552,0.009712
2023-01-12,2.91,2.93,2.86,2.89,68814.0,19908.932,0.007577
2023-01-13,2.89,2.9,2.85,2.87,39782.0,11427.267,0.00438
2023-01-16,2.88,2.89,2.85,2.87,51897.0,14931.217,0.005714
2023-01-17,2.89,2.89,2.83,2.85,45925.0,13095.492,0.005057000000000001
2023-01-18,2.87,2.87,2.83,2.85,58535.0,16667.78,0.006444999999999999
2023-01-19,2.86,2.86,2.81,2.84,75271.0,21356.292,0.008288
2023-01-20,2.86,2.92,2.85,2.9,84567.53,24351.657,0.009312
2023-01-30,2.95,3.02,2.93,3.01,153031.53,45768.563,0.016851
2023-01-31,3.01,3.03,2.98,3.02,92889.0,27939.957,0.010228
2023-02-01,3.02,3.02,2.98,3.02,104471.0,31352.488,0.011503000000000001
2023-02-02,3.02,3.03,2.99,3.0,81094.78,24351.128,0.008929
2023-02-03,3.0,3.0,2.95,2.99,78647.78,23375.677,0.00866
2023-02-06,3.0,3.01,2.96,2.98,56683.78,16914.727,0.006242
2023-02-07,2.97,3.0,2.97,3.0,70136.0,20940.519,0.007723
2023-02-08,3.0,3.02,2.97,3.0,59948.0,17928.603,0.006601
2023-02-09,3.0,3.01,2.95,3.01,68581.0,20497.682,0.007552
2023-02-10,3.0,3.13,2.98,3.11,254752.68,78231.086,0.028051
2023-02-13,3.16,3.73,3.09,3.59,1290003.86,452248.808,0.142044
2023-02-14,3.46,3.49,3.35,3.38,879077.04,298713.454,0.09679600000000001
2023-02-15,3.39,3.42,3.29,3.31,413574.8,137396.692,0.045538999999999996
2023-02-16,3.34,3.34,3.17,3.19,364175.2,118784.02,0.0401
2023-02-17,3.21,3.33,3.18,3.21,390532.07,126733.733,0.043002000000000005
2023-02-20,3.2,3.25,3.16,3.22,239004.87,76586.429,0.026317
2023-02-21,3.22,3.24,3.17,3.21,178054.64,57118.22,0.019606
2023-02-22,3.2,3.21,3.17,3.19,120868.96,38522.15,0.013309
2023-02-23,3.21,3.22,3.16,3.19,120184.04,38309.883,0.013234
2023-02-24,3.2,3.2,3.14,3.16,103786.8,32843.448,0.011428
2023-02-27,3.16,3.17,3.11,3.12,102410.64,32045.612,0.011276999999999999
2023-02-28,3.11,3.15,3.1,3.15,108347.0,33841.593,0.011930000000000001
2023-03-01,3.14,3.2,3.14,3.18,117133.6,37145.42,0.012898
2023-03-02,3.17,3.24,3.16,3.22,167877.0,53938.697,0.018485
2023-03-03,3.24,3.24,3.16,3.18,120303.4,38344.651,0.013247
2023-03-06,3.18,3.21,3.14,3.16,92956.0,29449.092,0.010236
2023-03-07,3.18,3.18,3.1,3.11,93801.0,29333.982,0.010329
2023-03-08,3.1,3.16,3.09,3.15,91693.21,28574.015,0.010096
2023-03-09,3.16,3.17,3.13,3.17,96194.5,30316.158,0.010591999999999999
2023-03-10,3.16,3.16,3.09,3.1,97084.13,30214.826,0.01069
2023-03-13,3.08,3.12,3.04,3.05,119672.73,36732.67,0.013177000000000001
2023-03-14,3.05,3.06,2.97,3.01,121254.0,36492.031,0.013351
2023-03-15,3.03,3.08,3.02,3.06,77880.33,23772.664,0.008576
2023-03-16,3.05,3.05,2.99,2.99,74793.2,22562.664,0.008236
2023-03-17,3.02,3.04,3.0,3.01,89781.0,27110.208,0.009886
2023-03-20,3.01,3.03,2.96,2.97,103772.33,31006.999,0.011427
2023-03-21,2.98,3.06,2.95,3.06,127024.8,38325.51,0.013987000000000001
2023-03-22,3.06,3.07,3.03,3.06,98982.0,30191.296,0.010899
2023-03-23,3.05,3.06,3.03,3.04,83525.79,25386.312,0.009197
2023-03-24,3.04,3.04,2.97,2.99,128628.94,38515.763,0.014164000000000001
2023-03-27,2.99,3.0,2.9,2.93,146870.19,43063.764,0.016172
2023-03-28,2.92,2.93,2.87,2.88,116355.5,33654.723,0.012811999999999999
2023-03-29,2.88,2.88,2.83,2.85,102238.94,29172.285,0.011257999999999999
2023-03-30,2.86,2.86,2.8,2.82,98645.79,27851.68,0.010862
2023-03-31,2.82,2.89,2.81,2.87,84788.2,24193.068,0.009336
2023-04-03,2.87,2.89,2.82,2.84,94727.58,26935.353,0.010431
2023-04-04,2.84,2.85,2.79,2.8,113014.0,31750.764,0.012444
2023-04-06,2.79,2.86,2.78,2.83,91637.2,25962.903,0.010089999999999998
2023-04-07,2.82,2.86,2.81,2.85,82894.4,23549.165,0.009127999999999999
2023-04-10,2.84,2.88,2.78,2.8,100277.69,28363.254,0.011042000000000001
2023-04-11,2.79,2.82,2.77,2.79,71230.79,19865.03,0.007843
2023-04-12,2.79,2.82,2.78,2.82,63716.2,17870.969,0.007016
2023-04-13,2.82,2.83,2.76,2.77,91008.4,25415.381,0.010021
2023-04-14,2.78,2.8,2.74,2.76,106200.44,29403.035,0.011694
2023-04-17,2.76,2.76,2.71,2.74,114898.54,31383.512,0.012652000000000002
2023-04-18,2.75,2.75,2.69,2.71,91449.0,24770.223,0.010069999999999999
2023-04-19,2.7,2.71,2.68,2.69,66528.2,17894.702,0.007326
2023-04-20,2.68,2.69,2.62,2.65,101714.0,26888.376,0.011200000000000002
2023-04-21,2.64,2.66,2.56,2.57,125829.0,32875.742,0.013855
2023-04-24,2.56,2.62,2.53,2.58,75985.04,19575.971,0.008367
2023-04-25,2.59,2.59,2.48,2.54,115117.32,29042.651,0.012676
2023-04-26,2.52,2.56,2.49,2.53,96587.2,24352.051,0.010634999999999999
2023-04-27,2.52,2.56,2.5,2.5,78725.42,19864.784,0.008669
2023-04-28,2.49,2.65,2.49,2.64,174737.4,45496.883,0.019240999999999998
2023-05-04,2.63,2.7,2.63,2.68,147250.0,39276.133,0.016214
2023-05-05,2.69,2.71,2.65,2.67,65745.6,17542.012,0.007239
2023-05-08,2.66,2.72,2.64,2.65,64165.24,17088.352,0.007065
2023-05-09,2.66,2.68,2.62,2.63,105066.6,27837.879,0.011569000000000001
2023-05-10,2.63,2.68,2.63,2.66,79686.0,21149.615,0.008773999999999999
2023-05-11,2.65,2.69,2.62,2.68,90034.81,23940.183,0.009914
2023-05-12,2.67,2.7,2.64,2.68,91000.74,24307.421,0.01002
2023-05-15,2.67,2.68,2.62,2.66,67890.4,17985.348,0.007476
2023-05-16,2.65,2.68,2.6,2.61,78586.34,20633.916,0.008653
2023-05-17,2.61,2.72,2.59,2.71,126194.16,33755.937,0.013895
2023-05-18,2.71,2.72,2.67,2.69,74660.27,20131.539,0.008221000000000001
2023-05-19,2.69,2.69,2.63,2.64,71455.93,18934.997,0.007868
2023-05-22,2.64,2.66,2.62,2.66,74800.88,19748.73,0.008236
2023-05-23,2.65,2.67,2.63,2.64,43591.8,11559.46,0.0048
2023-05-24,2.64,2.72,2.6,2.71,175023.47,46857.622,0.019272
2023-05-25,2.69,2.77,2.64,2.77,218942.0,59284.73,0.024108
2023-05-26,3.03,3.13,2.8,2.82,622815.97,184449.499,0.068579
2023-05-29,2.78,2.82,2.69,2.7,355529.2,97297.5,0.039148
2023-05-30,2.68,2.84,2.67,2.72,291188.0,79644.73,0.032063
2023-05-31,2.7,2.72,2.63,2.63,199428.63,53263.387,0.021959
2023-06-01,2.63,2.68,2.61,2.64,108814.52,28824.14,0.011982
2023-06-02,2.65,2.71,2.65,2.7,102365.8,27391.645,0.011271999999999999
2023-06-05,2.7,2.7,2.63,2.65,123108.12,32744.278,0.013555999999999999
2023-06-06,2.66,2.66,2.59,2.59,97743.0,25604.282,0.010763
2023-06-07,2.59,2.61,2.57,2.59,75317.0,19503.449,0.008293
2023-06-08,2.58,2.59,2.55,2.57,47110.4,12117.072,0.005187000000000001
2023-06-09,2.57,2.57,2.52,2.53,82479.0,20923.523,0.009082
2023-06-12,2.53,2.57,2.5,2.56,69233.8,17586.489,0.007623
2023-06-13,2.56,2.59,2.54,2.57,46529.69,11973.971,0.005123
2023-06-14,2.58,2.59,2.54,2.56,65379.6,16763.507,0.007199
2023-06-15,2.55,2.59,2.54,2.58,59243.0,15182.667,0.006523
2023-06-16,2.58,2.63,2.57,2.61,77017.0,20123.453,0.00848
2023-06-19,2.62,2.62,2.55,2.56,62417.0,16063.927,0.006873000000000001
2023-06-20,2.55,2.57,2.52,2.52,54946.4,13923.304,0.00605
2023-06-21,2.53,2.57,2.52,2.52,69409.0,17613.663,0.007643
2023-06-26,2.5,2.52,2.46,2.47,71017.0,17676.508,0.00782
2023-06-27,2.47,2.54,2.47,2.54,58536.0,14746.35,0.006444999999999999
2023-06-28,2.53,2.54,2.47,2.53,84945.0,21204.213,0.009353
2023-06-29,2.52,2.56,2.51,2.54,61813.93,15703.76,0.0068059999999999996
2023-06-30,2.54,2.58,2.53,2.57,79180.05,20310.03,0.008719
2023-07-03,2.58,2.62,2.58,2.6,88246.0,22949.197,0.009717
2023-07-04,2.6,2.6,2.57,2.59,48420.0,12513.891,0.005332
2023-07-05,2.59,2.59,2.56,2.58,55019.0,14151.996,0.006058
2023-07-06,2.57,2.58,2.55,2.57,50081.0,12856.994,0.005514
2023-07-07,2.58,2.58,2.55,2.57,59491.0,15257.878,0.006551
2023-07-10,2.57,2.59,2.56,2.58,55293.0,14244.841,0.006088
2023-07-11,2.58,3.1,2.56,3.1,1344770.61,400854.968,0.14807499999999998
2023-07-12,3.02,3.05,2.89,2.9,1067643.6,313436.408,0.11756
2023-07-13,2.91,2.94,2.77,2.77,803497.6,226215.531,0.088474
2023-07-14,2.78,2.81,2.72,2.74,499645.73,137711.707,0.055016999999999996
2023-07-17,2.74,2.76,2.69,2.72,324618.04,88289.947,0.035744
2023-07-18,2.7,2.75,2.68,2.73,282311.8,76906.013,0.031086
2023-07-19,2.71,2.76,2.69,2.73,208822.3,56875.961,0.022994
2023-07-20,2.72,2.73,2.67,2.67,237557.0,64051.774,0.026158
2023-07-21,2.65,2.75,2.65,2.74,288597.71,78312.703,0.031778
2023-07-24,2.78,2.79,2.69,2.71,232511.51,63372.712,0.025602
2023-07-25,2.7,2.81,2.7,2.79,426177.07,118290.272,0.046927
2023-07-26,2.81,2.93,2.78,2.91,674729.11,193517.973,0.074295
2023-07-27,2.92,3.02,2.87,2.89,651601.0,190374.494,0.07174900000000001
2023-07-28,2.92,3.17,2.9,2.95,664416.0,197684.719,0.07316
2023-07-31,2.89,3.44,2.87,3.21,1086975.83,341506.084,0.11968899999999999
2023-08-01,3.17,3.25,3.08,3.11,794370.0,249923.758,0.087469
2023-08-02,3.09,3.12,3.01,3.04,408868.0,124641.198,0.045021000000000005
2023-08-03,3.05,3.07,2.97,3.0,252253.33,75668.151,0.027776000000000002
2023-08-04,3.01,3.02,2.92,2.94,281108.91,83033.517,0.030952999999999998
2023-08-07,2.94,2.95,2.9,2.91,162161.0,47362.591,0.017856
2023-08-08,2.91,2.95,2.89,2.91,161826.0,47171.06,0.017819
2023-08-09,2.94,3.03,2.91,2.95,527463.0,156625.174,0.05808
2023-08-10,2.91,2.94,2.86,2.87,291529.0,84178.083,0.032101000000000005
2023-08-11,2.9,2.93,2.82,2.83,218608.95,62539.57,0.024071
2023-08-14,2.8,2.86,2.77,2.83,126948.25,35898.734,0.013977999999999999
2023-08-15,2.83,2.85,2.76,2.79,131534.0,36680.981,0.014483
2023-08-16,2.77,2.83,2.75,2.8,97101.0,27109.023,0.010692
2023-08-17,2.78,2.88,2.76,2.87,152235.0,43091.268,0.016763
2023-08-18,2.86,2.9,2.81,2.82,135648.0,38779.52,0.014936
2023-08-21,2.84,2.89,2.81,2.86,153084.0,43789.029,0.016856
2023-08-22,2.85,2.87,2.74,2.79,172162.0,47951.033,0.018956999999999998
2023-08-23,2.79,2.79,2.73,2.74,108896.0,30058.366,0.011991
2023-08-24,2.76,2.78,2.7,2.7,105141.0,28601.936,0.011576999999999999
2023-08-25,2.7,2.81,2.69,2.71,150200.2,41261.439,0.016538999999999998
2023-08-28,2.85,2.89,2.77,2.79,289035.0,81914.283,0.031826
2023-08-29,2.79,2.89,2.77,2.86,216223.0,61466.462,0.023809
2023-08-30,2.82,2.83,2.74,2.76,269066.0,74817.099,0.029627
2023-08-31,2.75,2.77,2.7,2.71,142900.0,38873.863,0.015735
2023-09-01,2.72,2.75,2.7,2.74,116378.0,31715.882,0.012815
2023-09-04,2.74,2.9,2.73,2.89,360041.6,102455.133,0.039645
2023-09-05,2.91,2.91,2.81,2.84,177510.0,50375.946,0.019545999999999997
2023-09-06,2.86,2.87,2.8,2.85,144958.13,41131.788,0.015962
2023-09-07,2.84,2.87,2.78,2.79,132133.0,37179.599,0.014549000000000001
2023-09-08,2.79,2.84,2.77,2.82,109039.2,30554.532,0.012006
2023-09-11,2.82,2.82,2.73,2.75,196942.2,54353.038,0.021686
2023-09-12,2.75,2.76,2.71,2.73,109942.0,29977.022,0.012105999999999999
2023-09-13,2.8,2.93,2.76,2.84,544850.35,155091.767,0.059994
2023-09-14,2.81,2.82,2.7,2.7,345692.0,94700.274,0.038065
2023-09-15,2.7,2.71,2.64,2.65,183390.0,48853.505,0.020193
2023-09-18,2.63,2.67,2.6,2.65,127341.5,33653.622,0.014022
2023-09-19,2.65,2.65,2.61,2.62,88168.0,23134.522,0.009708
2023-09-20,2.62,2.63,2.59,2.6,72045.0,18810.045,0.007933
2023-09-21,2.6,2.62,2.58,2.6,62991.8,16391.075,0.006936
2023-09-22,2.6,2.64,2.58,2.64,84676.0,22178.798,0.009324
2023-09-25,2.63,2.64,2.59,2.61,85196.0,22281.322,0.009381
2023-09-26,2.61,2.62,2.59,2.6,60869.0,15829.153,0.0067020000000000005
2023-09-27,2.6,2.67,2.57,2.65,141372.6,37319.464,0.015567
2023-09-28,2.65,2.67,2.64,2.66,84457.7,22454.612,0.009300000000000001
2023-10-09,2.66,2.68,2.62,2.63,100097.4,26466.366,0.011022
2023-10-10,2.64,2.66,2.62,2.66,92074.35,24355.651,0.010138000000000001
2023-10-11,2.66,2.7,2.63,2.65,130018.0,34555.835,0.014316
2023-10-12,2.65,2.67,2.62,2.66,68156.61,18054.528,0.0075049999999999995
2023-10-13,2.65,2.66,2.62,2.64,74290.35,19576.887,0.00818
2023-10-16,2.64,2.64,2.61,2.62,72146.26,18919.004,0.007944
2023-10-17,2.63,2.64,2.6,2.61,70452.3,18454.131,0.007758
2023-10-18,2.62,2.62,2.55,2.56,78672.0,20240.108,0.008662999999999999
2023-10-19,2.55,2.59,2.53,2.54,76154.0,19456.086,0.008385
2023-10-20,2.53,2.61,2.52,2.58,122562.38,31558.039,0.013496
2023-10-23,2.56,2.57,2.48,2.53,115981.2,29184.717,0.012771
2023-10-24,2.54,2.6,2.5,2.57,162748.2,41770.607,0.017920000000000002
2023-10-25,2.85,2.86,2.69,2.73,698059.76,192870.004,0.076864
2023-10-26,2.7,2.81,2.69,2.77,453437.0,123767.742,0.049928999999999994
2023-10-27,2.73,2.99,2.73,2.89,843452.09,244639.276,0.092874
2023-10-30,2.81,2.87,2.76,2.83,480252.5,135444.587,0.052881
2023-10-31,2.81,2.81,2.72,2.73,331603.35,91197.434,0.036513
2023-11-01,2.73,2.74,2.69,2.7,166992.0,45167.884,0.018388
2023-11-02,2.7,2.74,2.68,2.7,156124.0,42310.199,0.017191
2023-11-03,2.69,2.75,2.69,2.71,172303.0,47024.421,0.018973
2023-11-06,2.73,2.79,2.73,2.79,233948.2,64733.403,0.02576
2023-11-07,2.78,2.79,2.73,2.76,169547.0,46708.53,0.018669
2023-11-08,2.78,2.78,2.73,2.75,146297.0,40220.127,0.016109
2023-11-09,2.75,2.76,2.7,2.71,167614.0,45687.759,0.018456
2023-11-10,2.74,2.76,2.69,2.72,157627.0,42856.73,0.017357
2023-11-13,2.73,2.77,2.71,2.76,150720.0,41302.095,0.016596
2023-11-14,2.76,2.76,2.72,2.75,95780.26,26285.929,0.010546999999999999
2023-11-15,2.76,2.81,2.75,2.78,173169.0,48159.226,0.019068
2023-11-16,2.77,2.79,2.74,2.75,116837.0,32285.32,0.012865
2023-11-17,2.75,2.84,2.74,2.81,217940.0,60904.241,0.023998
2023-11-20,2.82,2.84,2.78,2.82,146439.0,41120.29,0.016125
2023-11-21,2.82,2.88,2.82,2.86,219241.5,62562.797,0.024141
2023-11-22,2.84,2.87,2.81,2.83,137116.32,38918.01,0.015098
2023-11-23,2.82,2.87,2.8,2.86,142247.0,40428.795,0.015663
2023-11-24,2.86,2.87,2.81,2.82,130079.0,36850.336,0.014322999999999999
2023-11-27,2.82,2.84,2.78,2.81,117718.26,33023.396,0.012962
2023-11-28,2.8,2.84,2.78,2.84,102120.46,28816.146,0.011245
2023-11-29,2.84,2.85,2.79,2.81,103484.0,29110.633,0.011394999999999999
2023-11-30,2.8,2.87,2.78,2.83,156797.0,44305.671,0.017265
2023-12-01,2.84,2.84,2.8,2.82,93555.0,26374.871,0.010301
2023-12-04,2.82,2.86,2.82,2.86,109641.0,31216.83,0.012073
2023-12-05,2.84,2.86,2.8,2.8,105115.66,29646.875,0.011574
2023-12-06,2.79,2.85,2.79,2.83,111719.0,31622.228,0.012302
2023-12-07,2.83,2.84,2.8,2.81,98667.0,27778.801,0.010864
2023-12-08,2.82,2.82,2.73,2.73,176988.0,48824.25,0.019488000000000002
2023-12-11,2.73,2.75,2.69,2.73,115244.0,31431.706,0.01269
2023-12-12,2.73,2.78,2.72,2.77,101414.0,27871.517,0.011167
2023-12-13,2.76,2.79,2.75,2.75,89599.2,24784.982,0.009866
2023-12-14,2.76,2.79,2.74,2.75,58247.0,16108.163,0.0064139999999999996
2023-12-15,2.75,2.78,2.74,2.76,79685.7,21987.538,0.008773999999999999
2023-12-18,2.76,2.76,2.68,2.68,94772.0,25640.59,0.010435000000000002
2023-12-19,2.67,2.72,2.66,2.69,69642.0,18656.245,0.007668
2023-12-20,2.68,2.75,2.67,2.67,80315.7,21749.857,0.008844
2023-12-21,2.67,2.72,2.64,2.71,86617.0,23262.564,0.009538
2023-12-22,2.72,2.73,2.66,2.66,95307.0,25498.83,0.010494000000000002
2023-12-25,2.66,2.67,2.63,2.63,64857.0,17149.586,0.007141999999999999
2023-12-26,2.64,2.66,2.62,2.63,72838.0,19209.533,0.008020000000000001
2023-12-27,2.62,2.65,2.6,2.63,56684.0,14883.636,0.006242
2023-12-28,2.61,2.69,2.58,2.67,129482.0,34328.069,0.014256999999999999
2023-12-29,2.66,2.7,2.65,2.69,68757.6,18475.771,0.007571
2024-01-02,2.72,2.76,2.7,2.74,103620.0,28308.388,0.01141
2024-01-03,2.73,2.75,2.71,2.74,67054.6,18310.431,0.007383
2024-01-04,2.75,2.76,2.72,2.74,71508.0,19533.248,0.007873999999999999
2024-01-05,2.73,2.77,2.69,2.71,101749.2,27798.82,0.011204
2024-01-08,2.7,2.73,2.67,2.67,72643.0,19607.074,0.007999000000000001
2024-01-09,2.66,2.75,2.66,2.73,82482.0,22410.675,0.009082
2024-01-10,2.71,2.75,2.67,2.73,93619.7,25474.696,0.010308999999999999
2024-01-11,2.75,2.86,2.72,2.82,218471.0,61068.59,0.024056
2024-01-12,2.82,2.87,2.78,2.8,186325.0,52509.13,0.020516999999999997
2024-01-15,2.79,2.8,2.75,2.78,109745.0,30395.283,0.012084
2024-01-16,2.76,2.8,2.72,2.78,120740.0,33331.392,0.013295
2024-01-17,2.76,2.78,2.7,2.71,83155.0,22740.676,0.009156
2024-01-18,2.68,2.71,2.58,2.65,135042.0,35598.055,0.014870000000000001
2024-01-19,2.65,2.66,2.58,2.58,85173.0,22281.732,0.009379
2024-01-22,2.58,2.59,2.4,2.41,162484.59,40424.575,0.017891
2024-01-23,2.39,2.41,2.29,2.35,174695.53,40885.547,0.019236
2024-01-24,2.34,2.45,2.32,2.43,135720.0,32482.273,0.014943999999999999
2024-01-25,2.44,2.52,2.44,2.51,123485.0,30659.202,0.013597
2024-01-26,2.52,2.61,2.51,2.57,125682.0,32371.311,0.013838999999999999
2024-01-29,2.56,2.6,2.48,2.48,113098.0,28569.199,0.012453
2024-01-30,2.46,2.5,2.39,2.4,81921.0,20073.666,0.00902
2024-01-31,2.37,2.4,2.18,2.2,232647.2,52829.686,0.025617
2024-02-01,2.2,2.22,2.06,2.08,225436.0,47484.133,0.024822999999999998
2024-02-02,2.1,2.13,1.89,1.97,204233.0,41093.956,0.022488
2024-02-05,1.93,1.95,1.58,1.62,391522.2,66200.41,0.043111
2024-02-06,1.58,1.64,1.41,1.53,415821.0,62426.008,0.045787
2024-02-07,1.51,1.55,1.27,1.33,487087.0,67111.901,0.053634
2024-02-08,1.31,1.51,1.16,1.48,433702.48,57555.257,0.047756
2024-02-19,1.51,1.57,1.48,1.51,413554.14,62802.667,0.045537
2024-02-20,1.5,1.58,1.46,1.57,310703.6,47963.325,0.034212
2024-02-21,1.54,1.82,1.53,1.72,529344.0,89891.614,0.058287000000000005
2024-02-22,1.67,1.78,1.67,1.74,368813.21,63369.075,0.040610999999999994
2024-02-23,1.75,2.09,1.72,2.09,788940.85,152827.879,0.08687099999999999
2024-02-26,2.07,2.27,2.02,2.09,904954.89,192979.716,0.09964600000000001
2024-02-27,2.06,2.11,2.01,2.06,606751.0,124199.352,0.06681
2024-02-28,2.08,2.28,1.97,1.97,774955.12,163852.883,0.08533099999999999
2024-02-29,1.95,2.04,1.93,2.02,481036.0,95577.362,0.052968
2024-03-01,2.05,2.06,1.94,1.98,359078.0,71089.912,0.039539
2024-03-04,1.99,2.0,1.91,1.97,292250.13,57241.237,0.03218
2024-03-05,1.98,1.98,1.87,1.88,276492.0,52656.618,0.030445000000000003
2024-03-06,1.88,1.93,1.87,1.89,193758.0,36753.969,0.021335000000000003
2024-03-07,1.89,1.97,1.89,1.9,306298.5,59034.427,0.033727
2024-03-08,1.9,2.02,1.86,1.97,350038.5,68156.678,0.038543
2024-03-11,1.98,2.1,1.95,2.05,393898.89,79337.816,0.043373
2024-03-12,2.07,2.09,1.98,2.02,324532.38,65340.283,0.035735
2024-03-13,2.02,2.04,1.98,2.0,210600.57,42118.217,0.02319
2024-03-14,1.98,2.06,1.97,2.02,273908.37,55021.815,0.03016
2024-03-15,2.02,2.12,1.97,2.09,489074.5,100560.139,0.053853
2024-03-18,2.09,2.11,2.01,2.04,541043.5,110365.602,0.059574999999999996
2024-03-19,2.03,2.07,2.01,2.02,384881.78,78637.286,0.04238
2024-03-20,2.02,2.09,2.01,2.07,503696.0,103532.379,0.055463
2024-03-21,2.08,2.13,2.02,2.09,500174.61,103509.157,0.055075000000000006
2024-03-22,2.07,2.09,1.99,2.02,447011.0,90387.504,0.049221
2024-03-25,2.01,2.01,1.9,1.91,290878.27,56943.013,0.032029
2024-03-26,1.9,1.96,1.89,1.94,220195.0,42347.908,0.024246
2024-03-27,1.93,1.95,1.84,1.85,219812.0,41831.711,0.024204
2024-03-28,1.87,1.94,1.86,1.93,210420.0,40210.655,0.023170000000000003
2024-03-29,1.94,1.95,1.9,1.92,153653.3,29492.878,0.016919
2024-04-01,1.93,1.97,1.92,1.97,211658.94,41116.62,0.023306
2024-04-02,1.97,2.04,1.95,2.01,283614.5,56804.285,0.031229
2024-04-03,2.01,2.02,1.94,1.96,176609.46,34783.492,0.019447000000000002
2024-04-08,1.95,1.95,1.88,1.89,179853.67,34324.85,0.019804
2024-04-09,1.89,1.92,1.83,1.86,285068.57,53178.43,0.031389
2024-04-10,1.86,1.86,1.73,1.76,320726.5,56849.757,0.035316
2024-04-11,1.75,1.81,1.73,1.78,184736.8,32944.178,0.020342
2024-04-12,1.78,1.81,1.72,1.73,174968.0,30692.643,0.019266000000000002
2024-04-15,1.72,1.74,1.55,1.61,322823.4,52435.447,0.035547
2024-04-16,1.58,1.59,1.38,1.4,381883.0,55687.66,0.042050000000000004
2024-04-17,1.43,1.56,1.43,1.56,321462.53,48790.559,0.035397
2024-04-18,1.54,1.58,1.51,1.52,215361.0,33025.736,0.023714
2024-04-19,1.51,1.54,1.46,1.48,227898.0,34044.721,0.025093999999999998
2024-04-22,1.52,1.62,1.42,1.46,349863.66,52320.277,0.038523999999999996
2024-04-23,1.45,1.51,1.45,1.47,267605.86,39710.264,0.029466000000000003
2024-04-24,1.46,1.52,1.46,1.5,252014.2,37582.356,0.02775
2024-04-25,1.49,1.53,1.47,1.5,217312.0,32713.959,0.023929
2024-04-26,1.5,1.51,1.47,1.48,237293.41,35408.164,0.026129
2024-04-29,1.51,1.65,1.5,1.63,414889.43,66090.878,0.045683999999999995
2024-04-30,1.64,1.66,1.56,1.58,285451.51,45571.029,0.031431
2024-05-06,1.61,1.64,1.58,1.63,251772.73,40536.983,0.027723
2024-05-07,1.63,1.69,1.61,1.68,307016.0,51123.706,0.033805999999999996
2024-05-08,1.68,1.7,1.63,1.65,248493.0,41214.832,0.027362
2024-05-09,1.66,1.69,1.65,1.66,243503.0,40620.829,0.026812
2024-05-10,1.66,1.67,1.6,1.63,223545.26,36251.877,0.024615
2024-05-13,1.61,1.62,1.52,1.54,259515.52,40215.244,0.028576
2024-05-14,1.53,1.59,1.53,1.58,198669.26,31007.989,0.021876000000000003
2024-05-15,1.57,1.61,1.56,1.57,167928.2,26612.143,0.018491
2024-05-16,1.58,1.64,1.57,1.61,333472.0,53397.61,0.036719
2024-05-17,1.62,1.63,1.59,1.63,228804.74,36818.437,0.025194
2024-05-20,1.63,1.64,1.59,1.61,239509.0,38633.206,0.026373
2024-05-21,1.6,1.6,1.56,1.58,212500.0,33411.121,0.023399
2024-05-22,1.57,1.62,1.55,1.59,205933.0,32801.235,0.022675999999999998
2024-05-23,1.59,1.59,1.53,1.54,247329.0,38372.149,0.027233999999999998
2024-05-24,1.54,1.57,1.52,1.53,132710.0,20412.531,0.014613000000000001
2024-05-27,1.52,1.54,1.46,1.48,221789.8,32844.545,0.024422000000000003
2024-05-28,1.48,1.5,1.43,1.45,171134.01,25058.799,0.018844
2024-05-29,1.43,1.47,1.42,1.44,160579.0,23210.724,0.017682
2024-05-30,1.43,1.45,1.4,1.4,166744.0,23644.942,0.01836
2024-05-31,1.41,1.43,1.39,1.41,169977.0,23991.756,0.018716
2024-06-03,1.41,1.41,1.33,1.36,271387.0,37067.528,0.029883000000000003
2024-06-04,1.36,1.36,1.22,1.26,434959.32,55003.487,0.047894
2024-06-05,1.08,1.21,1.01,1.16,589146.5,66606.018,0.064872
2024-06-06,1.13,1.17,1.04,1.04,562605.0,60944.758,0.061949
2024-06-07,1.09,1.25,1.09,1.25,768633.82,93511.794,0.084635
2024-06-11,1.29,1.34,1.18,1.22,979978.7,121468.068,0.10790699999999999
2024-06-12,1.22,1.31,1.21,1.25,699375.92,87949.754,0.077009
2024-06-13,1.24,1.26,1.17,1.18,546695.0,65936.844,0.060197
2024-06-14,1.16,1.25,1.16,1.19,413917.91,49849.351,0.045577
2024-06-17,1.17,1.2,1.15,1.16,301782.01,35245.654,0.03323
2024-06-18,1.16,1.21,1.15,1.2,243374.3,28898.882,0.026798000000000002
2024-06-19,1.2,1.23,1.18,1.2,178943.2,21467.279,0.019704
2024-06-20,1.2,1.2,1.12,1.13,288359.2,33251.948,0.031751999999999996
2024-06-21,1.12,1.3,1.09,1.23,611159.4,74649.991,0.067296
2024-06-24,1.2,1.2,1.1,1.13,537241.0,61195.085,0.05915600000000001
2024-06-25,1.1,1.14,1.09,1.11,326006.0,36248.061,0.035897
2024-06-26,1.09,1.2,1.06,1.2,404004.0,45757.437,0.044485000000000004
2024-06-27,1.16,1.19,1.14,1.15,287359.02,33293.714,0.031642
2024-06-28,1.12,1.16,1.1,1.1,293880.0,33251.479,0.03236
2024-07-01,1.14,1.17,1.1,1.14,245433.7,27803.351,0.027025
2024-07-02,1.14,1.25,1.11,1.2,595991.0,71171.331,0.065625
2024-07-03,1.2,1.42,1.19,1.3,940067.3,122887.419,0.103512
2024-07-04,1.26,1.29,1.17,1.2,643034.8,78158.659,0.070806
2024-07-05,1.19,1.32,1.17,1.26,708305.8,88830.774,0.07799299999999999
2024-07-08,1.24,1.26,1.18,1.2,457857.8,55529.638,0.050415
2024-07-09,1.2,1.21,1.12,1.16,449153.0,51772.122,0.049457
2024-07-10,1.15,1.15,1.1,1.11,346405.0,38764.636,0.038142999999999996
2024-07-11,1.12,1.17,1.12,1.16,314766.0,36304.485,0.034659
2024-07-12,1.16,1.39,1.16,1.22,997370.0,128853.323,0.109822
2024-07-15,1.22,1.35,1.22,1.26,901369.6,114943.956,0.099251
2024-07-16,1.23,1.3,1.2,1.25,656453.0,81512.251,0.072283
2024-07-17,1.23,1.24,1.17,1.18,513706.4,61744.108,0.056565000000000004
2024-07-18,1.16,1.22,1.13,1.21,467286.4,55150.179,0.05145400000000001
2024-07-19,1.19,1.21,1.17,1.17,331620.0,39288.574,0.036515
2024-07-22,1.17,1.22,1.15,1.21,329765.0,39231.55,0.036311
2024-07-23,1.22,1.27,1.21,1.22,513840.8,63698.557,0.056580000000000005
2024-07-24,1.19,1.22,1.18,1.19,322632.0,38507.363,0.035525
2024-07-25,1.18,1.31,1.16,1.25,499225.0,61383.476,0.05497
2024-07-26,1.27,1.3,1.23,1.26,498994.6,63018.101,0.054945
2024-07-29,1.25,1.48,1.23,1.38,1158291.0,160174.437,0.127541
2024-07-30,1.35,1.49,1.32,1.45,1140864.0,161423.178,0.125622
2024-07-31,1.44,1.53,1.38,1.44,973845.4,139902.407,0.10723200000000001
2024-08-01,1.44,1.45,1.39,1.41,574949.4,81263.191,0.063309
2024-08-02,1.39,1.43,1.36,1.38,474171.0,65934.745,0.052211999999999995
2024-08-05,1.37,1.48,1.35,1.4,746126.4,105591.568,0.082157
2024-08-06,1.39,1.44,1.38,1.41,473430.8,66487.325,0.05213
2024-08-07,1.41,1.41,1.33,1.34,477583.8,65200.442,0.052587
2024-08-08,1.36,1.43,1.33,1.38,469278.6,64619.343,0.051673
2024-08-09,1.38,1.43,1.36,1.38,422723.0,58723.216,0.046547
2024-08-12,1.37,1.39,1.31,1.32,361157.8,48532.641,0.039768
2024-08-13,1.32,1.37,1.28,1.36,345994.0,46045.724,0.038098
2024-08-14,1.36,1.46,1.35,1.4,580188.8,81760.501,0.063885
2024-08-15,1.37,1.49,1.35,1.47,926100.0,132159.767,0.101974
2024-08-16,1.46,1.48,1.41,1.43,528971.0,76178.84,0.058246
2024-08-19,1.42,1.46,1.4,1.45,401273.0,57344.364,0.044185
2024-08-20,1.46,1.54,1.38,1.4,592303.87,85538.246,0.065219
2024-08-21,1.37,1.38,1.32,1.33,400660.87,53973.111,0.044116999999999996
2024-08-22,1.34,1.36,1.29,1.29,280805.94,37167.803,0.03092
2024-08-23,1.27,1.31,1.25,1.25,288344.0,36663.939,0.03175
2024-08-26,1.24,1.29,1.23,1.27,308853.61,39065.698,0.034008
2024-08-27,1.28,1.3,1.26,1.28,218249.6,27869.573,0.021304
2024-08-28,1.3,1.32,1.29,1.31,251606.0,32832.228,0.02456
2024-08-29,1.3,1.32,1.28,1.3,216333.53,28072.069,0.021117
2024-08-30,1.3,1.38,1.29,1.35,427373.53,57325.376,0.041717000000000004
2024-09-02,1.35,1.45,1.35,1.37,557824.0,77794.608,0.054450000000000005
2024-09-03,1.36,1.4,1.32,1.4,485500.55,66202.584,0.047390999999999996
2024-09-04,1.38,1.46,1.35,1.39,586248.0,82321.246,0.057225
2024-09-05,1.37,1.41,1.36,1.4,376149.0,52181.385,0.036717
2024-09-06,1.4,1.43,1.34,1.35,315985.0,43545.364,0.030844
2024-09-09,1.33,1.37,1.32,1.36,249373.0,33692.899,0.024342000000000003
2024-09-10,1.36,1.38,1.33,1.36,263428.0,35627.608,0.025714
2024-09-11,1.35,1.38,1.33,1.35,246616.0,33403.893,0.024073
2024-09-12,1.35,1.37,1.34,1.35,201699.94,27356.251,0.019688
2024-09-13,1.35,1.39,1.34,1.36,297568.0,40570.22,0.029046
2024-09-18,1.35,1.36,1.25,1.3,446125.0,57971.434,0.043547
2024-09-19,1.3,1.35,1.29,1.33,279807.0,37090.327,0.027312
2024-09-20,1.34,1.35,1.3,1.31,228453.6,30119.977,0.0223
2024-09-23,1.3,1.33,1.3,1.32,178294.0,23448.127,0.017404
2024-09-24,1.32,1.38,1.32,1.38,370769.4,50495.359,0.036191
2024-09-25,1.39,1.47,1.39,1.44,603288.8,86664.091,0.058887999999999996
2024-09-26,1.43,1.52,1.42,1.52,671120.4,99264.88,0.065509
2024-09-27,1.54,1.66,1.51,1.62,894298.8,140510.433,0.087294
2024-09-30,1.66,1.92,1.64,1.91,1267125.81,225339.632,0.123686
2024-10-08,2.28,2.29,2.06,2.29,1513917.78,333844.263,0.147776
2024-10-09,2.25,2.56,2.1,2.31,2326445.67,558069.09,0.22708899999999999
2024-10-10,2.2,2.47,2.1,2.26,1510839.37,342944.549,0.147476
2024-10-11,2.18,2.24,1.98,2.09,1218963.42,253880.822,0.11898500000000001
2024-10-14,2.09,2.15,2.05,2.13,861334.4,181657.594,0.084076
2024-10-15,2.11,2.21,2.08,2.08,812078.9,173264.992,0.079268
2024-10-16,2.0,2.23,2.0,2.14,872779.1,186594.72,0.08519399999999999
2024-10-17,2.16,2.2,2.04,2.06,808197.33,169028.728,0.07889
2024-10-18,2.04,2.15,1.99,2.1,699296.64,144451.383,0.06826
2024-10-21,2.11,2.19,2.1,2.17,713084.8,152705.701,0.069605
2024-10-22,2.17,2.21,2.13,2.16,603889.0,130821.227,0.058947
2024-10-23,2.16,2.23,2.13,2.18,686830.3,150450.7,0.067043
2024-10-24,2.16,2.23,2.13,2.17,527464.0,114469.256,0.051487
2024-10-25,2.17,2.3,2.16,2.28,894657.0,200525.569,0.087329
2024-10-28,2.29,2.49,2.25,2.47,1039631.14,250699.085,0.10148
2024-10-29,2.47,2.5,2.25,2.25,1069318.47,250483.152,0.104378
2024-10-30,2.19,2.4,2.16,2.36,954721.57,218629.92,0.093192
2024-10-31,2.37,2.53,2.37,2.5,1182247.07,292320.258,0.115401
2024-11-01,2.43,2.45,2.23,2.24,1044306.2,242804.557,0.101937
2024-11-04,2.24,2.31,2.19,2.27,495022.4,111696.234,0.04832
2024-11-05,2.27,2.49,2.25,2.48,916215.67,219311.433,0.08943300000000001
2024-11-06,2.5,2.82,2.42,2.63,1486901.97,391013.851,0.145139
2024-11-07,2.59,3.16,2.59,3.16,1975714.8,581045.105,0.192853
2024-11-08,3.4,3.48,3.0,3.02,2714395.56,864407.488,0.264957
2024-11-11,3.02,3.1,2.83,2.97,1550141.83,453774.175,0.151312
2024-11-12,2.95,2.99,2.82,2.84,931990.37,267242.748,0.09097300000000001
2024-11-13,2.82,2.92,2.75,2.86,684364.2,193667.515,0.066802
2024-11-14,2.85,2.85,2.67,2.68,574374.0,157268.069,0.056066000000000005
2024-11-15,2.66,2.8,2.65,2.65,558850.36,152203.346,0.05455
2024-11-18,2.65,2.7,2.47,2.5,647744.2,164699.984,0.063227
2024-11-19,2.54,2.54,2.36,2.51,705786.8,172501.365,0.06889300000000001
2024-11-20,2.51,2.67,2.48,2.64,679465.09,176070.175,0.066324
2024-11-21,2.64,2.64,2.54,2.56,503186.83,129604.926,0.049116999999999994
2024-11-22,2.4,2.53,2.36,2.37,779306.87,189679.128,0.07607
2024-11-25,2.38,2.41,2.26,2.37,535636.0,124122.322,0.052284
2024-11-26,2.39,2.43,2.33,2.34,425728.79,101268.55,0.041555999999999996
2024-11-27,2.34,2.38,2.25,2.37,389741.55,90180.814,0.038043
2024-11-28,2.38,2.52,2.38,2.48,665136.8,164384.394,0.064925
2024-11-29,2.48,2.56,2.37,2.47,661192.2,162063.953,0.06454
2024-12-02,2.47,2.69,2.45,2.66,862611.52,224809.242,0.084201
2024-12-03,2.69,2.85,2.62,2.79,1091741.68,300126.927,0.10656700000000001
2024-12-04,2.73,2.95,2.66,2.74,1091744.0,307356.708,0.10656700000000001
2024-12-05,2.72,2.93,2.71,2.9,980125.0,277747.886,0.095672
2024-12-06,2.9,3.19,2.8,3.04,1389492.82,419002.45,0.135631
2024-12-09,2.97,3.12,2.87,3.08,1273989.6,380548.9,0.12435600000000001
2024-12-10,3.12,3.16,2.94,2.95,1096677.24,334431.076,0.107049
2024-12-11,2.91,3.09,2.89,3.07,1007820.92,304239.349,0.098375
2024-12-12,3.04,3.07,2.96,2.99,749532.42,225050.56,0.073163
2024-12-13,2.99,3.01,2.84,2.85,677840.02,197405.721,0.066165
2024-12-16,2.87,2.95,2.84,2.87,436988.0,125981.176,0.042655000000000005
2024-12-17,2.87,2.88,2.67,2.67,542280.53,147887.232,0.052933
2024-12-18,2.7,2.71,2.59,2.63,380522.6,100657.65,0.037143
2024-12-19,2.64,2.65,2.53,2.61,368460.91,95412.54,0.035966
2024-12-20,2.61,2.66,2.58,2.6,332020.0,86910.615,0.032409
2024-12-23,2.6,2.6,2.35,2.37,600754.73,145968.166,0.058641
2024-12-24,2.37,2.42,2.2,2.3,555022.1,126665.265,0.054177
2024-12-25,2.3,2.32,2.13,2.17,496448.07,108215.055,0.048459
2024-12-26,2.19,2.25,2.17,2.18,370643.2,81918.576,0.036179
2024-12-27,2.2,2.36,2.18,2.27,550307.64,125851.681,0.053716999999999994
2024-12-30,2.24,2.26,2.08,2.14,525455.0,112303.733,0.051291
2024-12-31,2.2,2.22,2.09,2.1,372584.35,79520.786,0.036369
2025-01-02,2.1,2.16,2.05,2.07,374811.0,78935.885,0.036586
2025-01-03,2.1,2.11,1.91,1.92,449732.04,88796.343,0.043899
2025-01-06,1.89,1.91,1.79,1.85,430364.2,79390.351,0.042009
2025-01-07,1.87,2.01,1.83,2.0,500784.0,95842.854,0.048882
2025-01-08,1.99,2.03,1.9,1.99,405762.0,80151.678,0.039607
2025-01-09,1.97,2.02,1.95,1.99,334562.2,66729.938,0.032657
2025-01-10,2.0,2.02,1.88,1.89,347845.0,67602.435,0.033954
2025-01-13,1.87,1.93,1.8,1.91,286516.28,53784.031,0.027967
2025-01-14,1.95,2.08,1.93,2.07,457278.84,92406.613,0.044635999999999995
2025-01-15,2.08,2.1,2.0,2.04,377299.2,77124.315,0.036829
2025-01-16,2.06,2.15,2.06,2.1,468167.0,98736.754,0.045699
2025-01-17,2.11,2.13,2.01,2.02,367244.58,74865.407,0.035847000000000004
2025-01-20,2.04,2.06,1.98,2.01,275657.0,55799.066,0.026907
2025-01-21,2.02,2.03,1.93,1.95,313050.0,61602.168,0.030556999999999997
2025-01-22,1.94,1.95,1.88,1.89,286683.5,54603.704,0.027984
2025-01-23,1.92,2.0,1.89,1.89,358100.0,69688.359,0.034955
2025-01-24,1.88,1.91,1.85,1.9,301841.0,56882.615,0.029463
2025-01-27,1.92,1.96,1.85,1.88,264233.0,50459.116,0.025792000000000002
2025-02-05,1.92,1.96,1.89,1.93,312623.0,60588.723,0.030516
2025-02-06,1.93,1.97,1.87,1.97,326132.8,63104.689,0.031834
2025-02-07,1.97,2.1,1.96,2.06,487219.22,99648.239,0.047557999999999996
2025-02-10,2.07,2.15,2.07,2.14,411409.12,86792.153,0.040158
2025-02-11,2.15,2.17,2.05,2.09,392671.7,81643.56,0.038329
2025-02-12,2.09,2.14,2.06,2.1,315650.7,66115.218,0.030811
2025-02-13,2.12,2.15,2.08,2.1,343822.0,72592.043,0.033561
2025-02-14,2.09,2.14,2.06,2.07,307434.0,64018.408,0.030009
2025-02-17,2.06,2.2,2.06,2.17,570099.6,122061.747,0.055648
2025-02-18,2.16,2.18,2.02,2.04,475703.2,99251.014,0.046433999999999996
2025-02-19,2.06,2.09,2.03,2.07,318096.0,65535.181,0.03105
2025-02-20,2.05,2.1,2.03,2.08,300864.0,62176.625,0.029368
2025-02-21,2.08,2.1,2.03,2.06,287225.0,59018.772,0.028037
2025-02-24,2.06,2.18,2.06,2.14,597829.6,127887.049,0.058355
2025-02-25,2.12,2.21,2.1,2.14,428020.0,92530.471,0.04178
2025-02-26,2.18,2.21,2.14,2.19,471610.6,102879.139,0.046035000000000006
2025-02-27,2.18,2.23,2.1,2.14,491562.0,105494.163,0.047982
2025-02-28,2.14,2.14,2.03,2.03,407411.46,84208.41,0.039768
2025-03-03,2.03,2.06,1.98,2.0,340422.2,68709.601,0.033229
2025-03-04,1.98,2.02,1.96,2.01,249346.96,49514.017,0.024339
2025-03-05,1.99,2.0,1.91,1.98,349243.2,68045.323,0.034089999999999995
2025-03-06,1.97,2.04,1.95,2.01,403297.0,81062.481,0.039367
2025-03-07,2.01,2.03,1.96,1.97,300901.2,59820.529,0.029372
2025-03-10,1.99,2.09,1.97,2.04,498397.0,102171.805,0.048649
2025-03-11,2.01,2.07,1.98,2.03,345116.22,70158.299,0.033687
2025-03-12,2.04,2.11,2.03,2.08,516798.42,107374.321,0.050446
2025-03-13,2.08,2.09,1.98,2.01,476549.6,95917.945,0.046517
2025-03-14,2.03,2.07,1.99,2.06,372212.6,75954.129,0.036332
2025-03-17,2.1,2.2,2.09,2.12,483067.0,103309.713,0.047153
2025-03-18,2.12,2.21,2.08,2.14,639289.6,137233.552,0.062402
2025-03-19,2.28,2.57,2.28,2.3,1897864.14,455867.135,0.185254
2025-03-20,2.3,2.76,2.3,2.76,1927316.36,499582.793,0.188129
2025-03-21,2.7,3.09,2.52,2.91,3092782.49,871857.547,0.301892
2025-03-24,2.75,2.91,2.6,2.74,1658656.84,453497.184,0.161904
2025-03-25,2.66,2.66,2.4,2.43,1443706.45,360756.305,0.140923
2025-03-26,2.62,2.92,2.62,2.92,2641634.14,755202.938,0.257855
2025-03-27,2.72,3.04,2.68,2.69,2071842.67,581345.566,0.202236
2025-03-28,2.74,3.19,2.72,2.98,2270616.73,677773.198,0.22163900000000003
2025-03-31,2.97,3.15,2.83,2.92,1684314.36,500876.468,0.164409
2025-04-01,2.85,3.01,2.73,2.99,1586863.88,449028.988,0.15489699999999998
2025-04-02,2.93,2.97,2.76,2.76,1068989.5,303433.062,0.104346
2025-04-03,2.65,2.83,2.61,2.7,904407.0,245402.434,0.088281
2025-04-07,2.43,2.78,2.43,2.57,1156703.3,298637.596,0.11290800000000001
2025-04-08,2.64,2.74,2.47,2.55,930299.05,241273.287,0.090808
2025-04-09,2.48,2.58,2.14,2.49,1132051.26,273340.152,0.110502
2025-04-10,2.55,2.72,2.55,2.6,1070476.97,281474.757,0.104491
2025-04-11,2.62,2.85,2.6,2.76,1340192.4,367301.411,0.130819
2025-04-14,2.71,2.93,2.68,2.79,1270159.0,356428.409,0.123982
2025-04-15,2.76,2.8,2.66,2.68,782650.39,211381.903,0.07639599999999999
2025-04-16,2.69,2.72,2.53,2.58,679321.86,176454.22,0.06631000000000001
2025-04-17,2.57,2.66,2.52,2.61,527008.86,136957.93,0.051441999999999995
2025-04-18,2.59,2.75,2.48,2.71,851828.43,222790.171,0.083148
2025-04-21,2.7,2.77,2.66,2.7,609052.39,165279.876,0.059451000000000004
2025-04-22,2.68,2.9,2.68,2.78,698992.0,194247.804,0.06823
2025-04-23,2.87,3.05,2.81,2.81,1337784.0,391987.257,0.130583
2025-04-24,2.78,2.82,2.61,2.62,912940.2,245053.925,0.089114
2025-04-25,2.63,2.66,2.48,2.49,691955.0,175165.982,0.06754299999999999
2025-04-28,2.43,2.58,2.38,2.43,609747.2,150107.7,0.059519
2025-04-30,2.01,2.35,2.01,2.18,1121730.46,244213.337,0.10949400000000001
2025-05-06,2.21,2.25,2.15,2.22,590052.4,129852.406,0.057596
2025-05-07,2.22,2.26,2.18,2.24,436393.74,96857.586,0.042596999999999996
2025-05-08,2.19,2.39,2.18,2.31,526640.16,120681.428,0.051406
2025-05-09,2.3,2.44,2.3,2.38,471476.35,111663.543,0.046022
2025-05-12,2.4,2.42,2.34,2.4,361450.05,85800.595,0.035282
2025-05-13,2.4,2.47,2.34,2.36,329385.5,79148.387,0.032152
2025-05-14,2.33,2.36,2.24,2.27,361116.0,83157.715,0.035249
2025-05-15,2.32,2.35,2.29,2.31,263213.0,61030.667,0.025693
2025-05-16,2.3,2.31,2.26,2.29,193412.2,44189.987,0.018879
2025-05-19,2.35,2.41,2.34,2.41,413533.8,98423.981,0.040366
2025-05-20,2.41,2.53,2.41,2.47,418351.5,103352.932,0.040836
2025-05-21,2.45,2.49,2.42,2.46,255590.6,62629.188,0.024949
2025-05-22,2.46,2.57,2.46,2.51,414926.1,104016.202,0.040502
2025-05-23,2.47,2.5,2.38,2.4,338083.6,82429.178,0.033001
2025-05-26,2.4,2.44,2.39,2.42,192761.7,46549.92,0.018816
2025-05-27,2.42,2.52,2.42,2.52,337983.2,83646.084,0.032991
2025-05-28,2.53,2.6,2.5,2.55,337924.0,86081.679,0.032985
2025-05-29,2.55,2.58,2.51,2.54,226310.7,57560.344,0.022091
2025-05-30,2.53,2.58,2.52,2.53,235235.5,59793.129,0.022961999999999996
2025-06-03,2.51,2.58,2.48,2.55,221837.5,56347.601,0.021654
2025-06-04,2.55,2.62,2.54,2.61,286661.0,74016.085,0.027981
2025-06-05,2.6,2.63,2.42,2.46,500506.4,126543.549,0.048855
2025-06-06,2.47,2.54,2.46,2.54,220211.4,55124.801,0.021495
2025-06-09,2.55,2.57,2.52,2.55,238323.2,60832.891,0.023263
2025-06-10,2.59,2.75,2.57,2.65,432984.4,114465.895,0.042263999999999996
2025-06-11,2.61,2.74,2.61,2.71,331742.2,89321.56,0.032382
2025-06-12,2.72,2.94,2.7,2.8,621102.6,175616.767,0.06062700000000001
2025-06-13,2.83,2.95,2.82,2.94,544157.13,157189.073,0.053116000000000003
2025-06-16,2.84,2.84,2.64,2.65,862281.3,234376.074,0.084169
2025-06-17,2.63,2.7,2.57,2.69,465313.3,123321.345,0.045419999999999995
2025-06-18,2.67,2.68,2.54,2.57,346047.0,89757.096,0.033778
2025-06-19,2.54,2.62,2.5,2.52,266560.0,67998.285,0.026019
2025-06-20,2.52,2.54,2.42,2.42,317890.0,78241.346,0.031030000000000002
2025-06-23,2.4,2.58,2.4,2.56,305210.0,76673.622,0.029792
2025-06-24,2.57,2.61,2.52,2.54,310173.15,79362.606,0.030277
2025-06-25,2.53,2.56,2.51,2.54,216477.55,54843.37,0.021131
2025-06-26,2.54,2.64,2.53,2.6,282358.8,72983.448,0.027562000000000003
2025-06-27,2.61,2.65,2.55,2.57,245812.0,63700.848,0.023994
2025-06-30,2.59,2.64,2.57,2.62,224335.2,58475.794,0.021898
2025-07-01,2.62,2.67,2.6,2.63,237189.22,62537.113,0.023152
2025-07-02,2.64,2.64,2.55,2.56,261052.0,67184.93,0.025482
2025-07-03,2.54,2.56,2.5,2.51,246536.0,62233.139,0.024065
2025-07-04,2.51,2.55,2.49,2.5,171169.0,43103.4,0.016708
2025-07-07,2.48,2.51,2.44,2.5,161318.0,39950.505,0.015747
2025-07-08,2.5,2.52,2.48,2.5,147704.5,36895.234,0.014418
2025-07-09,2.48,2.49,2.45,2.45,193519.8,47676.519,0.01889
2025-07-10,2.45,2.47,2.43,2.46,143305.4,35167.886,0.013988
2025-07-11,2.46,2.52,2.43,2.51,216994.41,53688.921,0.021181000000000002
2025-07-14,2.51,2.51,2.45,2.45,139335.0,34414.497,0.013601
2025-07-15,2.45,2.45,2.41,2.42,130453.0,31623.991,0.012734
2025-07-16,2.43,2.47,2.42,2.45,102999.2,25147.042,0.010054
2025-07-17,2.44,2.45,2.39,2.39,216017.0,52196.44,0.021086
2025-07-18,2.39,2.41,2.36,2.41,204827.8,48889.907,0.019994
2025-07-21,2.4,2.44,2.39,2.43,181667.0,43969.001,0.017733000000000002
2025-07-22,2.41,2.42,2.36,2.37,215100.0,51165.193,0.020996
2025-07-23,2.37,2.39,2.34,2.36,182416.0,43132.275,0.017806
2025-07-24,2.36,2.37,2.34,2.36,171233.12,40268.144,0.016714
2025-07-25,2.35,2.36,2.33,2.35,150602.0,35360.192,0.014700999999999999
2025-07-28,2.35,2.49,2.32,2.46,459468.72,111498.54,0.04485
2025-07-29,2.46,2.46,2.39,2.41,219070.72,52911.374,0.021384
2025-07-30,2.41,2.46,2.38,2.43,193349.62,46851.358,0.018873
2025-07-31,2.42,2.43,2.38,2.38,170501.9,40975.271,0.016642999999999998
2025-08-01,2.39,2.43,2.38,2.41,103443.0,24934.486,0.010097
2025-08-04,2.4,2.44,2.38,2.41,129687.0,31160.176,0.012659
2025-08-05,2.4,2.42,2.39,2.42,102652.8,24732.487,0.01002
2025-08-06,2.42,2.44,2.39,2.4,151574.0,36513.762,0.014795
2025-08-07,2.4,2.43,2.37,2.4,170153.5,40824.596,0.016609
2025-08-08,2.4,2.42,2.39,2.4,146008.2,35097.916,0.014252
2025-08-11,2.41,2.41,2.38,2.4,144135.0,34474.956,0.014069
2025-08-12,2.39,2.41,2.38,2.39,135582.89,32434.94,0.013234
2025-08-13,2.38,2.4,2.37,2.38,185017.9,44068.901,0.01806
2025-08-14,2.38,2.38,2.33,2.33,197634.19,46385.659,0.019291
2025-08-15,2.31,2.34,2.31,2.33,165018.2,38407.408,0.016108
2025-08-18,2.33,2.35,2.31,2.33,163462.0,38087.315,0.015955999999999998
2025-08-19,2.33,2.35,2.32,2.35,176162.0,41094.033,0.017195000000000002
2025-08-20,2.34,2.46,2.33,2.4,314537.0,75774.816,0.030703
2025-08-21,2.41,2.45,2.4,2.43,247899.0,60243.195,0.024198
2025-08-22,2.43,2.46,2.38,2.4,258804.8,62564.537,0.025261999999999996
2025-08-25,2.38,2.41,2.37,2.39,243201.2,58186.343,0.023739
2025-08-26,2.39,2.41,2.37,2.41,204295.82,48821.486,0.019942
2025-08-27,2.4,2.62,2.4,2.48,530386.6,133468.491,0.051684
2025-08-28,2.47,2.55,2.42,2.48,320083.5,79389.794,0.031191
2025-08-29,2.47,2.51,2.42,2.42,219644.0,53533.689,0.021403
2025-09-01,2.42,2.43,2.38,2.41,189414.2,45522.27,0.018458000000000002
2025-09-02,2.41,2.41,2.35,2.37,208023.0,49324.607,0.020270999999999997
2025-09-03,2.37,2.38,2.33,2.36,147975.4,34800.325,0.014419999999999999
2025-09-04,2.35,2.37,2.32,2.33,149100.0,34957.186,0.014529
2025-09-05,2.33,2.34,2.31,2.34,158926.2,37036.509,0.015486999999999999
2025-09-08,2.34,2.38,2.33,2.36,175537.2,41342.141,0.017105
2025-09-09,2.35,2.37,2.34,2.36,131030.29,30829.904,0.012768
2025-09-10,2.35,2.4,2.34,2.39,197401.1,46639.443,0.019236
2025-09-11,2.37,2.38,2.33,2.36,209858.39,49270.619,0.02045
2025-09-12,2.35,2.37,2.34,2.36,160426.11,37783.031,0.015632999999999998
2025-09-15,2.36,2.36,2.32,2.33,165428.0,38615.026,0.016120000000000002
2025-09-16,2.33,2.33,2.31,2.33,132011.83,30670.851,0.012864
2025-09-17,2.33,2.33,2.3,2.3,152906.2,35305.786,0.0149
2025-09-18,2.3,2.31,2.21,2.23,268643.77,60735.709,0.026178
2025-09-19,2.23,2.48,2.18,2.43,497891.83,115463.606,0.048517000000000005
2025-09-22,2.35,2.39,2.31,2.34,252428.8,59120.004,0.024598
2025-09-23,2.35,2.37,2.26,2.31,174891.6,40354.354,0.017041999999999998
2025-09-24,2.3,2.31,2.26,2.3,106562.63,24420.428,0.010384
2025-09-25,2.29,2.32,2.28,2.3,118815.0,27325.618,0.011578
2025-09-26,2.29,2.32,2.27,2.3,121253.83,27844.272,0.011816
2025-09-29,2.29,2.3,2.25,2.28,140091.2,31907.176,0.013651
2025-09-30,2.28,2.3,2.27,2.29,100108.0,22854.978,0.009755
2025-10-09,2.29,2.29,2.23,2.24,204017.4,46029.414,0.019881
2025-10-10,2.25,2.28,2.23,2.26,133235.8,30138.7,0.012983
2025-10-13,2.22,2.22,2.13,2.2,153332.0,33616.622,0.014941
2025-10-14,2.19,2.23,2.18,2.19,99036.2,21795.358,0.009651
2025-10-15,2.19,2.19,2.16,2.18,108530.0,23621.98,0.010576
2025-10-16,2.19,2.3,2.17,2.23,199962.95,44888.495,0.019485
2025-10-17,2.21,2.23,2.17,2.17,133974.25,29423.313,0.013055
2025-10-20,2.18,2.2,2.16,2.2,97855.0,21337.305,0.009536
2025-10-21,2.2,2.25,2.18,2.24,121338.7,26961.38,0.011824
2025-10-22,2.24,2.32,2.23,2.27,151003.7,34362.566,0.014715
2025-10-23,2.25,2.26,2.21,2.23,117738.2,26311.43,0.011473
2025-10-24,2.25,2.28,2.21,2.27,169826.2,38330.507,0.016549
2025-10-27,2.26,2.3,2.23,2.26,143952.0,32497.418,0.014027000000000001
2025-10-28,2.26,2.38,2.24,2.32,297364.72,,0.028977
2025-10-29,2.32,2.32,2.27,2.27,184062.32,,0.017936
2025-10-30,2.26,2.29,2.24,2.24,139316.0,,0.013576
2025-10-31,2.24,2.26,2.23,2.25,101547.12,,0.009895000000000001
2025-11-03,2.23,2.28,2.21,2.26,213265.12,,0.020782
2025-11-04,2.25,2.36,2.24,2.32,303898.6,,0.029613
2025-11-05,2.29,2.36,2.27,2.31,240929.8,,0.023477
2025-11-06,2.31,2.32,2.28,2.29,160327.5,,0.015623
2025-11-07,2.28,2.33,2.26,2.32,169879.93,,0.016554
