Date,Open,High,Low,Close,Volume,Amount,TurnoverRate
1998-08-13,16.78,16.92,16.5,16.58,2974.0,4938.634,
1998-08-14,16.6,16.8,16.18,16.28,2840.0,4704.282,
1998-08-17,16.26,16.68,15.5,16.05,2833.0,4561.761,
1998-08-18,16.1,16.4,15.98,16.0,1516.0,2455.934,
1998-08-19,16.02,16.4,15.8,16.15,1606.0,2580.819,
1998-08-20,15.2,16.4,15.2,16.0,1459.0,2346.934,
1998-08-21,15.8,16.3,15.76,16.1,909.0,1462.422,
1998-08-24,16.16,16.62,16.1,16.14,686.0,1124.602,
1998-08-25,16.4,16.41,15.95,16.15,492.0,791.368,
1998-08-26,16.3,16.35,15.91,16.2,742.0,1193.895,
1998-08-27,16.1,16.49,16.1,16.34,1251.0,2037.974,
1998-08-28,16.16,16.86,16.15,16.7,2612.0,4319.742,
1998-08-31,16.75,16.88,16.47,16.68,1999.0,3330.593,
1998-09-01,16.7,16.7,16.3,16.36,1719.0,2830.167,
1998-09-02,16.4,16.55,16.07,16.3,1610.0,2640.73,
1998-09-03,16.36,16.79,16.22,16.79,1822.0,3011.305,
1998-09-04,16.98,17.5,16.7,17.23,2482.0,4242.383,
1998-09-07,17.1,17.35,17.0,17.0,1429.0,2457.329,
1998-09-08,16.96,17.05,16.8,17.05,2173.0,3676.653,
1998-09-09,17.12,17.12,16.75,17.08,2359.0,3981.351,
1998-09-10,17.48,17.5,17.0,17.25,3068.0,5276.211,
1998-09-11,17.13,17.34,16.98,17.18,2817.0,4814.662,
1998-09-14,16.96,17.3,16.9,17.23,3404.0,5810.925,
1998-09-15,17.12,17.12,16.88,16.97,2345.0,3982.28,
1998-09-16,16.9,17.05,16.9,17.0,2644.0,4488.984,
1998-09-17,17.0,18.0,16.93,17.3,3652.0,6244.948,
1998-09-18,17.0,17.6,16.81,16.92,2278.0,3885.946,
1998-09-21,16.88,16.88,16.43,16.5,2597.0,4335.365,
1998-09-22,16.35,16.7,16.28,16.53,2313.0,3819.505,
1998-09-23,16.4,16.58,16.32,16.52,1706.0,2811.318,
1998-09-24,16.5,17.05,16.4,17.0,3512.0,5893.437,
1998-09-25,17.3,17.3,16.8,17.14,3925.0,6715.118,
1998-09-28,17.0,17.18,16.9,16.98,3152.0,5364.044,
1998-09-29,16.92,17.25,16.9,17.08,4201.0,7190.738,
1998-09-30,17.3,17.39,16.8,17.3,3953.0,6788.606,
1998-10-05,17.16,17.41,17.0,17.18,4330.0,7449.172,
1998-10-06,17.0,17.28,16.8,16.8,3429.0,5845.342,
1998-10-07,16.8,17.0,16.35,17.0,2526.0,4196.163,
1998-10-08,17.0,17.1,16.67,17.07,2860.0,4833.483,
1998-10-09,17.06,17.1,16.8,16.8,2014.0,3420.147,
1998-10-12,16.92,17.07,16.8,16.88,1809.0,3058.643,
1998-10-13,16.8,17.0,16.65,16.65,2727.0,4598.572,
1998-10-14,16.65,17.0,16.35,16.86,2815.0,4691.644,
1998-10-15,16.88,16.99,16.5,16.98,467.0,789.262,
1998-10-16,16.99,17.2,16.97,17.0,999.0,1706.253,
1998-10-19,17.0,17.51,17.0,17.48,1883.0,3279.721,
1998-10-20,17.45,17.6,17.2,17.2,1479.0,2571.295,
1998-10-21,17.25,17.48,17.18,17.4,2079.0,3593.677,
1998-10-22,17.4,18.49,17.4,17.84,6232.0,11214.923,
1998-10-23,18.01,18.01,17.7,18.01,2005.0,3588.885,
1998-10-26,18.0,19.16,17.8,19.15,12068.0,22050.964,
1998-10-27,19.08,19.78,18.95,19.7,3446.0,6679.463,
1998-10-28,19.72,19.95,18.8,18.88,5210.0,10032.62,
1998-10-29,18.7,19.1,18.28,19.08,2941.0,5488.464,
1998-10-30,19.08,19.3,18.65,18.8,1976.0,3735.705,
1998-11-02,18.7,19.67,18.68,19.38,1305.0,2515.128,
1998-11-03,19.42,19.49,19.1,19.46,2955.0,5712.559,
1998-11-04,19.51,19.51,19.05,19.28,3985.0,7666.336,
1998-11-05,19.0,19.3,19.0,19.29,4607.0,8838.621,
1998-11-06,19.29,19.35,18.81,18.86,2965.0,5667.553,
1998-11-09,18.8,18.8,18.28,18.45,2730.0,5039.812,
1998-11-10,18.17,18.76,18.15,18.55,2565.0,4726.245,
1998-11-11,18.9,19.2,18.38,19.0,3257.0,6128.847,
1998-11-12,19.4,19.4,18.96,19.13,2279.0,4362.164,
1998-11-13,19.1,19.7,19.1,19.5,2716.0,5281.068,
1998-11-16,19.5,21.4,19.5,20.99,7283.0,15070.898,
1998-11-17,21.1,21.5,20.4,20.4,2413.0,5036.998,
1998-11-18,20.28,21.29,20.2,21.29,3416.0,7180.602,
1998-11-19,21.51,23.2,21.08,22.65,4353.0,9766.468,
1998-11-20,22.7,23.0,22.3,22.65,1960.0,4457.377,
1998-11-23,22.65,22.95,22.0,22.0,2063.0,4629.566,
1998-11-24,21.9,22.75,21.9,22.2,1899.0,4221.405,
1998-11-25,22.45,22.7,22.45,22.5,1506.0,3394.564,
1998-11-26,22.5,22.6,22.1,22.4,1761.0,3957.0,
1998-11-27,22.01,22.53,22.01,22.35,1770.0,3953.0,
1998-11-30,22.49,23.2,22.35,23.15,1507.0,3422.0,
1998-12-01,23.5,23.5,22.5,22.8,1139.0,2607.649,
1998-12-02,22.4,22.87,22.4,22.58,1149.0,2599.754,
1998-12-03,22.55,22.78,22.4,22.59,2032.0,4580.24,
1998-12-04,22.55,22.95,22.4,22.8,996.0,2265.328,
1998-12-07,22.9,22.98,22.5,22.52,693.0,1571.437,
1998-12-08,22.77,22.88,22.61,22.88,779.0,1773.958,
1998-12-09,22.9,23.7,22.3,23.52,2658.0,6087.032,
1998-12-10,24.0,24.5,23.4,24.5,3340.0,8028.747,
1998-12-11,24.5,24.95,23.51,24.88,1461.0,3600.128,
1998-12-14,24.8,25.5,24.6,25.04,2068.0,5210.265,
1998-12-15,24.9,25.3,24.01,24.99,981.0,2423.45,
1998-12-16,24.0,24.9,23.5,24.35,1208.0,2935.584,
1998-12-17,24.01,24.6,24.01,24.56,1298.0,3175.409,
1998-12-18,24.7,24.88,24.01,24.8,1828.0,4446.803,
1998-12-21,25.0,25.05,23.91,24.7,796.0,1969.316,
1998-12-22,25.0,25.0,24.3,24.99,889.0,2191.594,
1998-12-23,24.81,25.0,24.6,24.94,1260.0,3139.443,
1998-12-24,24.8,24.98,24.7,24.8,522.0,1296.735,
1998-12-25,25.0,25.09,24.02,24.41,531.0,1303.451,
1998-12-28,24.36,24.63,23.18,23.18,1594.0,3808.578,
1998-12-29,23.0,23.0,20.86,22.19,3823.0,8341.025,
1998-12-30,22.1,22.19,20.2,20.5,4065.0,8532.327,
1998-12-31,20.98,21.0,20.48,20.9,945.0,1950.528,
1999-01-04,20.6,21.35,19.8,20.6,1270.0,2653.126,
1999-01-05,21.0,21.0,20.2,20.61,1013.0,2084.818,
1999-01-06,20.21,21.2,20.21,20.95,1313.0,2751.209,
1999-01-07,21.9,21.9,20.9,21.5,1037.0,2204.174,
1999-01-08,21.6,22.2,21.3,22.16,2090.0,4548.697,
1999-01-11,22.6,22.6,21.3,22.05,1050.0,2288.422,
1999-01-12,21.53,22.15,21.0,21.66,828.0,1817.264,
1999-01-13,21.65,21.65,20.78,20.86,1265.0,2652.942,
1999-01-14,20.8,21.2,20.5,20.98,561.0,1175.32,
1999-01-15,20.8,21.17,20.75,21.05,581.0,1219.04,
1999-01-18,21.05,21.98,20.9,21.96,1028.0,2216.121,
1999-01-19,21.8,21.98,21.65,21.87,514.0,1123.568,
1999-01-20,21.87,22.08,21.69,21.76,546.0,1193.928,
1999-01-21,21.7,21.86,21.15,21.3,525.0,1129.47,
1999-01-22,21.28,21.4,20.81,20.9,626.0,1319.948,
1999-01-25,20.45,20.99,20.0,20.63,739.0,1509.481,
1999-01-26,20.6,20.84,20.5,20.78,636.0,1314.89,
1999-01-27,20.7,21.12,20.5,20.96,929.0,1939.106,
1999-01-28,20.9,21.0,20.7,21.0,385.0,805.838,
1999-01-29,20.5,21.0,20.0,21.0,783.0,1612.74,
1999-02-02,21.3,21.39,21.0,21.39,1301.0,2757.055,
1999-02-03,21.3,21.99,21.1,21.85,719.0,1554.494,
1999-02-04,21.88,22.0,21.45,21.6,744.0,1612.996,
1999-02-05,21.09,21.66,21.0,21.66,479.0,1028.093,
1999-02-08,21.33,21.64,21.2,21.2,430.0,924.635,0.001433
1999-02-09,21.9,21.9,21.5,21.9,449.0,976.381,0.001497
1999-03-01,21.96,22.99,21.35,22.82,259.0,578.387,0.000863
1999-03-02,23.6,23.6,22.3,22.98,1229.0,2774.379,0.004097
1999-03-03,22.9,23.45,22.6,23.45,1538.0,3553.232,0.0051270000000000005
1999-03-04,23.28,23.29,23.0,23.01,1020.0,2361.7,0.0034000000000000002
1999-03-05,23.0,23.25,22.8,23.01,1430.0,3300.989,0.004767
1999-03-08,23.0,23.0,22.38,22.8,1194.0,2708.506,0.00398
1999-03-09,22.8,23.0,22.52,22.86,721.0,1634.968,0.002403
1999-03-10,22.85,23.13,22.55,22.84,859.0,1967.384,0.002863
1999-03-11,22.99,23.46,22.68,22.99,1508.0,3452.059,0.005027
1999-03-12,23.0,23.19,22.91,23.13,1602.0,3690.252,0.00534
1999-03-15,23.13,23.15,22.83,22.98,773.0,1775.215,0.002577
1999-03-16,22.98,22.98,22.7,22.95,741.0,1691.111,0.00247
1999-03-17,22.98,23.29,22.7,22.88,426.0,973.9,0.0014199999999999998
1999-03-18,22.88,22.88,22.62,22.78,653.0,1483.074,0.002177
1999-03-19,22.65,22.99,22.62,22.75,1221.0,2773.154,0.00407
1999-03-22,22.8,22.8,22.65,22.72,487.0,1106.762,0.001623
1999-03-23,22.72,22.77,22.05,22.77,1712.0,3846.599,0.005707
1999-03-24,22.7,22.71,22.4,22.7,877.0,1979.375,0.0029230000000000003
1999-03-25,22.62,22.72,22.5,22.66,595.0,1345.24,0.001983
1999-03-26,22.6,23.6,22.45,22.74,636.0,1443.768,0.00212
1999-03-29,22.7,22.8,22.3,22.58,869.0,1952.906,0.0028970000000000003
1999-03-30,22.52,22.84,22.3,22.45,728.0,1634.266,0.002427
1999-03-31,22.41,22.75,22.41,22.66,287.0,649.103,0.000957
1999-04-01,22.48,22.85,22.0,22.49,917.0,2054.505,0.0030570000000000003
1999-04-02,22.49,22.6,22.1,22.4,472.0,1054.286,0.001573
1999-04-05,22.4,22.5,22.0,22.29,565.0,1250.405,0.001883
1999-04-06,22.3,22.78,22.08,22.24,159.0,354.206,0.00053
1999-04-07,22.6,22.7,22.1,22.45,340.0,757.775,0.001133
1999-04-08,22.3,22.5,21.95,22.37,534.0,1181.522,0.00178
1999-04-09,22.39,22.4,21.8,22.39,943.0,2088.075,0.0031430000000000004
1999-04-12,22.35,22.35,21.8,22.29,555.0,1223.173,0.00185
1999-04-13,22.0,22.2,21.7,22.0,579.0,1273.412,0.00193
1999-04-14,21.8,22.5,21.8,22.45,406.0,899.118,0.001353
1999-04-15,22.5,22.5,21.91,22.3,401.0,886.241,0.001337
1999-04-16,22.3,22.5,22.05,22.46,441.0,986.317,0.00147
1999-04-19,22.35,22.48,22.18,22.48,203.0,453.369,0.000677
1999-04-20,22.49,22.49,22.1,22.47,192.0,430.334,0.00064
1999-04-21,22.5,22.5,22.23,22.45,133.0,298.526,0.000443
1999-04-22,22.45,22.49,22.11,22.44,276.0,615.552,0.00092
1999-04-23,22.5,22.5,22.18,22.36,207.0,462.713,0.0006900000000000001
1999-04-26,22.15,22.3,21.6,22.29,429.0,944.054,0.0014299999999999998
1999-04-27,22.28,22.35,22.1,22.3,280.0,622.313,0.0009329999999999999
1999-04-29,22.3,22.98,22.26,22.51,713.0,1599.969,0.0023769999999999998
1999-04-30,22.5,22.99,22.44,22.75,615.0,1389.878,0.0020499999999999997
1999-05-04,22.7,23.0,22.7,22.92,1979.0,4536.066,0.0065969999999999996
1999-05-05,22.91,23.09,22.6,22.8,1930.0,4418.11,0.0064329999999999995
1999-05-06,22.75,22.78,22.05,22.78,1055.0,2366.601,0.003517
1999-05-07,22.68,23.1,22.68,23.1,1911.0,4393.982,0.00637
1999-05-10,23.15,23.15,22.77,22.94,1140.0,2623.204,0.0038
1999-05-11,22.93,23.68,22.9,23.5,2565.0,5960.981,0.00855
1999-05-12,13.04,13.57,13.0,13.57,3222.0,4269.143,0.005967
1999-05-13,13.66,13.9,13.35,13.4,2090.0,2869.503,0.00387
1999-05-14,13.4,13.95,13.35,13.8,2775.0,3818.79,0.005139
1999-05-17,13.78,13.98,13.61,13.79,2565.0,3549.153,0.00475
1999-05-18,13.76,13.89,13.7,13.7,1312.0,1807.53,0.00243
1999-05-19,13.68,13.85,13.6,13.76,1328.0,1824.812,0.0024590000000000002
1999-05-20,13.73,13.85,13.1,13.85,3736.0,5079.358,0.006919
1999-05-21,13.85,13.85,13.18,13.82,2180.0,2976.008,0.004037
1999-05-24,13.8,15.2,13.5,14.97,11295.0,16486.452,0.020916999999999998
1999-05-25,15.2,15.5,14.51,14.79,6644.0,10002.45,0.012303999999999999
1999-05-26,14.76,14.83,14.39,14.56,4227.0,6158.974,0.007828
1999-05-27,14.52,16.02,14.52,16.02,11650.0,17872.935,0.021574
1999-05-28,16.16,16.35,15.6,15.67,6470.0,10251.453,0.011980999999999999
1999-05-31,15.66,17.1,15.65,16.99,12722.0,21341.288,0.023559
1999-06-01,16.96,17.2,16.65,17.09,9320.0,15711.831,0.017259
1999-06-02,17.09,18.7,16.65,18.5,10931.0,18991.367,0.020243
1999-06-03,18.1,18.65,17.5,17.89,6038.0,10915.031,0.011181000000000002
1999-06-04,17.9,18.1,17.21,17.21,8667.0,15359.687,0.01605
1999-06-07,17.22,17.27,16.4,16.77,4915.0,8251.843,0.009102
1999-06-08,16.75,17.76,16.75,17.28,7482.0,12966.221,0.013856
1999-06-09,17.3,17.42,16.5,16.74,5437.0,9285.046,0.010069
1999-06-10,16.76,16.96,16.45,16.74,6314.0,10505.483,0.011693
1999-06-11,16.68,16.95,16.4,16.8,4243.0,7105.619,0.007857
1999-06-14,16.76,17.45,16.76,17.2,8970.0,15362.913,0.016611
1999-06-15,17.15,17.34,16.0,16.45,7559.0,12775.336,0.013998
1999-06-16,16.35,17.37,16.35,17.28,9207.0,15649.605,0.01705
1999-06-17,17.28,17.95,17.23,17.89,15049.0,26498.634,0.027869
1999-06-18,17.92,19.36,17.9,19.26,19448.0,36270.214,0.036015
1999-06-21,19.36,19.9,18.56,19.55,14976.0,29111.731,0.027732999999999997
1999-06-22,19.5,19.67,18.74,19.67,8888.0,17074.457,0.016458999999999998
1999-06-23,19.58,20.3,19.3,19.6,12109.0,23927.392,0.022424
1999-06-24,19.8,21.2,19.8,21.1,13654.0,28012.9,0.025285000000000002
1999-06-25,21.08,22.5,20.0,20.3,11148.0,24202.679,0.020644
1999-06-28,20.2,22.12,20.2,22.0,15767.0,34220.284,0.029197999999999998
1999-06-29,22.0,22.38,21.2,21.5,8942.0,19525.839,0.016559
1999-06-30,21.6,21.63,19.35,19.35,9066.0,18245.518,0.016789000000000002
1999-07-01,19.36,19.38,17.5,18.5,5759.0,10739.486,0.010665000000000001
1999-07-02,18.45,19.38,18.42,19.13,11774.0,22458.651,0.021804
1999-07-05,19.11,19.6,18.87,19.08,5044.0,9716.428,0.009341
1999-07-06,19.05,19.18,18.25,18.7,2732.0,5146.07,0.005059
1999-07-07,18.6,19.3,18.53,19.0,2951.0,5591.39,0.005465
1999-07-08,18.98,19.3,18.98,19.1,4408.0,8440.56,0.008163
1999-07-09,19.06,19.06,18.48,18.6,3447.0,6480.961,0.006383
1999-07-12,18.6,18.63,17.0,17.68,4047.0,7195.113,0.007494
1999-07-13,17.68,17.68,16.6,16.6,1946.0,3308.791,0.003604
1999-07-14,16.6,17.99,16.6,17.8,6452.0,11244.23,0.011948
1999-07-15,17.6,18.24,17.56,18.2,4050.0,7243.409,0.0075
1999-07-16,18.08,19.88,18.08,19.45,5672.0,10804.859,0.010504
1999-07-19,19.45,19.88,18.5,19.5,6699.96,12934.988,0.012407
1999-07-20,19.52,19.76,19.3,19.74,5116.0,10010.534,0.009474
1999-07-21,19.78,21.1,19.78,20.7,10421.0,21455.018,0.019298
1999-07-22,20.68,20.69,19.6,19.73,5595.0,11205.977,0.010361
1999-07-23,19.65,20.3,19.6,20.05,5390.0,10788.01,0.009981
1999-07-26,20.0,20.0,18.6,18.83,3097.0,5983.509,0.0057350000000000005
1999-07-27,18.88,18.88,17.65,18.57,3747.0,6764.693,0.006939
1999-07-28,18.5,18.99,18.14,18.95,7622.0,14113.198,0.014114999999999999
1999-07-29,19.3,20.2,19.28,19.95,8500.0,16797.365,0.015741
1999-07-30,19.95,20.08,18.95,19.6,3057.0,5999.122,0.005661
1999-08-02,19.5,19.5,18.58,18.85,3123.0,5907.322,0.005783
1999-08-03,18.7,18.85,18.0,18.52,3298.0,6048.852,0.0061070000000000004
1999-08-04,18.45,18.88,18.34,18.5,5323.0,9889.281,0.009857
1999-08-05,18.45,19.45,18.4,19.45,4903.0,9200.275,0.00908
1999-08-06,19.4,19.45,18.9,19.13,5493.0,10515.984,0.010172
1999-08-09,19.06,19.49,19.0,19.28,2870.0,5557.835,0.005314999999999999
1999-08-10,19.26,19.4,18.82,19.2,2437.0,4658.488,0.004513
1999-08-11,19.28,19.28,18.4,18.5,1319.0,2467.824,0.002443
1999-08-12,18.48,18.7,17.75,18.3,3329.0,6020.336,0.006165
1999-08-13,18.3,18.35,17.45,17.5,2393.0,4271.875,0.004431
1999-08-16,15.75,15.75,15.75,15.75,2090.0,3291.75,0.002765
1999-08-17,14.18,15.78,14.18,14.85,39972.0,58711.619,0.052873
1999-08-18,14.78,15.48,14.61,14.88,15514.0,23344.63,0.020520999999999998
1999-08-19,14.1,15.5,14.1,15.26,9953.0,15068.218,0.013165
1999-08-20,15.22,16.04,15.06,15.35,22044.0,34199.806,0.029159
1999-08-23,14.8,16.4,14.8,16.35,14439.0,22955.297,0.019098999999999998
1999-08-24,16.3,17.99,16.3,17.99,21790.0,38255.483,0.028822999999999998
1999-08-25,17.99,18.2,17.7,17.88,6593.0,11805.586,0.008721
1999-08-26,17.5,18.0,17.5,17.85,3382.0,5995.065,0.0044740000000000005
1999-08-27,17.8,18.4,17.8,18.38,4928.0,8897.773,0.0065190000000000005
1999-08-30,18.41,19.0,18.0,18.2,3670.0,6808.712,0.004854
1999-08-31,18.25,18.65,17.8,17.95,3503.0,6343.0,0.004634
1999-09-01,17.8,18.01,17.7,17.7,3228.0,5768.551,0.0042699999999999995
1999-09-02,17.65,17.97,17.0,17.9,2922.0,5102.19,0.003865
1999-09-03,17.9,17.95,17.3,17.5,2042.0,3609.426,0.0027010000000000003
1999-09-06,17.59,17.59,17.0,17.08,1395.0,2383.721,0.001845
1999-09-07,17.0,17.89,17.0,17.55,1464.0,2553.509,0.0019370000000000001
1999-09-08,17.76,17.76,17.48,17.6,792.0,1395.141,0.001048
1999-09-09,17.52,18.55,17.52,18.5,3206.0,5813.052,0.004241
1999-09-10,18.65,18.9,18.45,18.6,3666.0,6849.789,0.004849
1999-09-13,18.6,18.6,17.6,18.38,3456.0,6263.706,0.004571
1999-09-14,18.3,18.5,18.1,18.38,2800.0,5120.025,0.0037040000000000003
1999-09-15,18.3,18.3,17.69,17.82,5328.0,9552.71,0.007048
1999-09-16,17.6,18.22,17.6,18.1,3814.0,6852.994,0.005044999999999999
1999-09-17,18.0,18.8,17.89,18.15,3607.0,6556.151,0.004771
1999-09-20,18.02,18.28,18.0,18.01,1237.0,2241.374,0.0016359999999999999
1999-09-21,18.0,18.18,17.8,18.08,1652.0,2960.787,0.002185
1999-09-22,18.0,18.35,18.0,18.29,1879.0,3410.0,0.002485
1999-09-23,18.2,18.8,18.1,18.67,6874.0,12822.216,0.009093
1999-09-24,18.63,19.18,18.63,19.05,10259.0,19463.719,0.01357
1999-09-27,18.89,20.0,18.89,19.76,19119.0,37565.432,0.02529
1999-09-28,19.7,19.85,18.9,18.98,8515.0,16443.032,0.011263
1999-09-29,18.98,19.29,18.3,18.3,4363.8,8210.034,0.005772
1999-09-30,18.31,18.77,18.18,18.2,1455.0,2668.167,0.001925
1999-10-08,18.3,18.3,18.01,18.13,747.0,1352.02,0.000988
1999-10-11,18.1,18.3,18.03,18.19,635.0,1151.357,0.00084
1999-10-12,18.78,19.12,18.01,18.3,1576.0,2888.735,0.002085
1999-10-13,18.1,18.1,17.2,17.21,2051.0,3600.255,0.0027129999999999997
1999-10-14,17.19,17.19,16.18,16.18,4913.0,8237.258,0.0064990000000000004
1999-10-15,16.18,17.5,16.18,17.21,16614.0,27408.117,0.021976
1999-10-18,17.14,17.7,16.9,16.9,3971.0,6917.317,0.005253
1999-10-19,16.9,16.9,16.5,16.56,5516.0,9157.812,0.007296
1999-10-20,16.55,17.2,16.35,17.11,3726.0,6112.739,0.004929
1999-10-21,17.1,17.2,16.89,16.92,4449.0,7553.246,0.0058850000000000005
1999-10-22,17.0,17.85,17.0,17.6,3389.0,5959.196,0.004483
1999-10-25,17.59,17.8,17.05,17.11,871.0,1507.848,0.001152
1999-10-26,17.11,17.56,17.11,17.2,892.0,1544.636,0.0011799999999999998
1999-10-27,17.25,18.0,17.25,17.79,2071.0,3666.281,0.0027389999999999997
1999-10-28,17.8,17.88,17.4,17.63,2257.0,3948.558,0.002985
1999-10-29,17.63,17.8,17.21,17.28,2241.0,3907.853,0.002964
1999-11-01,17.28,17.3,17.11,17.12,1309.0,2253.312,0.0017310000000000001
1999-11-02,17.18,17.4,16.7,17.0,1330.0,2253.89,0.001759
1999-11-03,17.0,17.2,16.81,17.05,405.0,683.736,0.000536
1999-11-04,16.9,17.05,16.7,17.0,1031.0,1748.628,0.001364
1999-11-05,17.0,17.1,16.85,17.0,540.0,917.406,0.000714
1999-11-08,16.9,16.96,16.71,16.89,1517.0,2552.659,0.002007
1999-11-09,16.89,16.99,16.61,16.7,3579.0,6011.694,0.0047339999999999995
1999-11-10,16.75,16.75,16.47,16.54,4264.0,7071.971,0.005639999999999999
1999-11-11,16.4,18.0,16.4,17.07,5638.0,9710.316,0.007458
1999-11-12,16.65,17.2,16.65,17.09,4345.0,7425.846,0.0057469999999999995
1999-11-15,17.01,17.05,16.8,16.96,3746.0,6335.604,0.004955
1999-11-16,16.92,17.05,16.5,16.5,4376.0,7301.868,0.005788
1999-11-17,16.56,16.66,16.4,16.65,2727.0,4518.606,0.0036070000000000004
1999-11-18,16.7,17.27,16.7,17.0,1354.0,2285.896,0.001791
1999-11-19,16.62,17.08,16.5,17.0,2198.0,3677.566,0.0029070000000000003
1999-11-22,16.6,17.38,16.5,17.0,993.0,1670.854,0.001313
1999-11-23,16.96,17.38,16.55,16.7,1937.0,3290.076,0.002562
1999-11-24,16.6,17.02,16.5,17.0,2955.0,4967.417,0.003909
1999-11-25,16.65,16.95,16.65,16.76,194.0,325.451,0.000257
1999-11-26,16.6,16.88,16.51,16.6,597.0,992.674,0.00079
1999-11-29,16.52,16.78,16.38,16.5,672.0,1105.24,0.000889
1999-11-30,16.4,16.4,15.4,15.67,3509.0,5511.496,0.004642
1999-12-01,15.8,15.8,15.35,15.35,2706.0,4172.589,0.003579
1999-12-02,15.36,15.5,14.78,14.8,2842.0,4237.337,0.003759
1999-12-03,14.69,15.2,14.69,15.08,3611.0,5434.34,0.004776
1999-12-06,15.0,15.05,14.82,15.05,1963.0,2933.734,0.002597
1999-12-07,15.0,15.1,14.5,14.8,1367.0,2036.756,0.001808
1999-12-08,14.75,14.9,14.1,14.9,2685.0,3903.847,0.003552
1999-12-09,14.7,14.9,14.62,14.62,379.0,558.368,0.000501
1999-12-10,14.62,15.04,14.5,15.04,846.0,1260.255,0.001119
1999-12-13,15.02,15.25,14.9,15.05,981.0,1482.104,0.001298
1999-12-14,15.0,15.4,15.0,15.35,1582.0,2416.477,0.0020930000000000002
1999-12-15,15.28,15.95,15.21,15.62,1810.0,2821.318,0.002394
1999-12-16,15.7,15.7,15.25,15.48,796.0,1227.992,0.0010530000000000001
1999-12-17,15.45,15.5,14.78,15.0,1051.0,1581.607,0.0013900000000000002
1999-12-21,14.78,15.15,14.72,15.13,1478.0,2200.0,0.001955
1999-12-22,15.1,15.28,15.0,15.1,949.0,1439.366,0.001255
1999-12-23,15.1,15.13,14.85,14.92,485.26,725.72,0.0006419999999999999
1999-12-24,15.0,15.1,14.81,14.83,339.0,505.0,0.000448
1999-12-27,14.85,14.92,14.5,14.6,1107.0,1625.929,0.001464
1999-12-28,14.7,15.94,14.7,15.9,3226.0,4976.999,0.004267
1999-12-29,15.9,16.1,15.5,16.1,4477.0,7079.066,0.005921999999999999
1999-12-30,16.08,16.49,15.12,16.49,3981.0,6409.839,0.005266
2000-01-04,15.45,16.06,15.1,15.89,6229.0,9627.48,0.008239
2000-01-05,15.8,15.8,15.25,15.4,3190.0,4950.379,0.00422
2000-01-06,15.3,15.8,15.2,15.75,2925.0,4515.111,0.003869
2000-01-07,15.75,16.3,15.4,16.0,7530.0,11995.902,0.00996
2000-01-10,16.51,16.58,16.05,16.2,5165.0,8434.288,0.006832
2000-01-11,16.28,16.28,15.61,15.61,3888.0,6177.816,0.005143
2000-01-12,15.5,15.8,15.3,15.46,2134.0,3318.451,0.002823
2000-01-13,15.26,16.01,15.2,16.01,2392.0,3766.257,0.003164
2000-01-14,16.0,16.15,15.72,15.84,2049.0,3271.237,0.00271
2000-01-17,15.71,16.0,15.5,15.5,1405.0,2220.7,0.0018579999999999998
2000-01-18,15.6,15.9,15.3,15.3,2483.0,3865.746,0.0032840000000000005
2000-01-19,15.31,15.4,15.1,15.21,3256.0,4972.065,0.004307
2000-01-20,15.25,15.48,15.14,15.3,4175.0,6361.13,0.005522
2000-01-21,15.35,15.45,15.05,15.25,3824.0,5823.837,0.005058
2000-01-24,15.25,16.02,15.15,15.81,3782.0,5919.305,0.005003
2000-01-25,15.8,16.0,15.58,15.61,1973.0,3105.542,0.00261
2000-01-26,15.65,16.75,15.6,16.3,8606.0,13915.769,0.011384
2000-01-27,16.2,17.08,16.2,16.86,12700.0,21468.604,0.016798999999999998
2000-01-28,17.0,17.0,16.0,16.75,6955.0,11649.028,0.0092
2000-02-14,17.05,18.43,17.05,18.43,24484.0,44541.0,0.032386
2000-02-15,19.99,20.27,19.99,20.27,10325.0,20914.437,0.013656999999999999
2000-02-16,21.0,22.3,21.0,22.3,61416.0,135707.177,0.08123799999999999
2000-02-17,24.0,24.5,20.1,22.88,40412.0,93769.959,0.053455
2000-02-18,22.6,25.17,22.4,25.17,48165.0,117353.369,0.06371
2000-02-21,25.75,26.98,23.0,24.7,59351.0,149157.318,0.078507
2000-02-22,24.3,25.14,23.28,23.28,20190.0,49641.141,0.026705999999999997
2000-02-23,23.28,23.5,21.61,22.33,20532.0,46586.641,0.027159
2000-02-24,22.02,23.0,22.02,23.0,12216.0,27665.964,0.016159
2000-02-25,23.2,25.11,23.2,24.7,28985.0,70964.562,0.03834
2000-02-28,24.85,26.3,24.7,25.88,33803.0,86382.643,0.044713
2000-02-29,26.2,26.55,24.7,25.48,27535.0,71029.459,0.036421999999999996
2000-03-01,25.38,26.3,25.0,25.68,18211.0,46717.711,0.024089
2000-03-02,25.7,26.04,25.36,25.58,12201.0,31386.754,0.016139
2000-03-03,28.14,28.14,26.0,27.9,41207.0,114920.271,0.054507
2000-03-06,28.2,28.2,25.11,25.11,20232.0,52716.673,0.026762
2000-03-07,24.8,25.6,24.0,24.9,11823.0,29466.522,0.015639
2000-03-08,24.9,25.35,24.8,25.35,11009.0,27550.905,0.014561999999999999
2000-03-09,25.35,26.3,25.35,25.94,15620.0,40313.788,0.020661
2000-03-10,25.9,26.1,25.3,25.32,8837.0,22684.466,0.011689
2000-03-13,25.25,25.5,25.25,25.34,5890.0,14946.734,0.007791
2000-03-14,22.81,24.8,22.81,24.0,12853.0,30377.136,0.017001
2000-03-15,24.05,24.7,23.8,23.97,4431.0,10648.599,0.005861
2000-03-16,23.8,24.3,22.8,23.45,6652.0,15669.306,0.008799
2000-03-17,23.0,25.15,23.0,25.05,9988.0,24675.611,0.013212
2000-03-20,24.58,27.0,23.85,25.5,9843.0,25218.962,0.01302
2000-03-21,25.3,25.98,25.25,25.55,3198.0,8161.348,0.00423
2000-03-22,25.7,25.8,25.4,25.59,5059.0,12950.544,0.006692
2000-03-23,25.5,26.8,25.4,26.5,13544.0,35273.951,0.017915
2000-03-24,26.5,26.81,25.6,26.1,10506.0,27621.171,0.013897
2000-03-27,26.2,27.48,26.1,27.0,24866.0,66967.111,0.032892000000000005
2000-03-28,27.1,28.1,27.0,27.27,22957.0,63601.333,0.030366
2000-03-29,27.2,27.2,26.4,26.7,10352.0,27582.197,0.013693
2000-03-30,26.7,27.5,26.16,26.6,5450.0,14446.239,0.007209
2000-03-31,26.65,27.1,26.45,26.99,10768.0,28773.039,0.014242999999999999
2000-04-03,27.03,28.9,27.03,28.51,36679.0,104517.369,0.048517000000000005
2000-04-04,28.6,29.2,27.18,28.75,32391.0,92028.821,0.042845
2000-04-05,28.0,29.21,27.9,28.2,27179.0,77007.965,0.035951
2000-04-06,28.3,28.93,27.5,28.2,23381.0,65163.568,0.030926999999999996
2000-04-07,27.6,28.29,27.4,27.8,12104.0,33523.544,0.016011
2000-04-10,28.0,28.0,26.95,27.1,14198.0,38611.124,0.018779999999999998
2000-04-11,27.0,27.75,26.66,27.59,7761.0,21070.522,0.010265999999999999
2000-04-12,27.2,27.7,26.8,26.97,6110.0,16543.617,0.008082
2000-04-13,27.0,27.5,26.7,26.95,7040.0,18967.042,0.009312
2000-04-14,27.1,27.59,26.1,26.88,9118.0,24564.658,0.012060999999999999
2000-04-17,26.5,27.3,26.38,26.89,6050.0,16197.116,0.008003
2000-04-18,27.0,27.4,25.8,26.7,9167.0,24169.11,0.012126
2000-04-19,26.3,27.0,25.9,26.05,6435.0,16774.244,0.008511999999999999
2000-04-20,26.15,26.2,25.2,25.98,9774.0,24921.478,0.012929
2000-04-21,25.5,26.7,25.2,25.8,8999.0,23308.536,0.011902999999999999
2000-04-25,25.85,26.48,25.7,25.95,8965.0,23236.126,0.011858
2000-04-26,25.95,26.42,25.0,25.97,19142.0,50137.67,0.02532
2000-04-27,26.0,26.1,25.51,25.74,15038.0,39030.976,0.019892
2000-04-28,25.8,26.0,25.61,25.85,5660.0,14621.759,0.007487000000000001
2000-05-08,26.2,26.9,26.01,26.36,5592.0,14735.972,0.007397
2000-05-09,26.5,26.5,25.83,26.06,3042.0,7945.02,0.004024
2000-05-10,25.9,25.9,25.02,25.58,1940.0,4941.714,0.002566
2000-05-11,25.25,25.68,24.5,24.72,3070.0,7674.656,0.004061
2000-05-12,24.7,24.9,23.96,24.04,3769.0,9155.237,0.004985
2000-05-15,23.98,24.98,23.58,24.98,3176.0,7654.839,0.004201
2000-05-16,24.9,25.89,24.9,25.88,3226.0,8165.602,0.004267
2000-05-17,26.18,26.18,25.5,25.78,2705.0,6954.13,0.003578
2000-05-18,25.7,25.73,25.02,25.73,2113.0,5406.568,0.002795
2000-05-19,25.73,26.08,25.5,26.01,2663.0,6904.934,0.003522
2000-05-22,26.08,26.29,25.81,26.04,3709.0,9648.899,0.004906
2000-05-23,26.04,28.05,26.04,27.4,12772.0,35020.343,0.016894
2000-05-24,27.6,27.6,26.9,27.29,4502.0,12234.938,0.005955
2000-05-25,27.2,27.5,26.8,26.95,4233.0,11465.049,0.005599
2000-05-26,27.0,27.45,26.43,26.45,4022.0,10731.064,0.00532
2000-05-29,26.45,27.2,26.1,26.4,7241.0,19229.427,0.009578
2000-05-30,26.4,27.0,25.8,25.9,4093.0,10715.361,0.0054139999999999995
2000-05-31,25.9,26.15,25.6,25.77,5286.0,13705.642,0.006992000000000001
2000-06-01,25.8,26.8,25.7,26.49,4300.0,11335.006,0.0056879999999999995
2000-06-02,26.7,27.48,26.4,27.29,8535.0,22960.818,0.01129
2000-06-05,27.39,27.68,26.88,26.99,7982.0,21888.619,0.010558000000000001
2000-06-06,26.9,27.1,26.8,27.09,3926.0,10591.779,0.005193
2000-06-07,27.11,27.6,27.1,27.2,4030.0,11003.243,0.005331
2000-06-08,27.3,27.3,26.7,27.0,3492.0,9402.459,0.004619
2000-06-09,26.8,27.15,26.68,27.08,4787.0,12939.774,0.006332
2000-06-12,27.0,27.5,26.8,27.0,3533.0,9568.911,0.004673
2000-06-13,27.1,27.3,26.0,26.9,8209.0,21805.937,0.010858000000000001
2000-06-14,27.0,27.0,25.7,25.9,12735.0,33203.709,0.016845000000000002
2000-06-15,25.9,27.58,25.25,27.4,40359.0,104066.636,0.053384999999999995
2000-06-16,26.0,28.5,26.0,28.3,53629.0,146246.901,0.070938
2000-06-19,28.02,29.1,28.02,28.85,15461.0,44643.914,0.020451
2000-06-20,29.0,29.19,28.6,28.99,18376.0,53255.995,0.024307
2000-06-21,29.15,31.48,29.15,31.02,18171.0,55439.321,0.024036
2000-06-22,31.18,31.29,30.21,30.49,18241.0,56004.875,0.024127999999999997
2000-06-23,30.4,30.99,30.06,30.6,9318.0,28420.791,0.012325
2000-06-26,30.6,30.99,29.52,29.52,8842.0,26834.175,0.011696
2000-06-27,29.4,29.4,28.03,28.19,17017.0,48600.55,0.022509
2000-06-28,27.0,28.74,27.0,27.74,12477.0,34766.056,0.016504
2000-06-29,27.76,28.56,27.76,28.26,9168.0,25929.249,0.012126999999999999
2000-06-30,28.3,28.5,28.0,28.34,3129.0,8850.169,0.004139
2000-07-03,28.49,28.49,27.65,27.65,4343.0,12115.959,0.005745
2000-07-04,27.58,28.7,27.58,28.5,4116.0,11588.118,0.005444
2000-07-05,28.5,28.61,28.2,28.27,2990.0,8498.13,0.003955
2000-07-06,28.0,28.8,28.0,28.3,22238.0,62723.048,0.029415
2000-07-07,28.0,28.45,28.0,28.15,30005.0,84440.691,0.039689
2000-07-10,28.5,28.7,28.15,28.3,6983.0,19861.682,0.009237
2000-07-11,28.3,28.6,28.0,28.15,4882.0,13730.691,0.006458
2000-07-12,28.25,28.4,27.75,27.98,5397.0,15058.627,0.0071389999999999995
2000-07-13,28.0,28.8,27.0,28.8,7292.0,20351.81,0.009646
2000-07-14,28.6,28.8,27.91,28.69,6153.0,17443.488,0.008139
2000-07-17,28.41,28.69,27.89,27.95,4376.0,12311.759,0.005788
2000-07-18,28.0,28.28,27.65,27.98,4109.0,11426.954,0.005435
2000-07-19,28.08,28.66,27.75,27.96,2229.0,6234.632,0.002948
2000-07-20,28.15,28.15,27.82,27.9,2535.0,7081.749,0.003353
2000-07-21,27.92,28.57,27.86,28.39,3568.0,9997.539,0.004719999999999999
2000-07-24,28.38,28.38,27.99,28.26,1695.0,4773.387,0.002242
2000-07-25,28.31,29.45,28.25,29.1,18824.0,54160.192,0.024899
2000-07-26,29.1,30.2,29.1,29.44,10115.0,30145.908,0.013380000000000001
2000-07-27,29.44,29.5,28.7,28.97,6311.0,18376.194,0.008348
2000-07-28,29.0,29.06,28.7,28.8,4470.0,12915.044,0.005913000000000001
2000-07-31,28.7,28.85,28.51,28.72,2908.0,8338.858,0.0038469999999999997
2000-08-01,28.71,29.1,28.5,28.88,4535.0,13151.171,0.005999
2000-08-02,29.0,29.0,28.61,28.7,2726.0,7828.163,0.003606
2000-08-03,28.8,28.8,28.0,28.2,5448.0,15435.405,0.007206000000000001
2000-08-04,27.98,29.45,27.68,29.11,7547.0,21765.716,0.009982999999999999
2000-08-07,28.99,30.07,28.99,29.2,4809.0,14202.094,0.006361
2000-08-08,29.48,29.68,29.09,29.41,3530.0,10367.779,0.0046689999999999995
2000-08-09,29.28,29.4,28.62,28.7,4530.0,13151.987,0.005992
2000-08-10,28.76,29.44,28.5,28.7,3427.0,9844.018,0.004533
2000-08-11,28.71,29.23,28.3,29.01,5539.0,16067.133,0.007327
2000-08-14,29.18,29.4,28.8,29.0,2886.0,8377.501,0.0038169999999999996
2000-08-15,29.0,29.0,28.7,28.71,2430.0,6994.374,0.0032140000000000003
2000-08-16,28.72,28.88,28.6,28.68,3232.0,9279.548,0.004275
2000-08-17,28.68,28.68,28.4,28.64,4468.0,12753.685,0.0059099999999999995
2000-08-18,28.64,28.7,28.5,28.56,2606.0,7448.798,0.003447
2000-08-21,28.56,28.98,28.4,28.8,3098.0,8852.225,0.004098
2000-08-22,29.26,29.26,28.8,28.81,3970.0,11498.067,0.0052510000000000005
2000-08-23,28.81,29.0,27.4,28.34,5395.0,15334.664,0.007136
2000-08-24,28.34,28.9,28.34,28.88,3643.0,10466.513,0.004819
2000-08-25,29.1,29.16,28.8,29.0,3721.0,10766.226,0.004922
2000-08-28,29.2,30.15,29.2,29.98,10169.0,30232.337,0.013451
2000-08-29,30.0,30.8,30.0,30.55,8926.0,27214.094,0.011807000000000002
2000-08-30,30.68,30.99,29.85,30.07,8924.0,27097.314,0.011803999999999999
2000-08-31,29.71,29.99,28.8,29.2,6522.0,19134.6,0.008627000000000001
2000-09-01,29.0,29.2,28.31,29.0,4630.0,13406.583,0.006124000000000001
2000-09-04,29.68,29.9,28.99,29.9,9031.0,26471.419,0.011946000000000002
2000-09-05,30.4,31.0,29.01,29.7,9782.0,29696.319,0.012939
2000-09-06,29.3,30.28,29.2,29.77,9867.7,29293.734,0.013052999999999999
2000-09-07,29.52,30.55,29.52,30.5,13370.0,40511.033,0.017685
2000-09-08,30.55,30.98,30.1,30.87,11872.0,36289.221,0.015704
2000-09-11,30.99,31.3,30.36,30.71,11834.0,36576.82,0.015653
2000-09-12,30.9,31.18,30.3,30.8,9453.0,29089.956,0.012504
2000-09-13,30.5,31.26,30.18,30.8,3893.0,11872.148,0.005149
2000-09-14,30.5,30.78,30.19,30.78,4118.0,12535.357,0.005447
2000-09-15,30.6,30.78,29.65,30.78,10753.0,32520.57,0.014224
2000-09-18,30.12,30.41,29.71,30.0,1977.0,5923.758,0.002615
2000-09-19,30.53,31.0,29.28,29.34,3483.0,10436.005,0.004607
2000-09-20,29.35,29.9,29.25,29.78,4923.0,14562.94,0.006512
2000-09-21,29.06,30.16,29.06,30.09,8409.0,25138.169,0.011123000000000001
2000-09-22,29.11,30.2,29.11,29.85,6703.0,20085.682,0.008866
2000-09-25,29.3,29.85,29.3,29.6,614.0,1810.452,0.0008119999999999999
2000-09-26,29.5,29.9,29.26,29.4,986.0,2911.145,0.0013039999999999998
2000-09-27,29.21,29.5,29.15,29.4,3283.0,9639.74,0.0043430000000000005
2000-09-28,29.2,29.99,29.2,29.52,4703.0,13958.534,0.006221
2000-09-29,29.9,29.9,29.18,29.38,1453.0,4261.528,0.001922
2000-10-10,29.4,30.0,29.4,29.89,2943.0,8779.08,0.0038929999999999998
2000-10-11,29.4,30.0,29.0,29.4,4015.0,11866.449,0.005311
2000-10-12,29.38,29.79,28.86,29.13,1956.0,5673.141,0.002587
2000-10-13,29.2,29.49,28.7,28.95,2884.0,8341.514,0.0038150000000000002
2000-10-16,28.99,29.28,28.5,29.2,2718.0,7895.166,0.0035949999999999997
2000-10-17,29.44,29.49,28.7,29.1,1308.0,3784.893,0.0017299999999999998
2000-10-18,28.85,29.39,28.51,29.38,2679.0,7800.749,0.003544
2000-10-19,29.1,29.37,28.71,29.0,2591.0,7545.042,0.003427
2000-10-20,29.49,29.6,28.81,29.39,6949.0,20291.82,0.009192
2000-10-23,29.05,29.05,28.7,28.97,828.0,2391.76,0.001095
2000-10-24,28.71,28.71,28.05,28.47,1595.0,4538.027,0.00211
2000-10-25,28.45,28.45,27.0,27.92,3349.0,9362.431,0.00443
2000-10-26,28.2,28.2,27.55,27.98,1299.0,3616.864,0.0017180000000000001
2000-10-27,28.0,28.0,27.4,27.85,1782.0,4921.021,0.0023569999999999997
2000-10-30,27.0,27.85,27.0,27.2,2988.0,8103.746,0.003952
2000-10-31,27.8,29.0,27.0,29.0,3200.0,8877.699,0.004233
2000-11-01,27.95,28.45,27.7,28.44,1711.0,4814.128,0.002263
2000-11-02,28.0,28.38,27.66,27.8,1284.0,3573.576,0.001698
2000-11-03,28.5,29.0,27.5,27.99,988.0,2751.268,0.001307
2000-11-06,28.1,28.1,27.5,27.58,1055.0,2910.275,0.001396
2000-11-07,27.58,27.59,27.2,27.21,1459.0,3984.728,0.00193
2000-11-08,27.1,27.22,27.0,27.11,2766.0,7489.547,0.003659
2000-11-09,27.25,27.7,27.01,27.7,4058.0,11084.665,0.005368
2000-11-10,27.7,28.9,27.7,27.92,7260.0,20630.285,0.009603
2000-11-13,27.9,27.9,27.51,27.65,1725.0,4763.485,0.0022819999999999997
2000-11-14,27.6,27.85,27.0,27.69,2969.0,8104.779,0.003927
2000-11-15,27.59,27.98,27.59,27.75,1621.0,4505.562,0.002144
2000-11-16,27.5,28.0,27.5,27.79,832.0,2302.182,0.001101
2000-11-17,27.6,27.83,27.5,27.57,1077.0,2969.752,0.0014249999999999998
2000-11-20,27.6,28.46,27.6,28.15,2329.05,6551.321,0.003081
2000-11-21,27.9,28.5,27.9,28.2,2074.71,5862.024,0.002744
2000-11-22,28.2,28.4,27.6,27.99,2442.98,6818.821,0.003231
2000-11-23,28.0,28.22,27.2,27.85,2213.5,6166.855,0.002928
2000-11-24,27.98,28.03,27.33,27.69,2487.4,6868.758,0.00329
2000-11-27,27.58,27.9,27.21,27.51,1182.0,3254.813,0.001563
2000-11-28,27.88,27.95,27.53,27.8,450.25,1247.841,0.000596
2000-11-29,27.35,27.97,27.35,27.46,703.0,1938.006,0.0009299999999999999
2000-11-30,27.9,27.95,27.5,27.66,904.5,2498.2,0.001196
2000-12-01,27.8,28.5,27.4,27.84,1672.01,4702.011,0.002212
2000-12-04,27.8,28.19,27.66,27.78,903.25,2527.675,0.0011949999999999999
2000-12-05,27.8,28.2,27.8,28.08,880.36,2462.324,0.001164
2000-12-06,28.08,28.3,27.88,28.18,1721.0,4834.098,0.002276
2000-12-07,28.1,29.0,28.1,28.93,4177.18,11944.647,0.0055249999999999995
2000-12-08,28.95,29.39,28.83,29.0,4493.0,13049.168,0.005943
2000-12-11,29.0,29.0,28.6,28.9,2286.0,6587.491,0.003024
2000-12-12,28.86,29.3,28.86,29.08,2270.62,6598.203,0.003003
2000-12-13,29.08,29.08,28.61,28.7,2729.3,7862.32,0.00361
2000-12-14,28.66,28.9,28.6,28.7,1173.6,3365.18,0.001552
2000-12-15,28.71,29.1,28.21,29.1,3169.46,9062.274,0.004192
2000-12-18,28.86,28.9,28.32,28.88,1776.55,5108.734,0.0023499999999999997
2000-12-19,28.75,28.75,28.2,28.5,1511.86,4289.679,0.002
2000-12-20,28.5,28.5,27.82,28.49,15558.86,43491.763,0.020581000000000002
2000-12-21,28.49,28.49,28.1,28.28,13555.4,38298.319,0.017929999999999998
2000-12-22,28.3,28.4,27.99,28.4,15702.06,44153.987,0.02077
2000-12-25,28.8,28.8,28.11,28.28,1378.9,3912.078,0.001824
2000-12-26,28.3,28.5,28.0,28.05,1904.0,5379.106,0.002519
2000-12-27,28.16,28.2,27.01,28.0,3068.91,8486.321,0.004059
2000-12-28,28.16,28.38,28.0,28.3,1998.35,5618.78,0.002643
2000-12-29,28.36,28.8,28.3,28.65,1999.0,5702.752,0.002644
2001-01-02,28.6,28.6,28.28,28.5,1592.3,4520.51,0.0021060000000000002
2001-01-03,28.4,28.6,28.2,28.55,2312.75,6577.033,0.003059
2001-01-04,28.5,28.6,28.26,28.49,2318.21,6590.197,0.0030659999999999997
2001-01-05,28.3,28.8,28.0,28.8,2440.66,6906.26,0.003228
2001-01-08,28.36,28.4,27.96,28.1,1548.0,4355.682,0.002048
2001-01-09,28.1,28.2,27.38,27.5,1447.25,4011.545,0.001914
2001-01-10,27.5,27.59,27.2,27.45,1385.0,3801.474,0.001832
2001-01-11,27.49,27.5,27.0,27.19,2664.7,7240.923,0.003525
2001-01-12,27.2,27.5,26.62,27.5,2690.26,7276.98,0.003559
2001-01-15,27.35,27.4,24.78,26.35,1948.0,5215.45,0.002577
2001-01-16,26.18,26.85,26.0,26.85,1336.27,3519.306,0.001768
2001-01-17,26.5,27.48,26.5,26.81,1296.0,3476.177,0.001714
2001-01-18,26.84,27.08,26.6,27.07,4431.0,11919.377,0.005861
2001-01-19,27.0,27.58,26.6,27.58,5456.05,14735.76,0.007217
2001-02-05,27.03,27.03,26.2,26.84,1757.25,4661.195,0.002324
2001-02-06,26.82,26.82,25.92,26.19,1380.0,3602.275,0.001825
2001-02-07,26.19,26.19,25.0,25.48,952.75,2429.658,0.00126
2001-02-08,25.4,26.04,25.1,25.49,3220.69,8229.556,0.00426
2001-02-09,25.4,26.0,25.4,25.75,1423.43,3663.771,0.001883
2001-02-12,25.7,25.8,25.45,25.67,1065.31,2737.018,0.0014089999999999999
2001-02-13,25.61,25.71,25.2,25.6,2829.65,7194.28,0.0037430000000000002
2001-02-14,25.6,26.0,24.9,26.0,3671.25,9418.713,0.004856
2001-02-15,26.05,26.07,25.73,26.06,2480.23,6450.476,0.003281
2001-02-16,26.03,26.05,25.8,26.05,2597.66,6727.185,0.0034360000000000003
2001-02-19,26.02,26.05,25.83,25.93,1041.0,2701.168,0.001377
2001-02-20,25.93,25.93,24.98,25.28,1040.0,2633.399,0.001376
2001-02-21,25.23,25.88,24.66,24.92,1072.0,2672.52,0.001418
2001-02-22,25.02,25.05,24.8,24.89,698.0,1739.734,0.0009229999999999999
2001-02-23,24.5,25.0,24.5,24.9,911.0,2269.68,0.001205
2001-02-26,24.9,25.02,24.33,24.8,882.85,2188.523,0.001168
2001-02-27,24.75,24.95,23.4,24.8,4854.9,11760.333,0.006422
2001-02-28,24.76,25.2,24.7,24.75,514.0,1273.652,0.00068
2001-03-01,24.8,24.8,24.06,24.09,570.0,1383.976,0.0007539999999999999
2001-03-02,24.1,24.18,23.9,23.95,1347.5,3240.291,0.001782
2001-03-05,24.08,24.08,23.19,23.19,1774.0,4172.249,0.002347
2001-03-06,23.18,23.18,21.6,21.9,9283.68,20464.352,0.01228
2001-03-07,21.9,22.9,21.6,22.87,8342.16,18389.28,0.011035
2001-03-08,22.81,22.81,22.3,22.3,2824.77,6357.777,0.0037359999999999997
2001-03-09,22.1,22.52,22.05,22.35,2414.05,5415.723,0.0031929999999999997
2001-03-12,22.3,23.2,22.3,22.9,3632.79,8309.683,0.004805
2001-03-13,22.9,23.2,22.61,22.9,1952.66,4472.409,0.002583
2001-03-14,22.9,22.97,22.57,22.6,2818.0,6419.907,0.0037280000000000004
2001-03-15,22.65,22.74,22.2,22.31,2499.5,5640.289,0.003306
2001-03-16,22.38,22.38,21.98,22.0,2448.25,5398.168,0.0032379999999999996
2001-03-19,22.0,22.0,21.8,21.92,2844.7,6236.742,0.0037630000000000003
2001-03-20,22.2,22.68,21.5,22.35,5459.5,11896.036,0.007221999999999999
2001-03-21,22.35,23.0,22.35,22.93,8945.12,20349.557,0.011832
2001-03-22,23.0,24.0,23.0,23.99,6522.26,15486.71,0.008627000000000001
2001-03-23,24.0,24.0,22.9,22.9,7341.0,17247.149,0.00971
2001-03-26,23.78,24.56,23.01,23.63,7703.93,18196.983,0.01019
2001-03-27,23.68,23.69,23.19,23.5,3158.93,7421.073,0.004178
2001-03-28,23.51,24.0,23.51,23.97,2591.0,6159.117,0.003427
2001-03-29,23.97,23.97,23.52,23.62,1499.0,3542.037,0.001983
2001-03-30,23.7,24.5,23.63,24.5,1651.25,3960.035,0.002184
2001-04-02,24.32,24.38,24.1,24.21,2002.11,4850.922,0.0026479999999999997
2001-04-03,24.3,24.3,23.75,23.8,1315.0,3150.081,0.001739
2001-04-04,23.75,23.8,23.2,23.25,1551.0,3642.695,0.002052
2001-04-05,23.22,23.8,23.0,23.72,1138.0,2644.134,0.001505
2001-04-06,23.77,23.77,23.3,23.6,561.45,1318.863,0.0007430000000000001
2001-04-09,23.05,23.88,23.05,23.8,948.46,2246.929,0.001255
2001-04-10,23.8,24.1,23.6,23.72,1614.0,3856.084,0.0021349999999999997
2001-04-11,23.65,23.98,23.65,23.68,767.22,1821.767,0.001015
2001-04-12,23.9,24.62,23.68,24.6,5032.26,12286.11,0.006656
2001-04-13,24.8,25.1,24.46,24.77,3412.0,8479.457,0.004513
2001-04-16,25.3,26.39,25.1,26.01,9164.21,23787.177,0.012121999999999999
2001-04-17,26.38,26.99,26.38,26.9,12009.81,32084.021,0.015886
2001-04-18,26.9,27.0,26.4,26.6,3548.25,9425.494,0.004693
2001-04-19,26.4,26.87,26.0,26.45,3493.2,9197.941,0.004621
2001-04-20,26.3,26.45,25.53,25.53,4021.07,10400.912,0.005319000000000001
2001-04-23,25.45,25.85,25.1,25.69,2419.75,6135.98,0.003201
2001-04-24,25.6,25.8,25.4,25.54,1095.01,2801.021,0.001448
2001-04-25,25.5,26.1,25.39,25.45,2300.94,5932.584,0.003044
2001-04-26,25.45,25.7,25.21,25.4,1600.41,4078.34,0.002117
2001-04-27,25.4,25.75,25.33,25.4,1687.49,4311.139,0.002232
2001-04-30,25.12,25.5,25.12,25.29,750.0,1902.823,0.000992
2001-05-08,25.3,25.57,25.02,25.39,565.2,1431.634,0.0007480000000000001
2001-05-09,25.36,25.48,25.03,25.1,912.18,2295.526,0.001207
2001-05-10,24.38,25.11,24.38,24.88,1040.61,2576.144,0.001376
2001-05-11,24.88,25.2,24.6,24.9,533.51,1325.356,0.0007059999999999999
2001-05-14,24.75,25.13,24.6,24.86,2102.37,5225.755,0.002781
2001-05-15,25.1,25.68,25.0,25.2,2968.16,7514.865,0.003926
2001-05-16,25.5,26.01,25.41,26.0,5061.18,13132.097,0.0066949999999999996
2001-05-17,26.32,26.32,25.61,26.11,5610.77,14605.115,0.007422
2001-05-18,26.3,26.35,25.8,26.35,3613.4,9439.192,0.0047799999999999995
2001-05-21,26.25,26.25,25.5,25.68,4515.5,11592.124,0.005973000000000001
2001-05-22,25.67,25.97,25.45,25.65,4219.5,10806.874,0.005581
2001-05-23,25.64,25.67,25.38,25.52,4025.81,10274.966,0.005325
2001-05-24,25.53,25.56,25.01,25.13,1513.76,3824.397,0.002002
2001-05-25,25.15,25.9,25.05,25.5,2195.5,5531.673,0.002904
2001-05-28,25.47,25.5,25.0,25.06,2287.71,5760.736,0.0030259999999999996
2001-05-29,25.07,25.09,24.7,24.7,1153.7,2867.983,0.0015260000000000002
2001-05-30,24.69,25.2,24.65,25.05,1945.75,4865.66,0.0025740000000000003
2001-05-31,25.07,25.1,24.9,25.0,1071.56,2678.52,0.0014169999999999999
2001-06-01,25.02,25.89,24.0,25.6,2150.25,5433.508,0.0028439999999999997
2001-06-04,25.58,25.58,25.08,25.32,1467.99,3724.74,0.0019420000000000001
2001-06-05,25.32,25.33,25.0,25.12,1623.25,4086.464,0.002147
2001-06-06,25.14,25.2,24.81,24.84,1100.0,2746.441,0.001455
2001-06-07,24.84,24.85,24.41,24.58,1494.0,3677.959,0.001976
2001-06-08,24.6,24.6,24.01,24.35,2083.0,5040.991,0.002755
2001-06-11,24.3,24.4,24.03,24.3,1364.94,3300.846,0.001805
2001-06-12,24.28,24.33,24.09,24.28,1156.5,2803.028,0.00153
2001-06-13,24.3,24.3,24.01,24.13,1667.99,4021.277,0.002206
2001-06-14,24.19,24.2,23.68,23.68,2394.0,5716.645,0.0031669999999999997
2001-06-15,23.65,24.25,23.6,24.2,905.21,2161.725,0.001197
2001-06-18,24.2,24.2,23.32,23.38,1454.0,3430.143,0.001923
2001-06-19,23.4,23.4,23.04,23.25,891.04,2065.937,0.0011790000000000001
2001-06-20,23.25,23.6,22.71,23.4,7196.01,16513.065,0.009519
2001-06-21,23.57,24.4,23.4,24.2,6495.85,15343.653,0.008591999999999999
2001-06-22,24.35,24.35,24.0,24.05,4348.0,10509.189,0.005750999999999999
2001-06-25,24.05,24.66,24.0,24.13,2416.0,5830.979,0.003196
2001-06-26,24.16,24.2,23.5,23.71,1654.31,3932.861,0.002188
2001-06-27,23.7,23.9,23.29,23.33,1788.0,4186.938,0.002365
2001-07-02,23.8,23.9,22.8,23.1,3012.75,6939.493,0.003985
2001-07-03,23.0,23.3,22.86,23.01,840.55,1933.668,0.001112
2001-07-04,23.78,23.78,23.01,23.21,1495.5,3476.356,0.001978
2001-07-05,23.1,23.49,23.05,23.08,839.75,1941.359,0.001111
2001-07-06,22.88,24.0,22.88,24.0,1751.05,4114.832,0.002316
2001-07-09,23.99,24.28,23.65,23.99,1014.5,2428.588,0.001342
2001-07-10,23.99,24.13,23.98,23.98,854.0,2054.121,0.00113
2001-07-11,24.0,24.0,23.5,23.5,810.0,1919.38,0.001071
2001-07-12,23.53,23.96,23.53,23.7,476.0,1129.577,0.00063
2001-07-13,23.7,23.99,23.4,23.8,576.28,1372.408,0.0007620000000000001
2001-07-16,23.8,23.8,23.4,23.52,2110.93,4956.62,0.002792
2001-07-17,23.3,23.48,23.1,23.11,779.0,1806.416,0.0010299999999999999
2001-07-18,23.13,23.58,22.95,23.2,737.27,1704.008,0.0009750000000000001
2001-07-19,22.99,23.2,22.1,23.1,340.55,784.575,0.00045
2001-07-20,23.1,23.6,23.07,23.25,562.2,1306.565,0.000744
2001-07-23,23.5,24.1,23.2,23.29,586.5,1367.687,0.000776
2001-07-24,23.01,23.5,23.0,23.03,586.18,1352.915,0.000775
2001-07-25,23.28,23.28,22.78,22.8,939.0,2151.568,0.001242
2001-07-26,22.81,22.81,22.41,22.46,353.0,799.274,0.00046699999999999997
2001-07-27,22.6,23.15,22.0,23.1,8833.92,20220.692,0.011685000000000001
2001-07-30,23.2,24.08,22.29,24.08,2567.47,5886.649,0.003396
2001-07-31,23.38,23.38,22.2,23.02,3799.0,8712.725,0.005024999999999999
2001-08-01,24.02,24.02,22.8,22.95,5887.0,13930.583,0.007787
2001-08-02,23.0,23.0,22.4,22.4,779.0,1762.043,0.0010299999999999999
2001-08-03,22.4,22.79,22.25,22.65,400.5,897.213,0.00053
2001-08-06,22.65,22.65,21.5,21.82,874.0,1928.352,0.001156
2001-08-07,21.8,23.0,20.88,22.3,3238.98,7218.78,0.004284
2001-08-08,22.0,22.01,21.61,21.78,609.0,1332.049,0.0008060000000000001
2001-08-09,21.8,22.0,21.5,21.9,319.0,696.772,0.000422
2001-08-10,21.99,22.28,21.82,21.99,270.03,592.851,0.000357
2001-08-13,21.88,21.88,21.51,21.55,499.0,1077.031,0.00066
2001-08-14,21.56,21.99,21.56,21.6,317.41,686.141,0.00042
2001-08-15,21.6,21.88,21.21,21.4,565.0,1214.362,0.000747
2001-08-16,21.4,22.18,21.0,22.18,1286.31,2755.782,0.001701
2001-08-17,21.3,23.19,21.0,21.6,1116.0,2516.959,0.001476
2001-08-20,23.0,23.0,21.61,22.07,2863.68,6479.934,0.003788
2001-08-21,22.0,22.2,21.8,21.81,223.8,492.545,0.00029600000000000004
2001-08-22,21.6,21.65,21.2,21.5,556.7,1189.23,0.000736
2001-08-23,21.01,21.5,21.01,21.25,204.5,435.661,0.000271
2001-08-24,22.61,22.61,21.3,21.4,1131.0,2504.143,0.0014960000000000002
2001-08-27,21.22,21.24,20.1,20.1,753.0,1560.24,0.000996
2001-08-28,20.1,20.7,19.11,20.28,1331.61,2600.76,0.001761
2001-08-29,20.21,20.21,19.31,19.75,491.0,970.513,0.000649
2001-08-30,19.5,19.69,19.06,19.69,599.0,1155.034,0.0007920000000000001
2001-08-31,19.45,20.48,19.02,20.48,1783.25,3507.762,0.002359
2001-09-03,19.88,19.88,19.4,19.6,123.5,242.362,0.00016299999999999998
2001-09-04,19.6,20.2,19.6,20.15,548.9,1092.893,0.000726
2001-09-05,20.22,20.65,20.08,20.15,1181.0,2403.58,0.001562
2001-09-06,20.15,20.3,20.02,20.03,232.99,469.318,0.000308
2001-09-07,20.1,20.25,19.42,19.42,603.0,1187.279,0.000798
2001-09-10,19.03,20.0,19.03,19.96,417.0,823.73,0.000552
2001-09-11,20.15,20.15,19.8,19.95,656.6,1308.436,0.0008690000000000001
2001-09-12,19.6,19.93,19.38,19.6,687.0,1347.042,0.000909
2001-09-13,19.75,19.75,19.16,19.42,278.2,541.669,0.000368
2001-09-14,19.36,19.85,19.03,19.5,427.87,821.402,0.000566
2001-09-17,19.08,19.08,18.7,18.71,433.4,819.023,0.0005729999999999999
2001-09-18,18.51,18.99,18.06,18.48,451.87,834.675,0.000598
2001-09-19,18.4,18.86,18.03,18.86,909.8,1662.91,0.001203
2001-09-20,19.2,20.37,19.2,19.71,5839.99,11653.047,0.007724999999999999
2001-09-21,19.5,19.6,19.15,19.28,953.0,1850.112,0.001261
2001-09-24,19.1,19.37,19.1,19.37,475.4,911.415,0.000629
2001-09-25,19.3,19.3,18.71,18.73,743.61,1403.805,0.000984
2001-09-26,18.2,18.67,18.13,18.19,1057.0,1934.134,0.0013980000000000002
2001-09-27,18.12,18.58,18.05,18.07,853.5,1549.226,0.001129
2001-09-28,18.11,18.48,17.5,17.8,625.0,1120.272,0.0008269999999999999
2001-10-08,17.75,17.81,16.95,16.95,668.5,1151.887,0.000884
2001-10-09,17.0,17.62,16.8,17.2,948.93,1634.292,0.001255
2001-10-10,17.49,17.51,16.73,16.79,977.7,1662.138,0.0012929999999999999
2001-10-11,16.75,17.0,15.5,15.95,1824.0,2928.965,0.0024129999999999998
2001-10-12,16.28,16.8,15.6,16.7,1517.69,2464.952,0.0020080000000000002
2001-10-15,16.76,16.88,16.3,16.5,640.42,1062.589,0.000847
2001-10-16,16.21,16.6,15.72,16.5,732.0,1178.924,0.000968
2001-10-17,15.81,16.18,15.5,16.0,1261.89,1977.176,0.001669
2001-10-18,15.65,15.89,15.3,15.4,894.24,1378.317,0.001183
2001-10-19,15.01,15.4,14.61,15.0,2020.5,3026.73,0.002673
2001-10-22,14.51,14.96,14.35,14.64,2444.5,3565.824,0.0032329999999999998
2001-10-23,15.79,16.1,15.79,16.1,19631.66,31593.228,0.025968
2001-10-24,16.5,17.09,16.0,16.45,27860.6,46264.922,0.036853
2001-10-25,16.2,16.2,15.3,15.6,8499.27,13357.893,0.011242
2001-10-26,15.5,15.62,14.7,14.88,4457.0,6706.556,0.005896
2001-10-29,14.7,15.51,14.7,15.51,2210.8,3366.12,0.002924
2001-10-30,15.58,15.68,15.0,15.23,2000.75,3046.898,0.002646
2001-10-31,15.19,15.4,15.0,15.36,870.81,1315.16,0.001152
2001-11-01,15.55,15.61,15.12,15.59,1919.49,2968.986,0.002539
2001-11-02,15.66,15.78,15.51,15.72,2306.54,3617.527,0.003051
2001-11-05,15.72,15.73,15.2,15.2,1775.0,2720.797,0.0023480000000000003
2001-11-06,15.5,15.5,14.81,14.99,2563.0,3844.89,0.0033900000000000002
2001-11-07,14.84,15.0,14.0,14.28,3074.52,4463.152,0.004067
2001-11-08,13.98,14.6,13.6,14.48,1916.99,2710.164,0.002536
2001-11-09,14.44,14.88,14.0,14.7,1643.99,2396.007,0.002175
2001-11-12,14.83,14.97,14.71,14.75,993.45,1469.42,0.0013139999999999998
2001-11-13,14.42,14.6,14.08,14.19,1252.99,1786.565,0.0016569999999999998
2001-11-14,14.23,14.34,14.03,14.1,634.5,896.951,0.000839
2001-11-15,14.5,14.5,13.9,14.15,1023.04,1437.1,0.001353
2001-11-16,15.45,15.5,14.15,14.16,7515.78,11024.782,0.009942
2001-11-19,14.21,14.3,14.05,14.3,1772.62,2507.751,0.002345
2001-11-20,14.2,14.76,14.16,14.73,4130.27,6033.781,0.005463
2001-11-21,14.76,15.45,14.65,15.39,12752.09,19181.0,0.016868
2001-11-22,15.38,15.5,15.15,15.39,10425.02,15990.314,0.01379
2001-11-23,15.38,15.77,15.28,15.55,7719.21,11991.524,0.010211
2001-11-26,15.5,15.75,15.38,15.56,4214.28,6562.955,0.005574
2001-11-27,15.58,15.65,15.47,15.61,3073.46,4774.537,0.004065
2001-11-28,15.9,15.9,15.51,15.76,6508.98,10222.077,0.00861
2001-11-29,15.88,16.45,15.8,16.2,12870.3,20820.203,0.017023999999999997
2001-11-30,16.25,16.56,16.16,16.31,7315.2,11936.934,0.009676
2001-12-03,16.28,16.48,16.14,16.18,8316.35,13527.408,0.011000000000000001
2001-12-04,16.18,16.3,15.99,16.19,8035.93,12960.619,0.010629999999999999
2001-12-05,16.19,16.19,15.6,15.61,8345.8,13251.369,0.011039
2001-12-06,15.51,15.78,15.34,15.62,3776.56,5897.397,0.004995
2001-12-07,15.63,15.9,15.6,15.65,3119.79,4920.449,0.0041270000000000005
2001-12-10,15.7,15.9,15.5,15.88,1835.2,2864.379,0.002428
2001-12-11,15.9,16.08,15.67,15.69,3172.1,5043.473,0.004196
2001-12-12,15.64,15.8,15.62,15.75,1477.0,2318.029,0.001954
2001-12-13,15.75,15.75,15.3,15.34,2462.3,3816.75,0.003257
2001-12-14,15.32,15.33,15.01,15.06,2141.0,3242.171,0.002832
2001-12-17,14.9,15.06,14.58,14.71,2315.3,3408.107,0.003063
2001-12-18,14.68,14.88,14.35,14.69,3721.1,5403.215,0.004922
2001-12-19,14.69,14.81,14.53,14.72,1732.0,2537.787,0.002291
2001-12-24,14.03,14.49,13.25,13.25,5835.72,7934.934,0.007719
2001-12-25,13.25,13.25,11.93,12.48,14017.74,17386.205,0.018542
2001-12-26,12.36,12.59,12.15,12.31,4593.2,5687.736,0.006076000000000001
2001-12-27,12.31,12.68,12.1,12.16,3596.72,4470.093,0.004758
2001-12-28,12.16,12.5,11.2,12.39,11145.89,13104.165,0.014743
2002-01-04,12.38,12.38,11.61,11.9,4113.57,4845.037,0.0054410000000000005
2002-01-07,11.62,11.78,11.57,11.65,2092.5,2439.064,0.002768
2002-01-08,11.52,11.8,11.29,11.3,2242.0,2577.57,0.002966
2002-01-09,11.35,11.35,10.6,10.85,8134.98,8807.924,0.010761
2002-01-10,10.8,10.85,10.16,10.63,4769.9,4999.428,0.006309
2002-01-11,10.59,10.6,10.24,10.36,4454.0,4606.022,0.005892
2002-01-14,10.42,10.42,10.14,10.27,3840.5,3943.572,0.00508
2002-01-15,10.16,10.55,10.16,10.3,3376.56,3510.444,0.004466
2002-01-16,10.27,10.5,10.2,10.44,2552.9,2651.038,0.003377
2002-01-17,10.36,10.36,9.95,10.0,6033.96,6106.479,0.007981
2002-01-18,10.05,10.5,10.04,10.41,6005.16,6149.523,0.007943
2002-01-21,10.38,10.45,10.1,10.13,3941.21,4015.806,0.005213
2002-01-22,10.15,10.55,10.09,10.22,6606.21,6763.829,0.008738000000000001
2002-01-23,10.2,10.92,10.05,10.77,11300.16,11643.257,0.014946999999999998
2002-01-24,10.68,11.26,10.38,11.09,18832.8,20468.756,0.024911
2002-01-25,11.0,11.2,10.78,10.79,11932.7,13047.472,0.015784
2002-01-28,10.82,10.9,10.06,10.16,7274.0,7502.3,0.009622
2002-01-29,10.06,10.36,10.05,10.28,3891.69,3982.889,0.005148000000000001
2002-01-30,10.28,10.39,10.15,10.33,2531.5,2589.965,0.0033489999999999995
2002-01-31,11.0,11.36,10.73,11.11,21839.21,24347.922,0.028887999999999997
2002-02-01,11.08,11.15,10.73,10.8,12085.94,13200.126,0.015987
2002-02-04,10.7,11.66,10.6,11.46,21799.76,24870.736,0.028836
2002-02-05,11.59,12.26,11.46,11.67,61080.02,72267.417,0.08079399999999999
2002-02-06,11.8,12.19,11.68,11.8,29555.13,35246.087,0.039094000000000004
2002-02-07,12.15,12.15,11.81,12.0,16502.09,19796.242,0.021828
2002-02-08,12.15,12.16,11.66,11.71,10907.4,12937.887,0.014428000000000002
2002-02-25,12.0,12.09,11.6,11.92,8760.06,10359.048,0.011587
2002-02-26,12.0,12.0,11.69,11.91,5219.76,6149.209,0.006904
2002-02-27,11.9,12.23,11.9,12.14,14801.1,17881.732,0.019577999999999998
2002-02-28,12.18,12.2,11.87,11.94,7186.8,8603.825,0.009506
2002-03-01,12.0,12.0,11.62,11.7,7282.11,8562.994,0.009632
2002-03-04,11.7,11.9,11.66,11.82,3274.81,3854.131,0.004332
2002-03-05,11.9,12.59,11.74,12.44,19921.21,24504.132,0.026351
2002-03-06,13.07,13.07,12.42,12.48,25679.55,32574.338,0.033968
2002-03-07,12.57,12.79,12.32,12.74,11404.8,14392.491,0.015085999999999999
2002-03-08,12.9,13.46,12.9,13.18,29755.37,38982.513,0.039359000000000005
2002-03-11,13.2,13.39,13.08,13.31,15178.45,20072.651,0.020076999999999998
2002-03-12,13.3,13.66,13.25,13.49,18599.62,25097.379,0.024603
2002-03-13,13.49,13.49,12.82,12.86,11524.1,15144.156,0.015244
2002-03-14,12.8,13.26,12.7,13.2,7371.46,9565.96,0.009751
2002-03-15,13.26,13.33,12.52,12.59,12293.47,16015.649,0.016261
2002-03-18,12.59,12.99,12.5,12.61,8804.7,11140.94,0.011646
2002-03-19,12.68,12.87,12.42,12.85,8442.16,10685.058,0.011167
2002-03-20,12.99,14.12,12.98,13.61,29890.32,40893.092,0.039537
2002-03-21,13.65,13.75,13.35,13.55,10773.91,14567.389,0.014251
2002-03-22,13.55,13.6,13.25,13.37,6414.0,8579.43,0.008484
2002-03-25,13.42,13.46,13.21,13.45,4111.86,5493.919,0.005439
2002-03-26,13.45,13.45,13.03,13.06,6172.48,8126.921,0.008165
2002-03-27,13.15,13.61,12.92,13.57,9419.71,12555.596,0.01246
2002-03-28,13.83,13.83,13.4,13.44,5514.0,7461.362,0.007294
2002-03-29,13.39,13.39,12.8,12.9,7793.59,10170.303,0.010308999999999999
2002-04-01,12.8,13.2,11.8,13.13,6913.87,8934.82,0.009145
2002-04-02,13.0,13.05,12.5,12.66,5270.99,6705.12,0.006972000000000001
2002-04-03,12.68,12.75,12.21,12.35,5507.42,6843.931,0.007285000000000001
2002-04-04,12.35,12.8,12.11,12.66,4915.25,6155.435,0.006502
2002-04-05,12.6,12.92,12.4,12.51,4261.56,5369.518,0.005637
2002-04-08,12.47,12.55,12.35,12.46,2150.47,2674.327,0.002845
2002-04-09,12.4,12.8,12.36,12.77,8523.34,10817.42,0.011274
2002-04-10,12.85,13.38,12.85,13.37,27040.43,35278.12,0.035768
2002-04-11,13.37,13.39,12.95,12.96,8972.01,11764.595,0.011868
2002-04-12,12.9,13.2,12.8,13.13,4714.8,6167.425,0.006237
2002-04-15,13.0,13.19,12.86,13.02,3052.66,3960.7,0.004038
2002-04-16,12.9,13.35,12.86,13.22,7042.93,9264.277,0.009316
2002-04-17,13.18,13.64,13.05,13.51,17964.41,24152.248,0.023762
2002-04-18,13.51,13.59,13.1,13.13,6801.0,9064.226,0.008995999999999999
2002-04-19,13.1,13.25,12.88,13.21,5020.91,6544.652,0.006641
2002-04-22,13.09,13.25,12.9,13.22,3344.63,4403.298,0.004424
2002-04-23,13.05,13.3,13.05,13.17,3381.6,4469.981,0.0044729999999999995
2002-04-24,13.17,13.2,12.79,12.8,5339.2,6909.781,0.007062000000000001
2002-04-25,12.75,13.05,12.6,12.81,5486.0,7056.206,0.007257
2002-04-26,13.25,13.25,12.81,13.09,3161.8,4149.708,0.004182
2002-04-30,13.3,13.71,13.3,13.35,12319.97,16605.904,0.016295999999999998
2002-05-08,13.35,13.37,13.1,13.22,2774.4,3670.689,0.00367
2002-05-09,13.2,13.7,13.2,13.69,10017.72,13543.071,0.013250999999999999
2002-05-10,13.7,13.78,13.4,13.47,6098.19,8262.383,0.008066
2002-05-13,13.3,13.58,13.2,13.57,4390.78,5890.189,0.005808
2002-05-14,13.5,13.74,13.42,13.63,11461.49,15655.917,0.015161
2002-05-15,13.55,13.76,13.4,13.46,6375.5,8666.105,0.008433000000000001
2002-05-16,13.32,13.45,12.8,12.84,7657.1,9983.432,0.010128
2002-05-17,12.78,13.09,12.7,13.07,4292.75,5542.679,0.005678
2002-05-20,13.05,13.05,12.4,12.5,4773.6,6010.448,0.006313999999999999
2002-05-21,13.0,13.32,12.78,13.19,7588.18,9949.01,0.010037
2002-05-22,13.27,13.76,13.27,13.46,17601.37,23882.952,0.023281999999999997
2002-05-23,13.56,13.7,13.35,13.56,7779.19,10513.742,0.010289999999999999
2002-05-24,13.6,13.62,13.12,13.17,4523.21,6015.608,0.0059830000000000005
2002-05-27,13.15,13.4,13.1,13.22,3112.55,4103.536,0.004117
2002-05-28,13.24,13.47,13.2,13.4,3930.0,5254.041,0.005198
2002-05-29,13.41,13.41,12.84,12.88,5424.25,7059.295,0.007175
2002-05-30,12.9,13.15,12.65,12.92,3205.19,4117.899,0.00424
2002-05-31,12.88,13.0,12.68,12.74,3969.05,5092.622,0.00525
2002-06-03,12.65,12.65,12.39,12.39,3714.0,4631.547,0.004913
2002-06-04,12.35,12.55,12.3,12.41,2193.31,2722.477,0.0029010000000000004
2002-06-05,12.32,12.45,11.75,11.79,4961.74,5967.47,0.006563
2002-06-06,11.78,12.85,11.55,12.25,6066.58,7331.311,0.008025
2002-06-07,12.3,12.59,12.12,12.31,5889.29,7296.506,0.00779
2002-06-10,12.28,12.34,11.9,11.99,3119.5,3759.55,0.004126
2002-06-11,12.09,12.19,11.91,12.1,2054.96,2483.63,0.002718
2002-06-12,12.07,12.3,11.95,12.0,1105.0,1328.69,0.001462
2002-06-13,12.01,12.12,11.95,11.97,1379.1,1656.382,0.001824
2002-06-14,11.93,12.0,11.61,11.63,2668.0,3141.31,0.003529
2002-06-17,11.6,11.83,11.5,11.72,2660.2,3100.784,0.003519
2002-06-18,11.72,12.2,11.72,12.07,4451.28,5350.499,0.005888
2002-06-19,12.15,12.15,11.98,12.0,2496.1,3002.59,0.003302
2002-06-20,11.99,12.16,11.99,12.12,2504.99,3030.53,0.003313
2002-06-21,12.16,12.72,12.01,12.64,6786.88,8496.268,0.008977
2002-06-24,13.9,13.9,13.15,13.9,32540.19,44443.79,0.043043
2002-06-25,13.96,13.99,13.39,13.4,16586.22,22710.648,0.021939
2002-06-26,13.2,13.69,13.1,13.45,11769.53,15775.236,0.015568
2002-06-27,13.5,13.5,13.0,13.12,7502.16,9915.805,0.009923
2002-06-28,13.0,13.2,12.75,12.99,11032.54,14270.537,0.014593
2002-07-02,12.75,12.97,12.71,12.97,3745.34,4795.153,0.004954
2002-07-03,13.11,13.34,13.1,13.15,6909.38,9115.026,0.009139000000000001
2002-07-04,13.26,13.27,12.85,12.88,3409.49,4419.519,0.00451
2002-07-05,13.0,13.0,12.85,12.95,1848.6,2382.84,0.002445
2002-07-08,12.62,12.95,12.62,12.93,2149.0,2759.084,0.002843
2002-07-09,12.94,12.95,12.76,12.79,2794.35,3587.026,0.0036959999999999996
2002-07-10,12.72,12.76,12.44,12.47,5284.5,6634.01,0.00699
2002-07-11,12.47,12.63,12.3,12.58,7255.25,8999.984,0.009597
2002-07-12,12.52,12.58,12.32,12.34,2904.8,3598.081,0.003842
2002-07-15,12.38,12.38,12.18,12.22,1301.9,1591.4,0.001722
2002-07-16,12.49,12.49,12.2,12.29,1995.54,2449.327,0.00264
2002-07-17,12.28,12.39,12.21,12.39,694.4,852.093,0.000919
2002-07-18,12.36,12.46,12.3,12.31,1392.06,1726.411,0.0018410000000000002
2002-07-19,12.3,12.44,12.3,12.44,1081.8,1337.809,0.001431
2002-07-22,12.44,12.44,12.22,12.22,1162.0,1427.401,0.001537
2002-07-23,12.2,12.43,12.2,12.35,1227.89,1516.04,0.0016239999999999998
2002-07-24,12.35,12.4,12.21,12.23,608.64,746.352,0.000805
2002-07-25,12.31,12.35,12.1,12.17,3728.86,4550.159,0.004932000000000001
2002-07-26,12.17,12.25,12.0,12.03,4016.03,4857.981,0.005312
2002-07-29,12.03,12.05,11.9,11.97,4235.45,5068.475,0.005602
2002-07-30,12.0,12.05,11.86,11.95,2310.7,2761.833,0.0030559999999999997
2002-07-31,11.95,12.02,11.8,11.81,3432.77,4094.587,0.004541
2002-08-01,11.81,12.0,11.8,11.92,3563.32,4234.95,0.004713
2002-08-02,11.92,12.17,11.92,12.13,4177.05,5040.936,0.0055249999999999995
2002-08-05,12.13,12.29,12.13,12.22,4154.44,5078.102,0.005495
2002-08-06,12.18,12.37,12.18,12.26,4761.0,5850.462,0.006298000000000001
2002-08-07,12.21,12.36,12.14,12.14,1874.0,2294.185,0.0024790000000000003
2002-08-08,12.14,12.25,12.0,12.03,3087.56,3751.984,0.004084
2002-08-09,12.03,12.05,11.85,11.86,3484.0,4154.102,0.004608
2002-08-12,11.86,12.05,11.8,11.99,2999.84,3573.351,0.003968
2002-08-13,11.98,12.1,11.88,12.08,1030.5,1230.739,0.001363
2002-08-14,12.05,12.05,11.92,11.99,372.0,444.984,0.000492
2002-08-15,12.12,12.12,11.85,11.95,441.0,527.521,0.000583
2002-08-16,12.03,12.03,11.81,11.95,507.02,605.841,0.000671
2002-08-19,11.95,12.0,11.83,11.84,947.29,1125.101,0.001253
2002-08-20,11.85,12.0,11.8,11.96,1302.0,1554.406,0.001722
2002-08-21,12.0,12.0,11.86,11.94,683.91,814.658,0.000905
2002-08-22,11.9,12.78,11.88,12.38,7325.48,9054.358,0.009689999999999999
2002-08-23,12.24,12.35,12.12,12.2,1883.5,2297.18,0.0024909999999999997
2002-08-26,12.2,12.2,12.0,12.06,1306.3,1578.398,0.0017280000000000002
2002-08-27,12.01,12.29,12.01,12.24,2381.85,2904.206,0.0031509999999999997
2002-08-28,12.32,12.32,12.01,12.1,1793.09,2172.056,0.002372
2002-08-29,12.05,12.1,11.85,11.95,1202.5,1438.272,0.001591
2002-08-30,11.96,11.97,11.9,11.9,1058.0,1261.506,0.001399
2002-09-02,11.9,12.05,11.87,11.92,546.0,650.9,0.000722
2002-09-03,11.88,12.0,11.81,11.87,1304.0,1551.696,0.001725
2002-09-04,11.9,11.9,11.81,11.83,1009.9,1195.424,0.001336
2002-09-05,11.82,11.85,11.56,11.61,1886.0,2208.135,0.002495
2002-09-06,11.75,11.75,11.56,11.62,1151.91,1336.85,0.0015240000000000002
2002-09-09,11.6,11.68,11.48,11.51,796.53,918.583,0.001054
2002-09-10,11.53,11.61,11.52,11.6,412.98,477.307,0.000546
2002-09-11,11.62,11.7,11.32,11.51,1008.0,1160.959,0.001333
2002-09-12,11.57,11.58,11.4,11.52,921.0,1058.985,0.0012180000000000001
2002-09-13,11.52,11.52,11.36,11.48,1277.5,1458.16,0.00169
2002-09-16,11.52,11.79,11.34,11.5,933.0,1066.925,0.0012339999999999999
2002-09-17,11.5,11.5,11.18,11.39,876.0,990.752,0.001159
2002-09-18,11.4,11.54,11.36,11.41,553.99,634.235,0.000733
2002-09-19,11.25,11.66,11.25,11.6,2679.5,3091.586,0.003544
2002-09-20,11.61,11.68,11.55,11.6,3551.45,4125.519,0.004698
2002-09-23,11.52,11.56,11.4,11.4,1033.4,1182.837,0.001367
2002-09-24,11.35,11.61,11.35,11.43,1240.2,1423.651,0.00164
2002-09-25,11.26,11.57,11.26,11.42,1202.01,1372.198,0.00159
2002-09-26,11.52,11.52,11.35,11.35,519.0,591.632,0.000687
2002-09-27,11.35,11.47,11.2,11.27,1114.0,1257.349,0.001474
2002-10-08,11.18,11.4,10.96,11.38,639.2,708.042,0.000846
2002-10-09,11.27,11.27,10.88,11.05,1661.0,1829.186,0.002197
2002-10-10,11.09,11.09,10.81,10.81,645.0,702.492,0.000853
2002-10-11,10.79,11.05,10.78,10.8,450.0,487.641,0.0005949999999999999
2002-10-14,10.7,11.0,10.65,10.86,884.45,954.933,0.00117
2002-10-15,10.9,10.9,10.72,10.79,578.5,623.305,0.000765
2002-10-16,10.7,10.96,10.7,10.85,541.99,588.279,0.000717
2002-10-17,10.74,10.84,10.4,10.48,959.0,1012.109,0.0012690000000000002
2002-10-18,10.47,10.56,10.2,10.26,1230.84,1273.24,0.001628
2002-10-21,10.29,10.29,10.1,10.25,822.39,836.063,0.001088
2002-10-22,10.25,10.48,10.15,10.39,1652.1,1703.841,0.002185
2002-10-23,10.39,10.65,10.31,10.65,2400.14,2522.334,0.003175
2002-10-24,10.67,10.83,10.59,10.62,2348.0,2511.941,0.003106
2002-10-25,10.62,10.69,10.2,10.25,1306.49,1366.579,0.0017280000000000002
2002-10-28,10.22,10.47,10.2,10.31,622.93,640.63,0.000824
2002-10-29,10.22,10.42,10.12,10.35,897.84,919.052,0.001188
2002-10-30,10.35,10.46,10.2,10.3,1028.95,1063.767,0.001361
2002-10-31,10.25,10.44,10.25,10.34,812.0,840.15,0.0010739999999999999
2002-11-01,10.25,10.37,10.23,10.34,571.6,587.418,0.000756
2002-11-04,10.46,10.69,10.3,10.67,1609.0,1696.338,0.0021279999999999997
2002-11-05,10.81,10.9,10.66,10.9,7567.57,8160.634,0.010009999999999998
2002-11-06,10.82,10.85,10.7,10.72,1328.69,1428.19,0.001758
2002-11-07,10.75,10.75,10.57,10.6,1380.0,1463.653,0.001825
2002-11-08,10.85,10.85,10.25,10.28,1644.0,1722.538,0.002175
2002-11-11,10.28,10.4,10.15,10.21,991.0,1010.786,0.0013109999999999999
2002-11-12,10.16,10.2,9.58,9.7,3285.5,3242.146,0.004346
2002-11-13,9.48,9.68,9.02,9.41,3780.68,3519.255,0.005001
2002-11-14,9.42,9.42,8.9,8.98,3215.0,2929.368,0.004253
2002-11-15,8.95,9.21,8.9,9.09,3827.5,3476.077,0.005063
2002-11-18,9.29,9.29,9.0,9.15,2231.47,2038.163,0.002952
2002-11-19,9.15,9.3,9.04,9.27,1612.68,1481.148,0.002133
2002-11-20,9.0,9.0,8.8,8.85,1528.07,1356.962,0.0020210000000000002
2002-11-21,8.82,8.85,8.21,8.22,4204.37,3533.301,0.005561
2002-11-22,8.22,8.4,7.96,8.15,5935.21,4818.655,0.007851
2002-11-25,8.1,8.18,7.92,8.1,1774.7,1434.675,0.002347
2002-11-26,8.13,8.28,7.85,7.85,1958.83,1579.303,0.002591
2002-11-27,7.8,8.1,7.5,7.97,2676.99,2081.073,0.0035410000000000003
2002-11-28,7.92,8.27,7.71,8.25,4127.06,3318.016,0.005459
2002-11-29,8.25,8.63,8.13,8.5,18388.45,15494.717,0.024323
2002-12-02,8.46,8.46,7.9,7.92,7048.07,5728.785,0.009323
2002-12-03,7.9,8.09,7.8,8.03,2883.34,2305.684,0.003814
2002-12-04,8.0,8.3,7.99,8.15,7498.79,6132.758,0.009919
2002-12-05,8.1,8.1,7.85,7.99,2554.52,2032.649,0.0033789999999999996
2002-12-06,8.01,8.18,7.95,8.07,5208.82,4206.081,0.006889999999999999
2002-12-09,8.1,8.13,7.9,7.95,1971.0,1574.612,0.002607
2002-12-10,7.87,8.0,7.61,7.62,3241.54,2507.811,0.004288
2002-12-11,7.62,7.62,7.41,7.52,3704.82,2781.417,0.004901
2002-12-12,7.5,7.86,7.45,7.59,5105.52,3917.304,0.006753
2002-12-13,7.52,8.05,7.4,7.85,9840.81,7641.579,0.013017
2002-12-16,7.95,8.61,7.85,8.25,24395.68,20277.396,0.032269
2002-12-17,8.24,8.39,8.13,8.29,10938.25,9043.418,0.014469000000000001
2002-12-18,8.29,8.39,8.21,8.25,8499.71,7047.775,0.011243000000000001
2002-12-19,8.2,8.35,8.15,8.3,4945.95,4078.395,0.006542
2002-12-20,8.31,8.56,8.23,8.47,12928.71,10890.124,0.017100999999999998
2002-12-24,8.5,8.69,8.3,8.67,12272.36,10423.108,0.016233
2002-12-25,8.67,8.71,8.4,8.43,14019.05,12010.629,0.018544
2002-12-26,8.4,8.4,7.72,7.9,10989.88,8879.654,0.014537
2002-12-27,7.87,8.01,7.65,7.79,7414.4,5802.533,0.009807
2002-12-30,7.68,7.83,7.55,7.56,5905.72,4501.956,0.007812
2002-12-31,7.63,7.69,7.4,7.44,5793.75,4378.638,0.007664
2003-01-02,7.39,7.9,7.25,7.63,9049.34,6898.383,0.011970000000000001
2003-01-03,7.65,7.95,7.61,7.85,12365.2,9664.316,0.016356
2003-01-06,7.86,8.38,7.75,8.37,16896.29,13700.695,0.02235
2003-01-07,8.31,8.39,8.06,8.28,13977.67,11503.471,0.018489
2003-01-08,8.23,8.58,8.16,8.56,13112.43,10969.631,0.017344
2003-01-09,8.55,8.84,8.4,8.73,25748.38,22270.994,0.034059
2003-01-10,8.56,8.81,8.45,8.48,17384.51,15038.923,0.022995
2003-01-13,8.45,8.69,8.4,8.54,7919.14,6753.872,0.010475000000000002
2003-01-14,8.45,9.38,8.45,9.03,19698.99,17645.538,0.026057
2003-01-15,9.0,9.2,8.88,9.03,15321.99,13868.779,0.020267
2003-01-16,9.06,9.9,8.94,9.85,25753.54,24562.713,0.034066
2003-01-17,9.92,9.96,9.6,9.66,16277.46,15793.03,0.021530999999999998
2003-01-20,9.66,10.13,9.58,9.88,20312.92,20132.498,0.026869
2003-01-21,9.91,9.99,9.35,9.36,12265.84,11858.059,0.016225
2003-01-22,9.3,9.6,9.24,9.46,9575.4,9060.488,0.012666
2003-01-23,9.46,9.68,9.2,9.25,7874.69,7436.123,0.010416000000000002
2003-01-24,9.2,9.52,9.2,9.49,5572.92,5208.04,0.007372
2003-01-27,9.5,9.78,9.5,9.54,4851.0,4665.633,0.006417000000000001
2003-01-28,9.5,9.6,9.37,9.43,3978.04,3759.822,0.005262
2003-01-29,9.46,9.52,9.37,9.39,2825.35,2665.473,0.003737
2003-02-10,9.39,9.68,9.33,9.44,4923.12,4676.388,0.006512
2003-02-11,9.42,9.5,9.36,9.47,4753.75,4482.749,0.006288
2003-02-12,9.47,9.77,9.39,9.76,7392.47,7124.526,0.009778
2003-02-13,9.83,9.99,9.65,9.67,9192.0,9032.69,0.012159
2003-02-14,9.61,9.75,9.61,9.72,3864.81,3742.304,0.005112
2003-02-17,9.68,9.87,9.46,9.5,5034.0,4841.846,0.006659000000000001
2003-02-18,9.4,9.5,9.31,9.37,3990.07,3743.854,0.005278000000000001
2003-02-19,9.37,9.48,9.28,9.47,4083.46,3828.636,0.005401
2003-02-20,9.4,9.47,9.35,9.38,2678.3,2518.394,0.003543
2003-02-21,9.3,9.37,9.0,9.04,6596.05,6031.32,0.008725
2003-02-24,9.04,9.13,8.88,8.89,4299.0,3873.9,0.005687
2003-02-25,8.86,9.25,8.85,9.22,6364.92,5809.969,0.008419
2003-02-26,9.32,9.32,9.01,9.18,7432.04,6762.405,0.009831
2003-02-27,9.15,9.19,9.0,9.08,4269.0,3869.353,0.005647
2003-02-28,9.16,9.16,9.0,9.08,1995.6,1804.013,0.00264
2003-03-03,9.08,9.16,9.0,9.16,3890.88,3532.464,0.0051470000000000005
2003-03-04,9.16,9.2,9.05,9.12,2576.63,2345.932,0.003408
2003-03-05,9.13,9.18,8.98,9.04,1756.61,1586.176,0.002324
2003-03-06,9.0,9.08,8.85,8.9,2795.1,2495.978,0.0036969999999999998
2003-03-07,8.9,8.91,8.68,8.71,2542.1,2231.479,0.0033629999999999997
2003-03-10,8.7,8.7,8.38,8.39,4465.52,3793.418,0.005907
2003-03-11,8.39,8.48,8.33,8.42,2182.37,1833.509,0.0028870000000000002
2003-03-12,8.39,8.5,8.35,8.5,1597.4,1346.511,0.002113
2003-03-13,8.49,8.58,8.36,8.4,2125.0,1806.33,0.002811
2003-03-14,8.4,8.44,8.32,8.34,1999.72,1675.071,0.002645
2003-03-17,8.33,8.34,7.98,8.18,6263.45,5066.199,0.008285
2003-03-18,8.13,8.3,7.99,8.02,7885.0,6382.109,0.01043
2003-03-19,8.02,8.15,7.9,8.05,3321.39,2665.489,0.004393
2003-03-20,7.92,8.11,7.9,8.0,2300.05,1840.396,0.0030420000000000004
2003-03-21,8.01,8.18,7.99,8.16,2523.4,2051.321,0.003338
2003-03-24,8.2,8.23,8.1,8.14,1441.2,1174.302,0.001906
2003-03-25,8.08,8.13,8.0,8.04,1509.0,1215.019,0.001996
2003-03-26,8.05,8.06,7.91,7.93,1815.0,1444.489,0.002401
2003-03-27,7.95,8.33,7.8,8.25,4450.17,3624.218,0.005886
2003-03-28,8.2,8.36,8.15,8.29,4035.09,3347.325,0.005337
2003-03-31,8.27,8.45,8.22,8.38,3509.46,2917.013,0.004642
2003-04-01,8.4,8.57,8.4,8.51,5125.69,4346.055,0.0067800000000000004
2003-04-02,8.48,8.51,8.35,8.42,2538.05,2132.343,0.003357
2003-04-03,8.41,8.42,8.25,8.34,2366.21,1968.33,0.00313
2003-04-04,8.33,8.37,8.27,8.35,1542.8,1282.423,0.002041
2003-04-07,8.35,8.4,8.05,8.07,3999.97,3270.47,0.0052910000000000006
2003-04-08,8.05,8.15,7.88,7.89,9350.5,7476.92,0.012367999999999999
2003-04-09,7.85,8.06,7.6,7.87,8338.7,6454.931,0.01103
2003-04-10,7.88,7.89,7.58,7.8,11345.72,8708.426,0.015007999999999999
2003-04-11,7.76,7.8,7.66,7.75,7307.98,5635.224,0.009667
2003-04-14,7.75,8.18,7.71,8.15,9638.36,7722.836,0.012749
2003-04-15,8.27,8.35,8.15,8.22,7212.05,5930.741,0.00954
2003-04-16,8.22,8.29,8.0,8.0,11510.86,9355.767,0.015226
2003-04-17,8.05,8.64,7.92,8.62,23016.9,19374.482,0.030446
2003-04-18,8.65,8.72,8.4,8.47,11818.03,10098.312,0.015632
2003-04-21,8.43,8.45,8.05,8.21,5174.31,4245.152,0.006844
2003-04-22,8.15,8.25,8.14,8.23,2213.57,1813.988,0.002928
2003-04-23,8.06,8.2,7.75,7.79,5929.08,4722.672,0.007843
2003-04-24,7.74,7.96,7.6,7.69,4825.28,3741.634,0.006383
2003-04-25,7.8,7.87,7.48,7.5,4510.0,3444.699,0.005966
2003-04-28,7.5,7.5,7.08,7.42,7594.98,5540.144,0.010046
2003-04-29,7.46,7.46,7.13,7.15,4350.2,3134.471,0.0057540000000000004
2003-04-30,7.15,7.32,7.03,7.05,4253.73,3031.037,0.005627
2003-05-12,7.04,7.3,7.03,7.05,2476.57,1751.498,0.003276
2003-05-13,7.05,7.05,6.45,6.52,5398.0,3576.885,0.00714
2003-05-14,6.55,6.8,6.55,6.72,4120.64,2771.146,0.005451
2003-05-15,6.7,7.15,6.56,7.09,8788.62,6085.224,0.011625000000000002
2003-05-16,7.05,7.1,6.95,7.0,3381.35,2368.172,0.0044729999999999995
2003-05-19,7.0,7.27,6.91,7.21,4429.77,3170.166,0.005859
2003-05-20,7.2,7.2,7.06,7.1,2949.01,2095.057,0.003901
2003-05-21,7.15,7.43,7.15,7.25,8072.5,5910.448,0.010678
2003-05-22,7.25,7.4,7.2,7.35,4593.37,3356.079,0.006076000000000001
2003-05-23,7.15,7.38,7.15,7.19,3682.1,2669.813,0.0048709999999999995
2003-05-26,7.19,7.19,7.0,7.08,4500.32,3192.235,0.005953000000000001
2003-05-27,7.08,7.27,6.94,7.22,6919.26,4913.532,0.009152
2003-05-28,7.21,7.6,7.21,7.37,12051.09,8962.798,0.015941
2003-05-29,7.33,7.68,7.3,7.64,11117.0,8426.464,0.014705
2003-05-30,7.68,7.68,7.49,7.59,6818.35,5152.58,0.009019000000000001
2003-06-02,7.59,7.6,7.38,7.51,4318.98,3217.929,0.005713
2003-06-03,7.5,7.54,7.3,7.31,2995.0,2209.35,0.003962
2003-06-04,7.33,7.39,7.16,7.24,3887.0,2823.381,0.005142
2003-06-05,7.25,7.35,7.16,7.24,3356.85,2444.603,0.00444
2003-06-06,7.24,7.37,7.2,7.23,2369.11,1722.942,0.003134
2003-06-09,7.22,7.22,7.03,7.11,2810.1,2002.16,0.003717
2003-06-10,7.1,7.46,7.1,7.28,1108.85,804.038,0.001467
2003-06-11,7.26,7.48,7.26,7.44,5524.85,4097.528,0.007308
2003-06-12,7.33,7.55,7.27,7.45,4982.99,3713.539,0.0065910000000000005
2003-06-13,7.48,7.64,7.48,7.57,10787.92,8168.114,0.01427
2003-06-16,7.55,7.58,7.48,7.53,1704.3,1281.008,0.002254
2003-06-17,7.46,7.63,7.4,7.59,3307.84,2494.402,0.004375
2003-06-18,7.81,7.96,7.65,7.66,16719.98,13069.199,0.022115999999999997
2003-06-19,7.59,7.65,7.46,7.6,7021.56,5303.546,0.009288
2003-06-20,7.55,7.6,7.44,7.45,2876.0,2154.265,0.003804
2003-06-23,7.41,7.49,7.27,7.28,2146.33,1574.477,0.002839
2003-06-24,7.18,7.25,7.18,7.22,2678.51,1932.489,0.003543
2003-06-26,7.15,7.48,7.05,7.42,4930.0,3630.645,0.006521
2003-06-27,7.47,7.47,7.21,7.22,1996.37,1456.457,0.002641
2003-06-30,7.2,7.45,7.19,7.25,2135.02,1564.078,0.0028239999999999997
2003-07-01,7.38,7.44,7.3,7.3,1622.0,1195.843,0.0021460000000000003
2003-07-02,7.3,7.37,7.23,7.32,1834.32,1341.512,0.002426
2003-07-03,7.32,7.36,7.26,7.32,1499.52,1093.518,0.001983
2003-07-04,7.3,7.38,7.25,7.31,1072.0,783.586,0.001418
2003-07-07,7.3,7.3,7.16,7.22,3570.0,2570.871,0.0047220000000000005
2003-07-08,7.27,7.4,7.21,7.36,4015.78,2945.334,0.005312
2003-07-09,7.38,7.72,7.31,7.67,15440.02,11679.519,0.020423
2003-07-10,7.63,7.88,7.58,7.86,17285.31,13427.87,0.022864
2003-07-11,7.89,7.9,7.64,7.73,10845.29,8389.903,0.014346000000000001
2003-07-14,7.73,7.95,7.73,7.8,6564.98,5135.726,0.008683999999999999
2003-07-15,7.8,7.87,7.56,7.69,4681.08,3596.544,0.006192
2003-07-16,7.69,7.77,7.58,7.76,2882.88,2209.116,0.0038129999999999995
2003-07-17,7.75,7.86,7.7,7.82,5854.29,4559.022,0.007744
2003-07-18,7.82,7.83,7.42,7.42,5886.64,4470.108,0.007787
2003-07-21,7.32,7.42,7.15,7.29,4879.97,3544.28,0.006455
2003-07-22,7.4,7.47,7.23,7.42,1973.99,1454.272,0.002611
2003-07-23,7.41,7.66,7.41,7.59,4242.48,3204.719,0.005612000000000001
2003-07-24,7.64,7.72,7.51,7.53,2304.44,1750.851,0.0030480000000000004
2003-07-25,7.48,7.8,7.48,7.65,6884.37,5287.815,0.009106
2003-07-28,7.65,7.99,7.6,7.95,19166.3,15110.153,0.025352
2003-07-29,7.98,8.12,7.81,8.11,15709.08,12526.611,0.020779000000000002
2003-07-30,8.11,8.13,7.9,7.98,10560.09,8458.738,0.013968000000000001
2003-07-31,8.02,8.15,7.92,8.06,9515.95,7668.346,0.012587
2003-08-01,8.06,8.16,7.86,8.08,8877.91,7112.902,0.011742999999999998
2003-08-04,8.09,8.35,8.0,8.31,15836.38,13048.933,0.020948
2003-08-05,8.31,8.35,8.18,8.22,6855.55,5652.997,0.009068
2003-08-06,8.18,8.33,8.07,8.09,6904.09,5645.724,0.009132
2003-08-07,8.09,8.14,7.9,7.99,7640.82,6116.94,0.010107
2003-08-08,7.99,8.13,7.94,8.01,6268.02,5050.266,0.008291
2003-08-11,7.98,8.18,7.96,8.18,3323.5,2679.86,0.004396
2003-08-12,8.16,8.2,8.07,8.15,4090.5,3330.582,0.005411
2003-08-13,8.14,8.21,7.95,8.01,5619.49,4550.81,0.0074329999999999995
2003-08-14,7.94,8.18,7.75,7.94,13474.58,10772.093,0.017824
2003-08-15,7.9,8.08,7.83,8.0,4994.9,3993.731,0.006606999999999999
2003-08-18,7.98,8.07,7.8,7.85,2848.0,2253.133,0.003767
2003-08-19,7.8,7.91,7.8,7.85,2181.8,1713.497,0.002886
2003-08-20,7.88,7.88,7.55,7.7,5622.42,4324.812,0.007437
2003-08-21,7.66,7.78,7.56,7.66,3278.5,2509.871,0.004337
2003-08-22,7.75,7.75,7.4,7.42,7547.0,5667.747,0.009982999999999999
2003-08-25,7.5,7.5,7.28,7.35,4305.5,3170.132,0.005695
2003-08-26,7.51,7.66,7.38,7.5,2727.5,2047.156,0.003608
2003-08-27,7.59,7.59,7.42,7.5,1405.94,1051.595,0.0018599999999999999
2003-08-28,7.5,7.5,7.22,7.32,3145.99,2308.437,0.004161000000000001
2003-08-29,7.3,7.38,7.22,7.36,1686.65,1232.447,0.002231
2003-09-01,7.4,7.58,7.3,7.54,2964.4,2205.005,0.003921
2003-09-02,7.5,7.77,7.48,7.65,4602.68,3515.906,0.006088
2003-09-03,7.61,7.67,7.45,7.57,2512.68,1894.76,0.0033239999999999997
2003-09-04,7.5,7.62,7.47,7.53,1711.0,1286.564,0.002263
2003-09-05,7.46,7.5,7.25,7.32,3407.5,2493.786,0.004507
2003-09-08,7.25,7.3,7.13,7.18,2646.28,1912.922,0.0034999999999999996
2003-09-09,7.17,7.27,7.1,7.16,2030.9,1455.226,0.002686
2003-09-10,7.17,7.36,7.17,7.34,4728.61,3443.476,0.006254999999999999
2003-09-11,7.35,7.36,7.23,7.26,1654.0,1200.538,0.002188
2003-09-12,7.26,7.28,7.03,7.1,2501.0,1779.564,0.0033079999999999997
2003-09-15,7.08,7.2,6.91,6.97,2159.27,1513.881,0.002856
2003-09-16,6.9,7.1,6.9,7.07,3734.1,2611.124,0.004939
2003-09-17,7.1,7.1,6.75,6.85,3564.2,2452.469,0.004715
2003-09-18,6.8,6.97,6.77,6.88,1324.33,908.701,0.0017519999999999999
2003-09-19,6.8,6.94,6.8,6.9,1045.5,717.173,0.0013830000000000001
2003-09-22,6.89,6.98,6.81,6.94,1630.1,1122.095,0.002156
2003-09-23,7.05,7.05,6.91,7.04,1497.7,1047.024,0.001981
2003-09-24,7.03,7.08,7.02,7.03,1283.01,904.32,0.001697
2003-09-25,7.04,7.06,6.92,6.95,1353.0,943.296,0.00179
2003-09-26,6.97,6.97,6.85,6.88,1305.0,900.228,0.001726
2003-09-29,6.98,6.98,6.7,6.88,1623.9,1108.016,0.0021479999999999997
2003-09-30,6.95,7.03,6.72,7.02,2397.79,1653.256,0.003172
2003-10-08,7.05,7.05,6.9,7.01,2015.0,1410.029,0.0026650000000000003
2003-10-09,7.08,7.1,6.91,7.02,3167.99,2238.1,0.00419
2003-10-10,7.09,7.2,7.0,7.17,6126.6,4342.2,0.008104
2003-10-13,7.17,7.17,7.02,7.04,1319.0,933.52,0.0017449999999999998
2003-10-14,7.03,7.1,6.83,6.9,1520.39,1048.084,0.002011
2003-10-15,6.85,6.99,6.8,6.81,1537.0,1052.828,0.002033
2003-10-16,6.74,6.85,6.65,6.68,1593.0,1069.62,0.002107
2003-10-17,6.68,6.78,6.58,6.71,1448.4,965.376,0.001916
2003-10-20,6.68,6.7,6.5,6.61,1857.8,1221.596,0.002457
2003-10-21,6.65,6.65,6.52,6.56,1142.82,750.215,0.001512
2003-10-22,6.62,6.74,6.62,6.73,2052.52,1374.959,0.0027150000000000004
2003-10-23,6.71,6.8,6.66,6.7,1486.7,1001.536,0.001967
2003-10-24,6.71,6.75,6.51,6.59,1972.73,1302.909,0.002609
2003-10-27,6.55,6.55,6.01,6.21,3524.6,2226.821,0.004662
2003-10-28,6.06,6.27,6.02,6.14,1893.15,1155.581,0.002504
2003-10-29,6.12,6.22,5.56,5.79,3890.0,2268.01,0.0051459999999999995
2003-10-30,5.61,5.78,5.45,5.63,4893.58,2712.358,0.006473
2003-10-31,5.6,5.7,5.5,5.64,3889.8,2183.315,0.005144999999999999
2003-11-03,5.61,5.7,5.5,5.67,2392.41,1332.195,0.003165
2003-11-04,5.67,5.78,5.6,5.73,5188.31,2958.766,0.006863
2003-11-05,5.71,5.71,5.4,5.65,6369.66,3518.453,0.008425
2003-11-06,5.6,5.6,5.29,5.3,3476.0,1869.419,0.004598
2003-11-07,5.3,5.35,4.98,5.16,7675.53,3936.953,0.010153
2003-11-10,5.16,5.16,5.0,5.09,2581.55,1302.917,0.003415
2003-11-11,5.12,5.15,5.05,5.11,3555.0,1812.508,0.0047020000000000005
2003-11-12,5.08,5.1,5.0,5.05,3022.91,1518.069,0.003999
2003-11-13,5.0,5.25,5.0,5.1,4686.96,2394.951,0.0062
2003-11-14,5.1,5.2,5.06,5.18,2095.36,1081.188,0.002772
2003-11-17,5.21,5.23,5.16,5.21,1320.0,685.682,0.0017460000000000002
2003-11-18,5.22,5.22,5.05,5.07,1576.13,802.246,0.002085
2003-11-19,5.1,5.58,5.1,5.53,15692.85,8593.668,0.020758000000000002
2003-11-20,5.5,6.02,5.46,5.95,31990.74,18644.233,0.042316
2003-11-21,5.99,6.0,5.61,5.64,15501.81,8967.91,0.020505
2003-11-24,5.6,5.98,5.53,5.95,10268.6,5966.889,0.013583000000000001
2003-11-25,5.95,6.35,5.8,6.0,22266.73,13586.396,0.029453
2003-11-26,6.02,6.09,5.85,6.04,8757.98,5233.439,0.011585000000000002
2003-11-27,5.99,6.02,5.8,5.8,5251.0,3092.63,0.006946
2003-11-28,5.81,5.93,5.7,5.86,3155.11,1835.832,0.004173
2003-12-01,5.84,6.15,5.8,6.08,6270.37,3780.949,0.008294000000000001
2003-12-02,6.16,6.19,5.91,6.0,7843.85,4755.728,0.010375
2003-12-03,6.16,6.28,6.05,6.15,13095.83,8073.804,0.017322999999999998
2003-12-04,6.1,6.6,6.02,6.46,20416.07,12902.579,0.027004999999999998
2003-12-05,6.46,6.48,6.26,6.31,7287.64,4616.358,0.00964
2003-12-08,6.31,6.4,6.13,6.18,4579.84,2837.517,0.006058
2003-12-09,6.16,6.28,6.14,6.25,4124.82,2557.645,0.005456
2003-12-10,6.34,6.34,6.16,6.25,5270.53,3276.323,0.006972000000000001
2003-12-11,6.25,6.33,6.21,6.27,4724.34,2946.81,0.006249
2003-12-12,6.27,6.32,6.16,6.18,3229.94,2001.692,0.004272000000000001
2003-12-15,6.2,6.2,6.07,6.1,4414.0,2696.901,0.005839
2003-12-16,6.08,6.08,5.84,5.9,4702.12,2790.707,0.00622
2003-12-17,5.91,6.03,5.86,5.86,3870.0,2304.893,0.005119
2003-12-18,5.9,5.9,5.66,5.7,3584.1,2059.159,0.004741
2003-12-19,5.76,5.98,5.16,5.32,6799.5,3706.241,0.008994
2003-12-22,5.3,5.66,5.03,5.61,8261.63,4334.983,0.010928
2003-12-23,5.55,5.7,5.49,5.62,4927.8,2743.531,0.006518
2003-12-24,5.49,5.6,5.49,5.53,3556.65,1968.009,0.004705
2003-12-25,5.4,5.68,5.35,5.62,13529.79,7455.872,0.017897
2003-12-26,5.61,5.75,5.53,5.73,13722.98,7726.295,0.018151999999999998
2003-12-29,5.68,5.7,5.6,5.65,9182.1,5186.442,0.012145999999999999
2003-12-30,5.65,5.65,5.47,5.51,5796.0,3199.59,0.007667
2003-12-31,5.5,5.6,5.5,5.52,1967.5,1090.108,0.002603
2004-01-02,5.52,5.68,5.43,5.5,3273.7,1815.753,0.00433
2004-01-05,5.5,5.55,5.24,5.3,7462.83,4014.828,0.009871
2004-01-06,5.28,5.48,5.17,5.48,8134.8,4325.905,0.01076
2004-01-07,5.62,5.8,5.62,5.7,14762.68,8389.503,0.019527000000000003
2004-01-08,5.78,5.9,5.58,5.79,8160.51,4672.936,0.010794
2004-01-09,5.8,5.88,5.6,5.79,7662.73,4414.182,0.010136000000000001
2004-01-12,5.85,6.18,5.85,6.06,14334.6,8612.327,0.018961
2004-01-13,6.06,6.26,5.98,6.18,16066.82,9847.354,0.021252
2004-01-14,6.18,6.2,5.96,6.05,5653.77,3429.234,0.007479
2004-01-15,6.02,6.06,5.97,6.03,5395.8,3241.969,0.007137
2004-01-16,6.0,6.27,6.0,6.2,10027.75,6200.759,0.013264
2004-01-29,6.25,6.82,6.25,6.6,21449.47,14164.944,0.028372
2004-01-30,6.69,6.8,6.48,6.53,21392.36,14165.555,0.028297
2004-02-02,6.66,6.91,6.55,6.76,15056.23,10174.111,0.019916
2004-02-03,6.78,6.88,6.65,6.76,9727.71,6540.737,0.012867
2004-02-04,6.76,6.86,6.68,6.85,13404.95,9080.162,0.017731
2004-02-05,6.88,6.88,6.7,6.85,12629.92,8549.992,0.016706000000000002
2004-02-06,6.85,7.1,6.67,6.7,15673.1,10776.083,0.020732
2004-02-09,6.9,7.37,6.9,7.37,15068.01,10970.783,0.019931
2004-02-10,7.68,7.96,7.23,7.29,52006.67,39134.041,0.068792
2004-02-11,7.2,7.65,7.18,7.51,21268.95,15859.329,0.028134000000000003
2004-02-12,7.5,7.8,7.45,7.47,18448.99,14037.166,0.024403
2004-02-13,7.55,7.65,7.35,7.44,11813.09,8850.135,0.015626
2004-02-16,7.5,7.74,7.44,7.73,15106.81,11554.44,0.019983
2004-02-17,7.95,7.95,7.68,7.72,17580.14,13661.34,0.023254
2004-02-18,7.72,7.99,7.71,7.76,18147.48,14226.579,0.024005000000000002
2004-02-19,7.74,7.86,7.48,7.56,26469.28,20084.364,0.035012
2004-02-20,7.56,7.65,7.5,7.64,10941.72,8289.823,0.014473
2004-02-23,7.65,8.19,7.56,7.9,37293.26,29493.431,0.04933
2004-02-24,7.88,8.35,7.79,8.27,48967.42,39734.251,0.064772
2004-02-25,8.27,8.3,7.71,7.73,24448.59,19733.624,0.032339
2004-02-26,7.6,7.8,7.4,7.45,19574.25,14773.583,0.025892
2004-02-27,7.46,7.7,7.46,7.68,11038.09,8375.912,0.014601
2004-03-01,7.65,7.9,7.46,7.84,12420.22,9608.795,0.016429
2004-03-02,7.84,7.9,7.65,7.7,8182.99,6345.618,0.010824
2004-03-03,7.75,7.85,7.55,7.58,8940.55,6847.865,0.011826000000000001
2004-03-04,7.62,7.65,7.45,7.63,7698.5,5806.716,0.010183
2004-03-05,7.63,7.65,7.45,7.5,6382.05,4811.895,0.008442
2004-03-08,7.35,7.5,7.0,7.04,11971.15,8654.577,0.015835
2004-03-09,7.03,7.15,6.89,6.9,7325.0,5166.364,0.009689
2004-03-10,6.9,7.15,6.88,7.14,7044.66,4927.696,0.009318
2004-03-11,7.14,7.37,7.08,7.25,5756.4,4155.27,0.007613999999999999
2004-03-12,7.25,7.28,7.14,7.2,5181.04,3724.254,0.006853000000000001
2004-03-15,7.25,7.5,7.08,7.41,7055.92,5191.236,0.009333000000000001
2004-03-16,7.33,7.5,7.33,7.38,4400.94,3256.962,0.005821
2004-03-17,7.4,7.52,7.33,7.49,6428.17,4777.044,0.008503
2004-03-18,7.49,7.59,7.22,7.28,4393.55,3255.682,0.005812
2004-03-19,7.28,7.45,7.28,7.42,4720.94,3472.583,0.0062450000000000006
2004-03-22,7.4,7.56,7.31,7.45,4301.04,3206.345,0.005689
2004-03-23,7.45,7.56,7.34,7.52,6440.1,4807.62,0.008519
2004-03-24,7.43,7.65,7.42,7.48,4764.49,3601.436,0.0063019999999999994
2004-03-25,7.4,7.53,7.38,7.49,3998.8,2980.557,0.005289
2004-03-26,7.48,7.87,7.41,7.79,18610.01,14398.121,0.024616
2004-03-29,7.75,8.36,7.75,7.92,32725.51,26377.709,0.043288
2004-03-30,8.1,8.18,7.85,8.12,17870.75,14384.7,0.023639
2004-03-31,8.28,8.93,8.24,8.93,75169.18,65690.676,0.09942999999999999
2004-04-01,9.29,9.79,9.07,9.2,116388.47,109569.132,0.153953
2004-04-02,9.3,9.6,9.15,9.41,66683.01,62486.38,0.08820499999999999
2004-04-05,9.4,9.42,9.19,9.37,35002.15,32489.643,0.046299
2004-04-06,9.35,9.35,8.95,9.09,39344.85,35787.303,0.052043
2004-04-07,9.09,9.39,8.93,9.27,29979.12,27326.041,0.039655
2004-04-08,9.2,9.2,8.99,9.05,18683.91,16943.699,0.024714
2004-04-09,8.92,9.34,8.74,8.8,20612.43,18660.183,0.027265
2004-04-12,8.78,8.9,8.46,8.76,21530.33,18551.472,0.028479
2004-04-13,8.72,8.95,8.61,8.65,16399.23,14421.059,0.021692
2004-04-14,8.62,8.7,8.41,8.52,11625.01,9908.931,0.015377
2004-04-15,8.52,8.94,8.52,8.63,13772.54,12069.699,0.018218
2004-04-16,8.55,8.82,8.31,8.77,12675.09,10918.868,0.016766
2004-04-19,8.75,8.81,8.52,8.55,5307.5,4612.596,0.0070209999999999995
2004-04-20,8.5,8.95,8.42,8.93,13210.96,11571.878,0.017475
2004-04-21,8.93,9.7,8.88,9.34,47942.41,44509.434,0.063416
2004-04-22,9.34,9.45,9.02,9.43,24405.95,22509.782,0.032283
2004-04-23,9.31,9.39,9.01,9.03,15115.4,13857.197,0.019994
2004-04-26,8.9,9.07,8.13,8.13,22924.01,19385.3,0.030323000000000003
2004-04-27,7.32,7.9,7.32,7.35,23227.23,17582.609,0.030724
2004-04-28,7.1,7.88,7.02,7.67,12656.4,9705.112,0.016741
2004-04-29,7.63,7.82,7.55,7.65,6596.72,5056.432,0.008726000000000001
2004-04-30,7.69,7.75,7.31,7.54,6162.45,4626.313,0.008151
2004-05-10,7.55,7.6,6.98,7.06,6779.6,4882.176,0.008968
2004-05-11,7.04,7.38,6.98,7.33,5900.68,4249.693,0.0078049999999999994
2004-05-12,7.31,7.7,7.23,7.68,6384.91,4791.344,0.008446
2004-05-13,7.83,7.83,7.54,7.7,5428.72,4168.881,0.007181
2004-05-14,7.75,7.75,7.28,7.37,5643.5,4209.43,0.007465
2004-05-17,7.3,7.57,7.23,7.5,3564.1,2656.442,0.0047139999999999994
2004-05-18,7.52,7.83,7.52,7.83,6744.55,5210.825,0.008921
2004-05-19,7.8,7.83,7.67,7.71,5505.91,4270.016,0.0072829999999999995
2004-05-20,7.68,7.75,7.4,7.49,3007.25,2271.846,0.003978
2004-05-21,7.5,7.69,7.37,7.69,3513.2,2641.284,0.004647
2004-05-24,7.7,7.9,7.5,7.53,2481.0,1889.036,0.0032819999999999998
2004-05-25,7.53,7.53,7.28,7.28,3846.0,2845.296,0.005087
2004-05-26,7.25,7.5,7.22,7.38,3257.45,2404.146,0.004309
2004-05-27,7.42,7.7,7.38,7.62,5692.44,4304.972,0.00753
2004-05-28,7.62,7.69,7.54,7.55,2862.5,2174.311,0.003786
2004-05-31,7.4,7.6,7.35,7.5,2923.2,2172.162,0.0038669999999999998
2004-06-01,7.47,7.75,7.41,7.74,6434.42,4905.429,0.008511
2004-06-02,7.85,8.36,7.82,8.17,23635.3,19227.105,0.031264
2004-06-03,8.13,8.25,7.92,8.15,10649.62,8591.204,0.014087
2004-06-04,8.05,8.34,7.95,8.19,11237.87,9208.565,0.014865
2004-06-07,8.2,8.21,7.91,8.0,5646.46,4518.04,0.007469
2004-06-08,7.92,8.08,7.65,7.69,7299.06,5704.663,0.009655
2004-06-09,7.6,7.68,7.16,7.17,9959.0,7389.062,0.013172999999999999
2004-06-10,7.11,7.3,7.1,7.24,5031.34,3631.128,0.0066549999999999995
2004-06-11,7.24,7.48,7.21,7.23,3808.1,2805.472,0.005037000000000001
2004-06-14,7.15,7.22,6.85,6.88,6036.49,4231.831,0.007984999999999999
2004-06-15,6.88,7.24,6.8,7.19,4786.77,3349.539,0.006332
2004-06-16,7.18,7.28,7.0,7.1,3665.63,2620.558,0.004849
2004-06-17,7.02,7.21,6.9,6.9,3625.0,2533.211,0.004795
2004-06-18,6.9,7.16,6.88,6.99,2074.5,1447.142,0.002744
2004-06-21,6.92,7.13,6.92,7.13,2179.5,1538.332,0.002883
2004-06-22,7.18,7.37,7.1,7.23,5093.72,3691.891,0.006737999999999999
2004-06-23,7.24,7.25,7.0,7.11,2718.0,1929.231,0.0035949999999999997
2004-06-24,7.12,7.18,7.0,7.02,3498.41,2466.326,0.004628
2004-06-25,7.0,7.05,6.58,6.6,5207.7,3552.186,0.006888
2004-06-29,6.1,6.35,5.94,6.12,8462.0,5153.103,0.011193
2004-06-30,6.12,6.2,5.96,5.97,2788.1,1695.529,0.0036880000000000003
2004-07-01,5.95,6.22,5.85,6.16,8679.85,5308.55,0.011480999999999998
2004-07-02,6.25,6.57,6.25,6.35,13311.25,8555.243,0.017606999999999998
2004-07-05,6.25,6.25,6.0,6.22,3574.71,2201.397,0.0047279999999999996
2004-07-06,6.16,6.35,6.16,6.3,3606.76,2260.211,0.004771
2004-07-07,6.3,6.3,6.09,6.13,3090.25,1899.484,0.004088
2004-07-08,6.07,6.21,6.07,6.12,2062.3,1259.189,0.002728
2004-07-09,6.13,6.21,6.05,6.07,2342.51,1433.654,0.003099
2004-07-12,6.06,6.1,5.66,5.67,5043.23,2900.938,0.006671
2004-07-13,5.66,5.71,5.58,5.69,1826.32,1035.054,0.002416
2004-07-14,5.68,5.73,5.28,5.44,6531.92,3544.53,0.00864
2004-07-15,5.48,5.69,5.38,5.54,4942.62,2732.432,0.006538
2004-07-16,5.55,5.89,5.55,5.83,6982.34,4020.346,0.009236
2004-07-19,5.85,6.02,5.81,5.88,3959.09,2340.864,0.005237
2004-07-20,5.93,5.93,5.74,5.8,2279.0,1321.173,0.003015
2004-07-21,5.8,5.89,5.8,5.83,1829.5,1067.181,0.00242
2004-07-22,5.82,5.83,5.51,5.55,3887.81,2192.046,0.005143
2004-07-23,5.55,5.66,5.46,5.65,1821.6,1014.27,0.00241
2004-07-26,5.66,5.66,5.48,5.56,2890.43,1597.377,0.0038229999999999996
2004-07-27,5.61,5.93,5.61,5.86,10634.45,6177.119,0.014067000000000001
2004-07-28,5.8,5.89,5.71,5.88,4597.3,2670.161,0.006081
2004-07-29,5.8,6.04,5.8,6.03,6103.96,3622.513,0.008074
2004-07-30,6.03,6.05,5.75,5.75,4257.4,2496.097,0.005631000000000001
2004-08-02,5.57,5.83,5.57,5.73,3030.95,1725.959,0.0040089999999999995
2004-08-03,5.67,5.88,5.67,5.77,1872.73,1086.701,0.002477
2004-08-04,5.77,6.02,5.77,5.98,5979.39,3558.167,0.007909000000000001
2004-08-05,5.93,6.04,5.84,5.85,2595.31,1533.008,0.003433
2004-08-06,5.76,5.92,5.73,5.8,1806.98,1053.35,0.0023899999999999998
2004-08-09,5.74,5.86,5.74,5.84,1034.0,600.071,0.001368
2004-08-10,5.78,5.92,5.78,5.92,1354.0,793.47,0.001791
2004-08-11,5.92,6.1,5.9,5.9,6374.45,3821.651,0.008432
2004-08-12,5.8,5.8,5.6,5.77,6782.42,3869.302,0.008971
2004-08-13,5.73,5.88,5.69,5.77,3376.0,1947.749,0.004466
2004-08-16,5.65,5.81,5.56,5.57,2669.9,1508.067,0.003532
2004-08-17,5.56,5.64,5.5,5.57,2474.49,1372.549,0.003273
2004-08-18,5.57,5.63,5.4,5.45,2518.0,1395.235,0.003331
2004-08-19,5.43,5.46,5.2,5.23,4087.0,2159.548,0.005405999999999999
2004-08-20,5.18,5.24,5.03,5.16,2702.81,1389.651,0.003575
2004-08-23,5.19,5.38,5.1,5.3,2783.73,1476.828,0.0036820000000000004
2004-08-24,5.31,5.5,5.3,5.43,2760.48,1499.079,0.0036509999999999997
2004-08-25,5.58,5.58,5.38,5.41,1291.73,699.408,0.001709
2004-08-26,5.42,5.5,5.36,5.38,1068.05,581.04,0.0014130000000000002
2004-08-27,5.39,5.45,5.3,5.35,943.17,505.143,0.001248
2004-08-30,5.36,5.4,5.3,5.39,1185.15,636.391,0.001568
2004-08-31,5.6,5.88,5.52,5.6,3515.72,1971.064,0.0046500000000000005
2004-09-01,5.54,5.55,5.45,5.47,1078.0,592.127,0.001426
2004-09-02,5.47,5.55,5.36,5.55,1634.25,892.616,0.002162
2004-09-03,5.6,5.63,5.51,5.6,1846.5,1029.977,0.002442
2004-09-06,5.52,5.6,5.52,5.55,656.43,365.078,0.0008680000000000001
2004-09-07,5.51,5.54,5.37,5.48,906.9,497.775,0.0012
2004-09-08,5.55,5.58,5.4,5.46,1161.39,633.465,0.0015359999999999998
2004-09-09,5.38,5.46,5.28,5.3,1188.0,636.768,0.001571
2004-09-10,5.29,5.47,5.23,5.41,1796.82,965.586,0.0023769999999999998
2004-09-13,5.3,5.46,5.26,5.27,1039.0,552.054,0.001374
2004-09-14,5.43,5.61,5.38,5.47,2653.0,1451.89,0.003509
2004-09-15,5.48,5.95,5.45,5.86,9281.66,5339.82,0.012277
2004-09-16,5.88,5.9,5.71,5.89,6049.62,3518.872,0.008002
2004-09-17,5.89,6.12,5.86,6.12,10398.21,6270.325,0.013753999999999999
2004-09-20,6.12,6.73,6.05,6.71,21952.96,13945.224,0.029037999999999998
2004-09-21,6.8,7.23,6.78,6.79,42667.27,29749.501,0.056437999999999995
2004-09-22,6.74,6.75,6.45,6.55,15531.04,10220.544,0.020543999999999996
2004-09-23,6.5,6.75,6.37,6.73,8212.95,5385.75,0.010864
2004-09-24,6.75,6.87,6.38,6.39,10950.14,7310.524,0.014483999999999999
2004-09-27,6.49,6.6,6.16,6.21,4783.99,3035.961,0.006328
2004-09-28,6.33,6.33,6.1,6.25,3765.79,2332.488,0.004981
2004-09-29,6.28,6.28,6.07,6.09,3555.48,2191.451,0.004703
2004-09-30,6.12,6.12,5.88,5.92,3962.0,2376.863,0.005241
2004-10-08,5.9,6.19,5.76,6.17,3792.62,2253.356,0.005017000000000001
2004-10-11,6.2,6.48,6.1,6.19,8546.56,5355.169,0.011305
2004-10-12,6.15,6.22,6.08,6.1,2984.56,1827.258,0.003948
2004-10-13,6.15,6.38,6.08,6.36,6411.75,4007.829,0.008480999999999999
2004-10-14,6.47,6.5,6.0,6.07,11269.0,6951.226,0.014905999999999999
2004-10-15,6.2,6.67,6.17,6.5,38659.67,24939.286,0.051136999999999995
2004-10-18,6.5,6.61,6.31,6.6,18090.74,11719.203,0.023929999999999996
2004-10-19,6.63,6.73,6.39,6.43,12666.21,8325.087,0.016754
2004-10-20,6.4,6.4,6.08,6.3,7365.65,4603.044,0.009743
2004-10-21,6.3,6.36,6.0,6.08,7559.36,4657.463,0.009999000000000001
2004-10-22,6.06,6.2,5.9,6.18,7337.03,4452.571,0.009705
2004-10-25,6.18,6.28,6.03,6.23,8688.73,5345.515,0.011493
2004-10-26,6.46,6.46,6.24,6.39,11488.47,7295.406,0.015196000000000001
2004-10-27,6.39,6.49,6.22,6.47,9678.71,6133.083,0.012803
2004-10-28,6.47,6.61,6.33,6.33,10184.6,6609.073,0.013472
2004-10-29,6.13,6.32,6.06,6.12,7249.0,4476.282,0.009589
2004-11-01,6.03,6.22,6.03,6.09,3153.18,1923.24,0.004171
2004-11-02,6.05,6.17,5.97,6.03,4344.81,2615.901,0.0057469999999999995
2004-11-03,6.03,6.15,6.0,6.12,5115.4,3104.133,0.0067659999999999994
2004-11-04,6.13,6.18,5.95,5.99,4276.08,2599.479,0.005656
2004-11-05,6.01,6.1,5.9,5.9,3828.1,2285.163,0.005064
2004-11-08,5.9,5.9,5.71,5.79,5529.97,3198.426,0.007315
2004-11-09,5.88,5.96,5.79,5.96,3543.94,2080.826,0.004688
2004-11-10,6.05,6.56,6.05,6.54,23351.97,14750.129,0.030889000000000003
2004-11-11,6.54,6.87,6.4,6.84,35739.44,23656.969,0.047274000000000004
2004-11-12,6.8,6.9,6.6,6.63,27743.4,18657.823,0.036698
2004-11-15,6.63,6.69,6.53,6.64,10200.12,6725.045,0.013491999999999999
2004-11-16,6.66,6.7,6.45,6.46,7865.0,5140.604,0.010403
2004-11-17,6.48,6.63,6.4,6.57,8358.35,5462.711,0.011056
2004-11-18,6.59,6.74,6.51,6.72,10058.03,6690.181,0.013304
2004-11-19,6.73,6.75,6.55,6.6,7272.06,4829.17,0.009618999999999999
2004-11-22,6.7,6.9,6.69,6.84,16751.12,11403.121,0.022158
2004-11-23,6.92,7.09,6.84,6.95,25465.29,17767.361,0.033684
2004-11-24,6.95,6.95,6.7,6.7,10567.31,7170.004,0.013977999999999999
2004-11-25,6.68,6.69,6.48,6.52,7519.96,4928.353,0.009947000000000001
2004-11-26,6.52,6.69,6.52,6.61,4507.06,2993.304,0.005961999999999999
2004-11-29,6.54,6.61,6.35,6.36,4094.0,2647.432,0.005415
2004-11-30,6.33,6.44,6.3,6.37,3492.68,2227.165,0.00462
2004-12-01,6.38,6.68,6.37,6.52,4369.5,2866.631,0.0057799999999999995
2004-12-02,6.48,6.81,6.45,6.79,9472.24,6336.281,0.012528999999999998
2004-12-03,6.81,6.86,6.7,6.74,10655.42,7224.058,0.014094
2004-12-06,6.72,6.84,6.66,6.8,5762.15,3892.632,0.007622
2004-12-07,6.79,6.85,6.46,6.48,5505.9,3655.299,0.0072829999999999995
2004-12-08,6.55,6.6,6.45,6.56,3167.28,2071.307,0.00419
2004-12-09,6.56,6.63,6.4,6.51,2889.4,1879.998,0.003822
2004-12-10,6.5,6.5,6.24,6.26,6197.84,3915.207,0.008198
2004-12-13,6.16,6.34,6.15,6.31,1637.1,1019.751,0.002165
2004-12-14,6.31,6.35,6.05,6.13,11693.59,7189.013,0.015467999999999999
2004-12-15,6.13,6.35,6.11,6.23,17122.49,10682.874,0.022649
2004-12-16,6.2,6.38,6.11,6.21,12087.39,7568.001,0.015989
2004-12-17,6.28,6.28,6.1,6.11,2329.15,1431.498,0.003081
2004-12-20,6.09,6.15,5.92,6.03,6370.8,3805.766,0.008427
2004-12-21,6.05,6.1,5.97,6.04,3550.47,2138.375,0.0046960000000000005
2004-12-22,6.02,6.3,6.0,6.29,4478.47,2770.58,0.0059240000000000004
2004-12-23,6.29,6.29,6.06,6.14,3124.44,1927.893,0.004133
2004-12-24,6.15,6.3,6.13,6.23,3227.13,2006.712,0.004269
2004-12-27,6.24,6.34,6.2,6.23,2652.23,1663.414,0.003508
2004-12-28,6.28,6.28,5.7,5.98,5455.47,3298.286,0.007216
2004-12-29,5.96,6.01,5.85,5.87,4890.01,2894.401,0.006468000000000001
2004-12-30,5.85,5.88,5.76,5.78,3224.58,1868.1,0.004265
2004-12-31,5.76,5.83,5.75,5.8,3185.42,1843.616,0.004214
2005-01-04,5.76,5.85,5.61,5.79,1742.8,1004.578,0.002305
2005-01-05,5.75,6.03,5.71,5.93,4325.5,2546.343,0.0057220000000000005
2005-01-06,5.9,6.02,5.8,5.83,1473.15,869.806,0.001949
2005-01-07,5.8,6.07,5.73,5.85,2635.99,1540.873,0.003487
2005-01-10,5.95,5.97,5.79,5.96,1603.0,948.82,0.00212
2005-01-11,5.96,5.99,5.86,5.95,1703.11,1007.539,0.002253
2005-01-12,5.87,5.9,5.8,5.89,1705.0,997.671,0.002255
2005-01-13,5.84,6.08,5.8,6.01,5418.99,3258.994,0.007168
2005-01-14,6.01,6.11,5.79,5.82,3799.9,2259.902,0.005026
2005-01-17,5.8,5.8,5.64,5.66,4083.59,2333.114,0.0054020000000000006
2005-01-18,5.65,6.23,5.62,6.22,24098.12,14478.679,0.031876
2005-01-19,6.18,6.18,6.02,6.14,15556.52,9436.248,0.020577
2005-01-20,6.1,6.23,6.01,6.2,23666.19,14538.726,0.031304
2005-01-21,6.2,6.2,5.75,6.07,17655.22,10676.349,0.023353000000000002
2005-01-24,6.15,6.38,6.08,6.34,29809.93,18668.241,0.039431
2005-01-25,6.3,6.32,6.14,6.29,16951.81,10574.139,0.022423000000000002
2005-01-26,6.27,6.27,6.11,6.16,7453.48,4601.206,0.009859
2005-01-27,6.11,6.15,5.88,5.92,8649.58,5205.376,0.011441
2005-01-28,5.88,5.99,5.82,5.9,5708.78,3372.108,0.0075509999999999996
2005-01-31,5.86,5.86,5.5,5.55,9645.0,5472.116,0.012758
2005-02-01,5.52,5.62,5.29,5.3,8740.24,4784.32,0.011560999999999998
2005-02-02,5.3,5.7,5.3,5.66,10181.23,5630.993,0.013467
2005-02-03,5.6,5.69,5.52,5.55,6807.49,3811.605,0.009004999999999999
2005-02-04,5.65,5.7,5.52,5.65,4838.93,2726.285,0.0064010000000000004
2005-02-16,5.78,5.86,5.62,5.73,4603.93,2643.656,0.00609
2005-02-17,5.69,5.89,5.65,5.88,5873.05,3399.117,0.007769000000000001
2005-02-18,5.9,5.9,5.76,5.76,7345.84,4258.346,0.009717
2005-02-21,5.74,5.88,5.71,5.84,3353.71,1949.51,0.004436
2005-02-22,5.8,5.97,5.8,5.94,7397.94,4377.064,0.009786
2005-02-23,5.91,6.04,5.84,5.97,8643.73,5153.3,0.011434
2005-02-24,5.97,6.06,5.75,5.93,7074.22,4220.948,0.009356999999999999
2005-02-25,5.93,6.04,5.91,5.92,7464.0,4456.918,0.009873
2005-02-28,5.86,5.94,5.82,5.84,4220.6,2477.956,0.005583
2005-03-01,5.82,5.94,5.78,5.81,3440.0,2003.987,0.00455
2005-03-02,5.83,5.9,5.68,5.69,3677.4,2127.123,0.004864
2005-03-03,5.7,5.79,5.62,5.72,3430.72,1956.686,0.0045379999999999995
2005-03-04,5.73,5.79,5.65,5.66,2572.0,1469.522,0.003402
2005-03-07,5.66,5.75,5.66,5.7,1780.19,1012.079,0.002355
2005-03-08,5.72,5.84,5.7,5.83,4353.0,2511.624,0.005758
2005-03-09,5.83,5.96,5.79,5.95,6014.9,3534.04,0.007956
2005-03-10,5.95,6.02,5.78,5.81,8732.67,5175.183,0.011551
2005-03-11,5.85,6.19,5.78,6.06,21868.82,13189.939,0.028927
2005-03-14,6.09,6.35,6.03,6.21,28666.94,17680.424,0.037919
2005-03-15,6.25,6.3,6.07,6.11,14770.36,9100.847,0.019538
2005-03-16,6.08,6.15,5.92,6.15,12802.41,7718.187,0.016934
2005-03-17,6.17,6.77,6.15,6.76,125649.53,82969.931,0.166203
2005-03-18,6.58,6.6,6.08,6.1,70069.41,44042.944,0.092684
2005-03-21,6.01,6.05,5.5,5.51,37099.48,20967.527,0.049073000000000006
2005-03-22,5.4,5.51,5.3,5.39,18183.01,9828.38,0.024051999999999997
2005-03-23,5.4,5.62,5.37,5.44,14475.08,7960.724,0.019147
2005-03-24,5.45,5.53,5.3,5.52,11118.44,5998.152,0.014707
2005-03-25,5.49,5.53,5.39,5.41,7984.44,4340.294,0.010561000000000001
2005-03-28,5.4,5.4,4.87,5.06,18038.12,9071.499,0.023860000000000003
2005-03-29,5.01,5.09,4.9,4.9,7994.88,3974.089,0.010575000000000001
2005-03-30,4.9,4.9,4.41,4.54,12834.77,5921.779,0.016977
2005-03-31,4.53,4.71,4.5,4.64,7333.42,3389.262,0.0097
2005-04-01,4.58,4.94,4.55,4.9,13932.92,6608.506,0.01843
2005-04-04,4.8,4.8,4.64,4.66,7327.76,3458.966,0.009693
2005-04-05,4.66,4.69,4.52,4.54,7573.13,3477.3,0.010017
2005-04-06,4.5,4.71,4.5,4.68,6842.91,3139.409,0.009051
2005-04-07,4.66,4.92,4.65,4.75,13070.4,6280.703,0.017289000000000002
2005-04-08,4.72,4.88,4.68,4.87,9162.7,4403.011,0.012119999999999999
2005-04-11,4.87,5.06,4.82,5.06,14275.32,7100.457,0.018883
2005-04-12,5.01,5.02,4.72,4.75,9492.13,4604.07,0.012556000000000001
2005-04-13,4.75,4.96,4.75,4.87,7462.93,3630.657,0.009871999999999999
2005-04-14,4.9,4.91,4.67,4.68,7874.0,3762.893,0.010415
2005-04-15,4.6,4.6,4.3,4.32,12499.16,5555.739,0.016533
2005-04-18,4.28,4.38,4.27,4.33,4897.25,2117.995,0.006478
2005-04-19,4.39,4.4,4.18,4.19,6536.87,2813.359,0.008647
2005-04-20,4.02,4.02,3.77,3.77,29161.27,11086.492,0.038572999999999996
2005-04-21,3.77,3.9,3.73,3.82,16749.01,6402.059,0.022155
2005-04-22,3.78,4.04,3.78,3.99,20104.68,7928.086,0.026593
2005-04-25,4.0,4.07,3.59,3.83,20497.68,7809.445,0.027113
2005-04-26,3.73,4.02,3.73,3.98,15372.09,6046.876,0.020333
2005-04-27,3.95,3.97,3.77,3.84,11203.5,4324.964,0.014819
2005-04-28,3.81,4.04,3.72,4.0,20202.99,7920.312,0.026724
2005-04-29,4.0,4.19,3.92,4.01,23005.78,9396.08,0.030431
2005-05-09,4.11,4.11,3.61,3.74,11210.64,4207.986,0.014829000000000002
2005-05-10,3.71,3.74,3.4,3.6,15277.79,5421.172,0.020209
2005-05-11,3.53,3.65,3.5,3.65,10246.0,3680.481,0.013552999999999999
2005-05-12,3.67,3.76,3.42,3.66,12150.43,4390.897,0.016072
2005-05-13,3.63,3.9,3.6,3.85,26909.2,10224.982,0.035594
2005-05-16,3.85,4.0,3.81,3.95,30799.58,12085.482,0.04074
2005-05-17,3.92,3.99,3.85,3.91,12769.1,5003.792,0.016890000000000002
2005-05-18,3.91,4.06,3.91,4.04,16174.3,6472.247,0.021395
2005-05-19,4.04,4.04,3.87,3.98,11190.99,4418.472,0.014803
2005-05-20,3.9,3.97,3.83,3.83,6386.6,2492.851,0.008448
2005-05-23,3.78,3.78,3.5,3.65,6547.77,2382.314,0.008661
2005-05-24,3.63,3.86,3.59,3.83,8667.41,3266.283,0.011465000000000001
2005-05-25,3.81,3.92,3.75,3.9,8006.12,3088.678,0.010589999999999999
2005-05-26,3.89,3.97,3.8,3.81,8894.0,3462.578,0.011765000000000001
2005-05-27,3.8,4.0,3.76,3.85,10187.65,3974.894,0.013475999999999998
2005-05-30,3.8,3.95,3.8,3.91,6193.65,2404.202,0.008193
2005-05-31,3.88,3.96,3.86,3.93,4508.5,1760.129,0.0059640000000000006
2005-06-01,3.89,3.91,3.78,3.82,4501.35,1721.968,0.005954
2005-06-02,3.8,3.86,3.71,3.81,5286.6,2007.922,0.006993
2005-06-03,3.8,3.86,3.71,3.77,4456.0,1685.857,0.005894
2005-06-06,3.77,3.84,3.7,3.83,5694.95,2144.859,0.007533
2005-06-07,3.83,4.02,3.83,3.87,11301.08,4431.588,0.014948999999999999
2005-06-08,3.87,4.2,3.87,4.15,27643.84,11206.874,0.036566
2005-06-09,4.16,4.35,4.06,4.29,32755.44,13720.855,0.043327
2005-06-10,4.29,4.29,4.1,4.12,17999.96,7502.337,0.023809
2005-06-13,4.12,4.17,3.99,4.14,23959.42,9733.013,0.031692
2005-06-14,4.14,4.41,4.04,4.28,55363.91,23680.503,0.07323299999999999
2005-06-15,4.21,4.35,4.05,4.19,29101.84,12219.446,0.038494
2005-06-16,4.16,4.19,4.07,4.13,11115.7,4590.144,0.014702999999999999
2005-06-17,4.13,4.17,3.85,3.87,15006.6,6023.658,0.01985
2005-06-20,3.87,4.03,3.71,4.03,15174.11,5905.325,0.020072
2005-06-21,4.03,4.03,3.85,3.9,10856.01,4256.875,0.01436
2005-06-22,3.88,3.89,3.79,3.88,6192.85,2377.256,0.008192
2005-06-23,3.86,3.93,3.8,3.81,7201.0,2783.081,0.009525
2005-06-24,3.75,3.88,3.73,3.78,6130.31,2317.717,0.008109
2005-06-27,3.8,3.96,3.79,3.89,9391.26,3660.621,0.012421999999999999
2005-06-28,3.9,3.9,3.76,3.77,6786.85,2586.87,0.008977
2005-06-30,3.77,3.8,3.5,3.51,15601.26,5628.397,0.020637
2005-07-01,3.48,3.52,3.16,3.16,20484.89,6788.954,0.027096
2005-07-04,2.92,3.09,2.92,3.07,7443.53,2240.247,0.009846
2005-07-05,3.02,3.07,2.97,2.98,4237.0,1280.399,0.0056040000000000005
2005-07-06,3.04,3.08,2.95,2.98,4059.0,1221.187,0.0053690000000000005
2005-07-07,2.98,3.06,2.98,3.03,4168.0,1262.564,0.0055130000000000005
2005-07-08,3.0,3.01,2.73,2.76,9396.83,2655.968,0.012430000000000002
2005-07-11,2.81,2.93,2.7,2.71,6097.69,1722.105,0.008066
2005-07-12,2.66,2.88,2.65,2.88,7990.5,2242.81,0.010569
2005-07-13,2.88,2.95,2.82,2.9,7500.5,2163.731,0.009921
2005-07-14,2.86,2.96,2.86,2.93,5879.0,1715.381,0.007776
2005-07-15,2.95,2.96,2.75,2.75,7389.0,2097.323,0.009774
2005-07-18,2.73,2.79,2.6,2.63,5999.0,1602.152,0.007935
2005-07-19,2.67,2.7,2.56,2.7,5636.78,1486.519,0.007456000000000001
2005-07-20,2.66,2.73,2.61,2.72,4277.57,1149.339,0.005658
2005-07-21,2.72,2.72,2.6,2.69,4637.95,1227.31,0.006135000000000001
2005-07-22,2.7,2.85,2.7,2.82,14736.13,4091.504,0.019492
2005-07-25,2.86,2.97,2.86,2.95,34237.53,10007.402,0.045288
2005-07-26,2.92,3.05,2.88,3.03,23472.48,6978.957,0.031048
2005-07-27,3.01,3.08,2.94,3.04,23307.59,7032.791,0.030830000000000003
2005-07-28,3.05,3.05,2.95,2.97,16904.53,5070.143,0.02236
2005-07-29,2.97,3.04,2.9,3.03,15242.49,4548.098,0.020162
2005-08-01,3.03,3.1,3.02,3.09,20634.9,6322.384,0.027295
2005-08-02,3.09,3.14,3.0,3.14,16331.35,5018.749,0.021602
2005-08-03,3.14,3.29,3.1,3.21,31062.12,9961.796,0.041087
2005-08-04,3.19,3.19,3.08,3.12,18912.81,5923.55,0.025017
2005-08-05,3.15,3.28,3.14,3.25,23751.58,7658.014,0.031417
2005-08-08,3.27,3.37,3.24,3.34,21983.02,7269.181,0.029078
2005-08-09,3.34,3.4,3.29,3.39,20190.73,6773.441,0.026707
2005-08-10,3.45,3.55,3.39,3.46,24940.43,8619.249,0.03299
2005-08-11,3.46,3.47,3.33,3.42,18137.17,6187.62,0.023991
2005-08-12,3.41,3.46,3.29,3.3,19755.66,6669.881,0.026132
2005-08-15,3.26,3.41,3.2,3.4,15361.97,5119.378,0.02032
2005-08-16,3.37,3.47,3.34,3.42,17695.37,6016.27,0.023407
2005-08-17,3.42,3.58,3.36,3.58,28371.79,9875.308,0.037529
2005-08-18,3.6,3.69,3.34,3.36,34194.19,12217.217,0.04523
2005-08-19,3.32,3.57,3.24,3.52,32630.75,11169.498,0.043162000000000006
2005-08-22,3.55,3.6,3.4,3.6,24389.72,8588.331,0.032262
2005-08-23,3.59,3.6,3.38,3.4,15886.06,5499.39,0.021013
2005-08-24,3.41,3.58,3.35,3.57,25284.79,8830.677,0.033445
2005-08-25,3.57,3.63,3.43,3.62,25583.85,9059.032,0.033841
2005-08-26,3.6,3.79,3.52,3.72,52173.31,19249.389,0.069012
2005-08-29,3.7,3.72,3.58,3.64,22584.28,8234.076,0.029872999999999997
2005-08-30,3.64,3.84,3.62,3.75,34726.39,13018.946,0.045934
2005-08-31,3.76,3.8,3.67,3.8,20809.25,7810.88,0.027525
2005-09-01,3.8,3.94,3.72,3.9,34481.82,13296.438,0.045611
2005-09-02,3.88,4.12,3.86,4.08,45229.18,18256.155,0.059827000000000005
2005-09-05,4.19,4.34,4.02,4.3,74122.09,30976.54,0.09804500000000001
2005-09-06,4.32,4.35,4.0,4.09,45549.02,19179.491,0.060250000000000005
2005-09-07,4.05,4.15,3.92,4.14,25094.29,10159.69,0.033194
2005-09-08,4.16,4.18,4.0,4.12,19235.16,7851.408,0.025442999999999997
2005-09-09,4.08,4.11,3.97,3.99,13899.5,5593.286,0.018386
2005-09-12,3.95,4.0,3.88,3.94,10554.38,4149.157,0.013961
2005-09-13,3.94,4.12,3.94,4.12,14214.75,5759.192,0.018803
2005-09-14,4.12,4.18,4.05,4.15,18320.39,7552.808,0.024232999999999998
2005-09-15,4.16,4.19,4.11,4.15,12396.31,5139.653,0.016397
2005-09-16,4.12,4.22,4.11,4.21,12999.89,5428.313,0.017196
2005-09-19,4.2,4.24,4.14,4.23,14183.27,5930.687,0.018761
2005-09-20,4.2,4.2,4.06,4.09,16984.0,6980.015,0.022466
2005-09-21,4.06,4.1,3.95,3.95,17854.0,7201.049,0.023616
2005-09-22,3.95,4.01,3.65,3.74,14374.44,5506.302,0.019014
2005-09-23,3.72,3.76,3.54,3.54,15046.76,5477.266,0.019903
2005-09-26,3.52,3.61,3.5,3.61,7279.77,2585.743,0.009629
2005-09-27,3.58,3.68,3.49,3.5,7887.26,2816.841,0.010433
2005-09-28,3.49,3.54,3.45,3.46,6325.0,2211.617,0.008366
2005-09-29,3.48,3.57,3.48,3.56,7323.76,2583.512,0.009688
2005-09-30,3.56,3.6,3.52,3.52,5681.0,2023.759,0.007514999999999999
2005-10-10,3.5,3.51,3.17,3.24,11655.68,3830.281,0.015418000000000001
2005-10-11,3.18,3.4,3.18,3.37,10004.58,3318.142,0.013234
2005-10-12,3.38,3.43,3.32,3.41,9504.4,3209.777,0.012572000000000002
2005-10-13,3.39,3.49,3.32,3.39,9849.51,3350.517,0.013028
2005-10-14,3.38,3.41,3.28,3.31,6595.76,2202.947,0.008725
2005-10-17,3.28,3.37,3.24,3.34,5805.9,1927.111,0.00768
2005-10-18,3.33,3.45,3.33,3.45,8915.09,3044.952,0.011792
2005-10-19,3.49,3.57,3.42,3.51,15011.54,5257.211,0.019857
2005-10-20,3.53,3.62,3.42,3.58,16672.43,5875.116,0.022053
2005-10-21,3.78,3.94,3.69,3.74,61037.52,23149.088,0.080737
2005-10-24,3.67,3.67,3.49,3.52,26317.95,9388.388,0.034811999999999996
2005-10-25,3.5,3.5,3.33,3.34,18697.87,6356.254,0.024733
2005-10-26,3.34,3.47,3.3,3.33,12366.0,4213.859,0.016357
2005-10-27,3.33,3.42,3.32,3.39,7368.4,2482.416,0.009747
2005-10-28,3.4,3.43,3.15,3.25,8750.0,2868.244,0.011574
2005-10-31,3.23,3.31,3.21,3.27,4148.0,1352.899,0.005487
2005-11-01,3.27,3.27,3.09,3.23,8448.5,2673.889,0.011175
2005-11-02,3.23,3.42,3.22,3.39,17305.74,5811.541,0.022890999999999998
2005-11-03,3.39,3.44,3.3,3.33,13724.17,4612.951,0.018154
2005-11-04,3.33,3.4,3.3,3.4,7978.62,2675.082,0.010554
2005-11-07,3.38,3.44,3.29,3.44,10309.05,3482.82,0.013635999999999999
2005-11-08,3.4,3.49,3.38,3.48,12830.69,4416.879,0.016972
2005-11-09,3.43,3.48,3.36,3.38,9316.6,3173.572,0.012324
2005-11-10,3.38,3.38,3.18,3.19,9511.0,3111.784,0.012581
2005-11-11,3.15,3.34,3.12,3.25,6046.55,1951.996,0.007998
2005-11-14,3.34,3.34,3.2,3.29,3643.54,1186.923,0.004819
2005-11-15,3.28,3.33,3.2,3.28,4591.0,1497.942,0.006072999999999999
2005-11-16,3.24,3.37,3.15,3.37,9789.85,3211.022,0.01295
2005-11-17,3.33,3.38,3.31,3.34,6025.32,2013.023,0.00797
2005-11-18,3.24,3.44,3.24,3.4,13121.46,4441.023,0.017356
2005-11-21,3.41,3.44,3.38,3.42,6985.49,2380.829,0.00924
2005-11-22,3.41,3.41,3.26,3.28,8883.45,2961.754,0.011751000000000001
2005-11-23,3.26,3.39,3.25,3.36,10454.89,3498.138,0.013829000000000001
2005-11-24,3.36,3.43,3.36,3.42,11835.49,4030.736,0.015655
2005-11-25,3.4,3.42,3.35,3.4,8140.63,2749.532,0.010768
2005-11-29,3.4,3.4,3.28,3.31,10268.99,3394.253,0.013583000000000001
2005-11-30,3.33,3.39,3.2,3.34,12088.91,3984.54,0.015991
2005-12-01,3.3,3.32,3.23,3.27,5445.3,1784.226,0.007203
2005-12-02,3.26,3.3,3.19,3.2,6733.82,2180.512,0.008907
2005-12-05,3.2,3.2,3.05,3.06,6431.5,1997.757,0.008507
2005-12-06,3.05,3.13,3.05,3.11,5215.66,1619.517,0.006899
2005-12-07,3.11,3.2,3.07,3.19,9318.0,2934.561,0.012325
2005-12-08,3.18,3.19,3.12,3.13,2303.51,726.936,0.0030470000000000002
2005-12-09,3.1,3.19,3.09,3.18,4886.48,1536.765,0.006464
2005-12-12,3.14,3.26,3.14,3.23,9104.14,2921.563,0.012043
2005-12-13,3.23,3.23,3.15,3.19,4235.95,1345.29,0.005603
2005-12-14,3.2,3.36,3.16,3.31,13968.44,4595.377,0.018477
2005-12-15,3.29,3.37,3.27,3.34,17568.75,5868.278,0.023239
2005-12-16,3.34,3.42,3.34,3.41,16460.88,5583.92,0.021774
2005-12-19,3.36,3.41,3.32,3.36,9098.61,3064.479,0.012035
2005-12-20,3.39,3.47,3.36,3.4,12830.87,4387.329,0.016972
2005-12-21,3.42,3.46,3.37,3.42,14292.14,4891.547,0.018905
2005-12-22,3.38,3.4,3.34,3.37,5902.0,1989.036,0.007807
2005-12-23,3.4,3.44,3.38,3.43,7778.92,2655.29,0.010289999999999999
2005-12-26,3.43,3.48,3.4,3.44,10022.2,3451.906,0.013257000000000001
2005-12-27,3.41,3.43,3.36,3.37,7465.0,2521.955,0.009874
2005-12-28,3.37,3.4,3.36,3.38,4404.71,1487.767,0.0058260000000000004
2005-12-29,3.37,3.43,3.33,3.4,11327.17,3840.36,0.014983
2005-12-30,3.4,3.45,3.38,3.4,13070.34,4465.267,0.017289000000000002
2006-01-04,3.41,3.59,3.3,3.55,63843.47,22295.515,0.08444900000000001
2006-01-05,3.51,3.6,3.46,3.56,34294.72,12103.507,0.045363
2006-01-06,3.7,3.7,3.51,3.54,30979.0,11137.1,0.040978
2006-01-09,3.54,3.68,3.53,3.59,22889.32,8235.719,0.030277
2006-01-10,3.59,3.7,3.41,3.68,35948.93,12705.407,0.047550999999999996
2006-01-11,3.6,3.65,3.54,3.6,26355.81,9492.405,0.034862000000000004
2006-01-12,3.58,3.8,3.55,3.79,50526.49,18734.126,0.066834
2006-01-13,3.78,3.8,3.67,3.75,27775.9,10367.822,0.036741
2006-01-16,3.72,3.85,3.66,3.67,25580.49,9627.078,0.033837
2006-01-17,3.65,3.69,3.58,3.61,16455.13,5978.328,0.021766
2006-01-18,3.6,3.72,3.6,3.72,12404.54,4573.982,0.016408
2006-01-19,3.7,3.74,3.63,3.7,17517.72,6448.878,0.023172
2006-01-20,3.7,3.8,3.69,3.76,22521.79,8448.753,0.029790999999999998
2006-01-23,3.73,3.77,3.55,3.64,22846.89,8326.279,0.030221
2006-01-24,3.64,3.74,3.56,3.64,20703.25,7549.955,0.027385000000000003
2006-01-25,3.6,3.66,3.48,3.49,20035.71,7083.307,0.026501999999999998
2006-02-06,3.5,3.59,3.49,3.56,11273.02,3992.758,0.014911
2006-02-07,3.56,3.7,3.53,3.69,26282.74,9582.442,0.034766
2006-02-08,3.65,3.75,3.63,3.75,18380.56,6825.099,0.024312999999999998
2006-02-09,3.75,3.75,3.6,3.63,11278.79,4139.211,0.014919
2006-02-10,3.65,3.7,3.59,3.67,12167.2,4434.356,0.016094
2006-02-13,3.7,3.8,3.62,3.8,26214.06,9773.46,0.034675
2006-02-14,3.78,3.85,3.74,3.82,26542.59,10096.866,0.035109
2006-02-15,3.82,3.94,3.79,3.91,57685.69,22367.597,0.076304
2006-02-16,3.9,3.96,3.84,3.87,49599.69,19330.329,0.065608
2006-02-17,3.85,3.98,3.75,3.96,60657.49,23671.346,0.080235
2006-02-20,4.04,4.08,3.75,3.77,82988.89,32345.628,0.109774
2006-02-21,3.75,3.75,3.54,3.75,42971.16,15649.512,0.05684
2006-02-22,3.7,3.74,3.66,3.67,22256.61,8213.071,0.02944
2006-02-23,3.64,3.71,3.58,3.65,13483.49,4910.837,0.017835
2006-02-24,3.65,3.7,3.62,3.68,10731.6,3936.789,0.014195
2006-02-27,3.65,3.68,3.6,3.62,12610.1,4575.526,0.01668
2006-02-28,3.7,3.73,3.59,3.72,12934.73,4742.29,0.017109
2006-03-01,3.74,3.75,3.67,3.71,15386.13,5722.26,0.020352000000000002
2006-03-02,3.73,3.75,3.55,3.58,25751.33,9469.657,0.034062999999999996
2006-03-03,3.61,3.62,3.44,3.5,16650.0,5854.899,0.022024
2006-03-06,3.5,3.59,3.49,3.54,7393.88,2624.996,0.00978
2006-03-07,3.55,3.55,3.34,3.35,9960.15,3409.507,0.013175
2006-03-08,3.35,3.43,3.31,3.43,11132.16,3757.05,0.014724999999999999
2006-03-09,3.5,3.51,3.43,3.44,21324.76,7384.032,0.028207
2006-03-10,3.41,3.42,3.34,3.38,7884.61,2659.447,0.010428999999999999
2006-03-13,3.36,3.37,3.26,3.34,12197.68,4033.057,0.016134
2006-03-14,3.34,3.35,3.27,3.32,7225.21,2389.053,0.009557
2006-03-15,3.3,3.36,3.3,3.35,6764.52,2254.003,0.008948000000000001
2006-03-16,3.41,3.47,3.38,3.41,17584.07,6014.495,0.023259
2006-03-17,3.4,3.4,3.36,3.38,5521.77,1864.154,0.007304000000000001
2006-03-20,3.4,3.45,3.36,3.44,7016.22,2396.907,0.009281000000000001
2006-03-21,3.44,3.47,3.39,3.43,9759.44,3346.227,0.012908999999999999
2006-03-22,3.42,3.46,3.4,3.43,8112.4,2782.997,0.010731
2006-03-23,3.42,3.47,3.39,3.46,11168.64,3832.598,0.014773000000000001
2006-03-24,3.45,3.45,3.35,3.36,11623.6,3936.31,0.015375000000000002
2006-03-27,3.34,3.38,3.29,3.37,9598.7,3194.259,0.012697
2006-03-28,3.37,3.38,3.31,3.37,9548.65,3196.852,0.012629999999999999
2006-03-29,3.37,3.48,3.37,3.4,14598.78,5007.013,0.019311000000000002
2006-03-30,3.41,3.45,3.33,3.35,9733.99,3303.127,0.012876
2006-03-31,3.33,3.38,3.32,3.36,7486.1,2506.357,0.009902
2006-04-03,3.45,3.45,3.36,3.42,10938.73,3726.752,0.014469000000000001
2006-04-04,3.41,3.51,3.38,3.49,20689.21,7134.734,0.027367
2006-04-05,3.43,3.48,3.43,3.47,12134.27,4189.046,0.016051
2006-04-06,3.47,3.48,3.38,3.44,17576.37,6034.819,0.023249
2006-04-07,3.44,3.53,3.39,3.51,17038.96,5942.535,0.022538
2006-04-10,3.51,3.62,3.46,3.61,24230.52,8610.2,0.032050999999999996
2006-04-11,3.61,3.64,3.54,3.6,19025.36,6822.371,0.025166
2006-04-12,3.6,3.63,3.55,3.63,17695.82,6351.393,0.023407
2006-04-13,3.62,3.68,3.45,3.46,20367.0,7248.54,0.02694
2006-04-14,3.46,3.5,3.38,3.5,15322.26,5277.134,0.020268
2006-04-17,3.5,3.54,3.45,3.5,14223.63,4982.17,0.018814
2006-04-18,3.48,3.58,3.45,3.53,14896.54,5228.805,0.019704
2006-04-19,3.53,3.53,3.39,3.4,15333.99,5269.881,0.020283000000000002
2006-04-20,3.39,3.4,3.22,3.24,18077.59,5974.595,0.023912
2006-04-21,3.2,3.25,3.14,3.2,18228.79,5819.919,0.024112
2006-04-24,3.2,3.2,3.04,3.05,14499.0,4492.168,0.019178999999999998
2006-04-25,3.0,3.03,2.92,2.98,14795.99,4399.421,0.019571
2006-04-26,2.98,3.11,2.98,3.1,13906.84,4207.599,0.018394999999999998
2006-04-27,3.1,3.1,3.03,3.06,7936.14,2425.622,0.010498
2006-04-28,3.15,3.17,3.09,3.15,12776.61,4002.579,0.0169
2006-05-08,3.16,3.32,3.14,3.3,20693.69,6660.464,0.027372999999999998
2006-05-09,3.31,3.42,3.23,3.41,28759.11,9613.187,0.038041
2006-05-10,3.39,3.44,3.3,3.38,26302.74,8880.212,0.034792000000000003
2006-05-11,3.36,3.5,3.35,3.38,31987.99,11001.395,0.042312
2006-05-12,3.35,3.64,3.35,3.62,37642.54,13375.494,0.049791999999999996
2006-05-15,3.66,3.8,3.52,3.77,53269.72,19621.68,0.070463
2006-05-16,3.77,3.77,3.48,3.54,40431.46,14742.324,0.053480999999999994
2006-05-17,3.56,3.89,3.51,3.84,58275.55,21901.466,0.077084
2006-05-18,3.84,4.17,3.75,4.1,75068.1,29880.434,0.09929600000000001
2006-05-19,4.13,4.28,4.0,4.06,50976.63,20800.393,0.067429
2006-05-22,4.06,4.38,4.0,4.27,49800.82,21114.737,0.065874
2006-05-23,4.27,4.27,3.95,3.95,52235.74,21640.201,0.069095
2006-05-24,4.0,4.12,3.83,3.93,36022.0,14316.271,0.047648
2006-05-25,4.0,4.32,3.93,4.25,35977.67,14825.191,0.04759
2006-05-26,4.29,4.37,4.13,4.34,61392.58,26370.926,0.08120699999999999
2006-05-29,4.35,4.57,4.28,4.53,46083.53,20574.373,0.060957
2006-05-30,4.51,4.58,4.35,4.5,36426.39,16223.125,0.048183
2006-05-31,4.48,4.65,4.42,4.5,39851.2,18042.852,0.052713
2006-06-01,4.52,4.8,4.5,4.76,41629.57,19428.363,0.055066
2006-06-02,4.6,4.86,4.55,4.77,50310.99,23632.363,0.066549
2006-06-05,4.77,5.09,4.71,5.06,39930.2,19532.247,0.052818
2006-06-06,5.09,5.54,5.0,5.19,59823.8,31536.577,0.079132
2006-06-07,5.19,5.35,4.67,4.67,54187.92,26636.834,0.071677
2006-06-08,4.59,4.66,4.31,4.58,43122.62,19509.561,0.057041
2006-06-09,4.56,4.63,4.23,4.25,28180.22,12563.523,0.037275
2006-06-12,4.2,4.3,4.11,4.2,18294.93,7716.124,0.0242
2006-06-13,4.2,4.37,4.2,4.32,17025.2,7315.422,0.02252
2006-06-14,4.32,4.32,4.16,4.32,12551.0,5328.965,0.016602
2006-06-15,4.29,4.39,4.24,4.31,12306.88,5329.88,0.016279
2006-06-16,4.31,4.47,4.3,4.43,16686.58,7317.431,0.022071999999999998
2006-06-19,4.4,4.63,4.36,4.57,18874.3,8506.489,0.024966
2006-06-20,4.57,4.61,4.5,4.55,13237.64,6029.722,0.017509999999999998
2006-06-21,4.5,4.57,4.48,4.5,18049.22,8166.839,0.023875
2006-06-22,4.4,4.5,4.37,4.4,17452.52,7708.895,0.023085
2006-06-23,4.35,4.54,4.35,4.51,17884.73,7965.215,0.023656999999999997
2006-06-27,4.57,4.77,4.57,4.68,30655.02,14301.939,0.040549
2006-06-28,4.7,4.71,4.58,4.62,13386.01,6186.41,0.017706
2006-06-29,4.64,4.76,4.62,4.76,22571.98,10612.822,0.029857
2006-06-30,4.75,4.81,4.64,4.67,27849.32,13087.534,0.036838
2006-07-03,4.66,4.81,4.66,4.76,24481.28,11613.338,0.032383
2006-07-04,4.79,4.79,4.59,4.62,27964.87,13103.295,0.036991
2006-07-05,4.58,4.69,4.46,4.56,23190.45,10559.159,0.030674999999999997
2006-07-06,4.54,4.74,4.51,4.73,21741.36,10186.104,0.028758
2006-07-07,4.74,5.02,4.7,4.89,56685.96,27631.165,0.074981
2006-07-10,4.9,5.0,4.85,5.0,27367.55,13486.614,0.0362
2006-07-11,5.0,5.06,4.93,5.02,21719.49,10884.685,0.028729
2006-07-12,5.04,5.04,4.86,4.87,28685.88,14161.216,0.037944
2006-07-13,4.85,4.85,4.38,4.38,43381.98,19843.613,0.057384000000000004
2006-07-14,4.38,4.51,4.3,4.45,25255.4,11125.757,0.033407
2006-07-17,4.43,4.58,4.38,4.57,19127.57,8638.386,0.025301
2006-07-18,4.6,4.87,4.57,4.83,37277.17,17653.674,0.049308
2006-07-19,4.76,4.85,4.55,4.59,25650.11,11967.675,0.033929
2006-07-20,4.65,5.05,4.59,4.97,62778.14,30924.268,0.08304
2006-07-21,4.87,5.03,4.86,4.91,30650.9,15129.579,0.040544000000000004
2006-07-24,4.81,5.04,4.71,4.99,26291.97,12840.456,0.034777999999999996
2006-07-25,5.02,5.14,4.94,4.97,34679.18,17468.387,0.045872
2006-07-26,4.99,5.15,4.99,5.1,33654.54,17139.933,0.044517
2006-07-27,5.11,5.13,4.86,4.9,29821.68,14801.609,0.039447
2006-07-28,4.9,4.97,4.73,4.86,20126.32,9719.135,0.026622
2006-07-31,4.85,4.86,4.58,4.62,16323.02,7665.244,0.021591
2006-08-01,4.62,4.68,4.51,4.61,11444.11,5273.867,0.015138
2006-08-02,4.62,4.7,4.55,4.66,9833.49,4554.372,0.013007
2006-08-03,4.69,4.69,4.52,4.58,8850.99,4063.013,0.011708000000000001
2006-08-04,4.58,4.6,4.22,4.26,29404.89,12803.191,0.038895
2006-08-07,4.26,4.27,4.03,4.06,13820.0,5691.775,0.01828
2006-08-08,4.11,4.26,4.06,4.24,9718.1,4052.163,0.012855
2006-08-09,4.25,4.29,4.18,4.23,6277.02,2655.141,0.008303
2006-08-10,4.27,4.65,4.21,4.6,17941.07,7963.874,0.023732000000000003
2006-08-11,4.5,4.56,4.41,4.51,13477.71,6056.067,0.017828
2006-08-15,4.33,4.47,4.27,4.46,9816.83,4272.473,0.012985
2006-08-16,4.4,4.53,4.4,4.49,6402.33,2863.206,0.008468999999999999
2006-08-17,4.41,4.48,4.33,4.38,7669.5,3380.57,0.010145
2006-08-18,4.33,4.42,4.32,4.36,6116.24,2672.187,0.00809
2006-08-21,4.1,4.36,4.0,4.35,7280.58,3086.193,0.00963
2006-08-22,4.32,4.45,4.31,4.41,6445.48,2837.28,0.008526
2006-08-23,4.43,4.48,4.36,4.41,6721.63,2978.3,0.008891
2006-08-24,4.43,4.52,4.37,4.5,9431.11,4210.769,0.012475
2006-08-25,4.49,4.5,4.41,4.44,7368.83,3279.303,0.009747
2006-08-28,4.38,4.55,4.37,4.54,10834.93,4848.355,0.014332000000000001
2006-08-29,4.54,4.76,4.51,4.58,27751.17,12921.443,0.036708
2006-08-30,4.55,4.75,4.53,4.72,15586.62,7278.022,0.020617
2006-08-31,4.75,4.75,4.62,4.73,11452.83,5366.253,0.015149
2006-09-01,4.7,4.72,4.51,4.53,13629.0,6266.367,0.018028
2006-09-04,4.5,4.68,4.45,4.64,8527.02,3910.392,0.011278999999999999
2006-09-05,4.6,4.76,4.59,4.7,18176.94,8574.71,0.024044
2006-09-06,4.69,4.72,4.62,4.71,9283.57,4340.644,0.01228
2006-09-07,4.67,4.7,4.55,4.56,10292.99,4735.435,0.013614999999999999
2006-09-08,4.54,4.63,4.49,4.52,7366.99,3350.521,0.009745
2006-09-11,4.5,4.57,4.44,4.54,8083.64,3639.258,0.010693
2006-09-12,4.54,4.64,4.52,4.58,10093.73,4626.956,0.013351
2006-09-13,4.57,4.63,4.48,4.5,7098.0,3232.979,0.009389
2006-09-14,4.46,4.55,4.45,4.54,6480.0,2911.885,0.008571
2006-09-15,4.53,4.6,4.52,4.59,9231.2,4215.23,0.012211000000000001
2006-09-18,4.6,4.72,4.6,4.72,16695.25,7801.951,0.022084000000000003
2006-09-19,4.74,4.74,4.63,4.67,10458.62,4899.776,0.013833999999999999
2006-09-20,4.66,4.86,4.66,4.8,34554.86,16593.358,0.045707000000000005
2006-09-21,4.8,4.89,4.73,4.88,20381.61,9817.259,0.02696
2006-09-22,4.9,4.9,4.76,4.79,16832.91,8113.376,0.022265999999999998
2006-09-25,4.82,5.05,4.75,5.03,40984.16,20330.421,0.054211999999999996
2006-09-26,5.0,5.29,4.93,5.21,55007.8,28301.002,0.07276200000000001
2006-09-27,5.23,5.23,5.05,5.18,30495.62,15642.158,0.040338000000000006
2006-09-28,5.18,5.21,5.12,5.14,20479.32,10574.93,0.027089
2006-09-29,5.14,5.18,5.02,5.06,30833.35,15690.006,0.040785
2006-10-09,5.08,5.14,5.06,5.1,16684.73,8502.858,0.02207
2006-10-10,5.11,5.16,5.01,5.08,22313.41,11311.379,0.029515
2006-10-11,5.08,5.08,4.9,4.96,18849.71,9413.914,0.024933
2006-10-12,4.95,5.13,4.94,5.09,19406.38,9831.165,0.025670000000000002
2006-10-13,5.1,5.16,5.06,5.16,20336.91,10422.469,0.026901
2006-10-16,5.16,5.41,5.13,5.27,36443.89,19327.109,0.048206
2006-10-17,5.26,5.38,5.19,5.3,26071.51,13748.171,0.034485999999999996
2006-10-18,5.3,5.34,5.22,5.33,13467.49,7125.328,0.017814
2006-10-19,5.32,5.36,5.23,5.24,16339.09,8637.661,0.021613000000000004
2006-10-20,5.24,5.34,5.2,5.29,13526.95,7134.808,0.017893
2006-10-23,5.28,5.42,5.1,5.12,23839.7,12574.864,0.031534
2006-10-24,5.1,5.23,5.09,5.22,13113.82,6790.091,0.017346
2006-10-25,5.15,5.28,5.15,5.22,11229.8,5855.421,0.014854000000000001
2006-10-26,5.2,5.38,5.08,5.37,26125.03,13815.086,0.034557000000000004
2006-10-27,5.36,5.42,5.22,5.32,20914.42,11122.564,0.027665000000000002
2006-10-30,5.25,5.3,5.0,5.15,15256.85,7818.939,0.020181
2006-10-31,5.09,5.31,5.08,5.25,8893.58,4630.514,0.011763999999999998
2006-11-01,5.21,5.59,5.21,5.58,36686.89,20036.855,0.048528
2006-11-02,5.5,5.77,5.47,5.69,41175.69,23343.033,0.054465000000000006
2006-11-03,5.75,6.15,5.69,6.1,50733.86,30359.54,0.067108
2006-11-06,6.1,6.13,5.87,5.98,33204.4,19935.053,0.043921
2006-11-07,5.95,5.97,5.66,5.76,26871.15,15499.679,0.035544
2006-11-08,5.66,6.05,5.66,5.99,20379.65,12155.723,0.026957
2006-11-09,6.0,6.24,5.86,5.95,18464.16,11075.941,0.024423
2006-11-10,5.95,6.1,5.88,6.04,25233.45,15201.416,0.033378
2006-11-13,6.04,6.07,5.7,5.8,16294.87,9504.08,0.021554000000000004
2006-11-14,5.8,6.1,5.78,6.03,16241.98,9675.497,0.021484
2006-11-15,6.0,6.1,5.9,6.06,15890.85,9564.975,0.021019999999999997
2006-11-16,6.07,6.08,5.91,5.99,22448.59,13419.453,0.029693999999999998
2006-11-17,5.91,6.02,5.83,5.97,15356.67,9146.252,0.020312999999999998
2006-11-20,5.9,6.06,5.79,6.03,16705.17,9841.62,0.022097000000000002
2006-11-21,5.98,6.62,5.95,6.6,41460.16,26455.914,0.054841
2007-02-06,6.93,6.93,6.93,6.93,187.0,129.591,0.000247
2007-02-07,7.28,7.28,7.28,7.28,60.01,43.687,7.900000000000001e-05
2007-02-08,7.64,7.64,7.64,7.64,111.0,84.804,0.000147
2007-02-12,8.02,8.02,8.02,8.02,222.1,178.124,0.000294
2007-02-13,8.42,8.42,8.42,8.42,138.67,116.76,0.000183
2007-02-14,8.84,8.84,8.84,8.84,253.0,223.652,0.000335
2007-02-15,9.28,9.28,9.28,9.28,474.73,440.549,0.000628
2007-02-16,9.74,9.74,9.74,9.74,1584.14,1542.952,0.002095
2007-02-26,10.23,10.23,10.23,10.23,384.5,393.344,0.000509
2007-02-27,10.74,10.74,10.74,10.74,548.91,589.529,0.000726
2007-02-28,11.28,11.28,11.28,11.28,479.5,540.876,0.000634
2007-03-01,11.84,11.84,11.84,11.84,142.0,168.128,0.00018800000000000002
2007-03-02,12.43,12.43,12.43,12.43,383.7,476.939,0.000508
2007-03-05,13.05,13.05,13.05,13.05,147.21,192.109,0.000195
2007-03-06,13.7,13.7,13.7,13.7,227.5,311.675,0.000301
2007-03-07,14.39,14.39,14.39,14.39,175.05,251.897,0.00023199999999999997
2007-03-08,15.11,15.11,15.11,15.11,1062.41,1605.302,0.0014050000000000002
2007-03-09,15.87,15.87,15.87,15.87,3892.39,6177.223,0.005149
2007-03-12,16.66,16.66,16.66,16.66,1099.24,1831.334,0.001454
2007-03-13,17.49,17.49,17.49,17.49,280.76,491.049,0.000371
2007-03-14,18.36,18.36,18.36,18.36,381.49,700.416,0.000505
2007-03-15,19.28,19.28,19.28,19.28,600.81,1158.362,0.000795
2007-03-16,20.24,20.24,20.24,20.24,17017.99,34444.412,0.022511
2007-03-19,21.25,21.25,21.25,21.25,24065.04,51138.21,0.031832
2007-03-20,22.31,22.31,21.82,22.31,105010.67,234220.995,0.138903
2007-03-21,22.6,22.6,21.19,21.31,115318.02,250857.603,0.152537
2007-03-22,20.99,22.38,20.63,22.17,129129.74,282725.532,0.17080700000000001
2007-03-23,21.7,22.01,21.06,21.06,47805.67,102204.708,0.063235
2007-03-26,21.11,22.11,20.88,21.54,53557.36,114527.122,0.070843
2007-03-27,21.45,21.86,21.1,21.74,30001.47,64527.835,0.039684
2007-03-28,21.9,22.3,20.65,21.48,36379.7,77789.267,0.048121
2007-03-29,22.0,22.55,22.0,22.55,77857.0,175400.905,0.10298500000000001
2007-03-30,22.61,23.68,22.32,23.68,60254.79,139169.234,0.079702
2007-04-02,24.86,24.86,24.68,24.86,8163.91,20290.068,0.010799000000000001
2007-04-03,26.1,26.1,26.1,26.1,1682.81,4392.134,0.002226
2007-04-04,27.41,27.41,26.55,27.41,70463.38,192658.651,0.09320600000000001
2007-04-05,27.58,28.66,27.11,27.78,61240.69,170789.958,0.081006
2007-04-06,27.45,29.17,27.03,28.68,56754.88,163860.442,0.075073
2007-04-09,28.9,30.11,28.63,30.11,46600.84,136833.641,0.061641
2007-04-10,30.9,31.62,30.13,31.62,42583.53,132437.364,0.056326999999999995
2007-04-11,31.99,32.12,30.2,30.51,34706.59,107762.859,0.045908
2007-04-12,30.18,30.97,30.0,30.38,28571.94,86638.802,0.037794
2007-04-13,30.2,31.9,29.18,30.78,41994.51,128135.869,0.055548
2007-04-16,30.67,31.2,30.1,30.51,31848.96,97382.956,0.042128
2007-04-17,30.4,31.0,29.7,30.46,32417.75,97942.501,0.042881
2007-04-18,30.55,31.98,30.55,31.98,34188.09,107976.957,0.045222
2007-04-19,32.5,33.58,31.98,33.58,59589.42,198014.793,0.078822
2007-04-20,34.9,35.26,34.52,35.26,8322.92,29235.136,0.011009
2007-04-23,37.02,37.02,37.02,37.02,1964.65,7273.134,0.002599
2007-04-24,38.87,38.87,37.9,38.87,12116.55,47010.032,0.016027
2007-04-25,40.7,40.81,39.8,40.81,13506.37,54839.907,0.017866
2007-04-26,42.85,42.85,42.85,42.85,3035.14,13005.575,0.004015
2007-04-27,44.99,44.99,44.99,44.99,3743.62,16842.546,0.004952
2007-04-30,47.24,47.24,47.24,47.24,6999.14,33063.937,0.009257999999999999
2007-05-08,49.6,49.6,49.6,49.6,5837.67,28954.843,0.007722
2007-05-09,52.08,52.08,47.12,50.47,101548.09,514216.436,0.134323
2007-05-10,48.85,50.4,47.95,47.95,39604.47,191668.975,0.052386999999999996
2007-05-11,47.0,47.88,45.55,45.55,49862.34,229439.644,0.065955
2007-05-14,43.38,47.39,43.27,45.37,61021.4,270060.425,0.080716
2007-05-15,44.68,44.99,43.1,43.1,33335.97,146089.704,0.044095
2007-05-16,41.35,43.3,40.95,43.18,63763.82,264226.896,0.084344
2007-05-17,43.18,45.34,42.0,45.34,33722.14,147957.84,0.04460600000000001
2007-05-18,46.5,47.61,44.65,45.73,51514.13,239614.883,0.06814
2007-05-21,43.7,46.6,43.5,44.7,36052.73,162304.532,0.047689
2007-05-22,45.4,46.57,44.6,45.53,30907.07,140170.284,0.040881999999999995
2007-05-23,46.18,47.81,45.8,47.81,33497.45,159507.903,0.044309
2007-05-24,50.2,50.2,46.2,47.83,74721.75,364365.228,0.09883800000000001
2007-05-25,47.95,50.22,46.4,49.96,62739.5,308560.069,0.082989
2007-05-28,49.5,50.6,47.46,47.46,59221.51,285581.802,0.078335
2007-05-29,47.0,47.0,45.09,45.31,59840.34,272367.868,0.079154
2007-05-30,43.04,43.04,43.04,43.04,9369.0,40324.176,0.012393000000000001
2007-05-31,40.89,40.89,40.89,40.89,1514.0,6190.746,0.002003
2007-06-01,38.85,40.0,38.85,38.85,38901.31,151472.839,0.051456999999999996
2007-06-04,36.91,36.91,36.91,36.91,2379.0,8780.889,0.0031469999999999996
2007-06-05,35.06,35.06,35.06,35.06,1400.0,4908.4,0.0018520000000000001
2007-06-06,33.31,35.8,33.31,33.36,82167.87,277747.249,0.108688
2007-06-07,33.01,35.03,31.73,35.03,66871.65,226729.921,0.08845499999999999
2007-06-08,36.49,36.78,35.0,36.78,55985.66,201566.174,0.074055
2007-06-11,38.62,38.62,38.62,38.62,5165.28,19948.311,0.006832
2007-06-12,40.55,40.55,36.8,40.55,79406.72,318239.704,0.105035
2007-06-13,39.8,41.94,39.01,40.79,42467.26,170645.458,0.056174
2007-06-14,39.78,40.19,38.75,38.75,42817.17,167385.33,0.056636
2007-06-15,38.0,39.5,36.81,38.77,48431.21,183238.864,0.06406200000000001
2007-06-18,38.86,40.31,37.85,38.82,34223.07,133563.059,0.045269000000000004
2007-06-19,38.7,39.3,37.2,38.44,20007.41,76463.471,0.026465000000000002
2007-06-20,38.84,40.35,38.05,38.77,28611.75,112897.028,0.037846000000000005
2007-06-21,38.11,39.7,37.45,38.29,25727.02,97955.825,0.03403
2007-06-22,38.5,40.2,38.2,40.2,56780.29,226896.672,0.075106
2007-06-25,40.6,42.2,38.19,38.19,44832.28,181790.304,0.059302
2007-06-26,36.28,36.99,36.28,36.28,23652.83,85873.328,0.031286999999999995
2007-06-27,36.44,36.46,34.49,35.39,32368.64,114210.715,0.042816
2007-06-28,35.4,37.12,34.5,35.47,43490.46,156591.179,0.057527
2007-07-02,33.7,34.5,33.7,33.7,5687.0,19193.655,0.007522
2007-07-03,32.02,33.28,32.02,32.03,29119.4,93765.286,0.038518
2007-07-04,32.0,32.45,30.43,30.43,30706.49,94668.605,0.040617
2007-07-05,28.91,29.5,28.91,28.91,23765.02,68833.211,0.031435
2007-07-06,27.46,30.13,27.46,29.6,43832.25,122788.43,0.057979
2007-07-09,29.25,31.08,28.12,30.49,50681.23,149690.586,0.067039
2007-07-10,30.0,32.01,29.63,32.01,58916.01,186765.566,0.077931
2007-07-11,31.59,31.87,30.41,30.48,37783.35,115918.889,0.049977999999999995
2007-07-12,30.51,31.68,30.0,31.21,14773.86,45430.677,0.019542
2007-07-13,31.22,32.7,30.21,31.6,16347.41,51821.717,0.021623999999999997
2007-07-16,31.6,31.6,30.02,30.02,12063.85,36676.317,0.015957
2007-07-17,28.71,30.2,28.52,29.39,17480.94,50835.286,0.023123
2007-07-18,29.02,29.4,28.19,28.54,14277.73,41164.14,0.018886
2007-07-19,28.5,29.97,28.3,29.97,22331.54,66743.728,0.029539
2007-07-20,31.39,31.39,29.78,31.04,32651.42,100492.159,0.04319
2007-07-23,31.0,32.59,31.0,32.59,26134.11,84579.221,0.034569
2007-07-24,33.0,34.22,33.0,33.86,17951.14,61090.8,0.023745
2007-07-25,34.2,35.34,33.7,33.91,25111.41,86109.601,0.033216
2007-07-26,34.3,35.61,34.3,35.61,14902.61,52489.523,0.019712
2007-07-27,36.82,37.39,35.41,37.04,32966.11,121365.357,0.043606
2007-07-30,36.48,37.77,36.06,36.94,21487.06,79014.566,0.028422
2007-07-31,36.53,37.2,35.1,35.48,28388.55,101965.92,0.037551
2007-08-01,35.58,35.99,33.71,33.71,32590.55,112447.2,0.043109
2007-08-02,33.55,34.2,32.35,33.32,27734.73,92568.504,0.036686
2007-08-03,33.42,34.99,33.42,34.99,24768.15,84839.233,0.032762
2007-08-06,35.8,35.8,33.8,34.31,18264.61,63389.314,0.02416
2007-08-07,34.2,34.8,32.86,34.12,20382.13,68713.329,0.02696
2007-08-08,33.97,35.24,33.2,34.66,19148.36,65562.104,0.025329
2007-08-09,34.7,35.5,34.32,34.69,17686.72,61664.44,0.023395000000000003
2007-08-10,34.68,34.68,32.96,32.96,26323.05,87507.206,0.034819
2007-08-13,32.1,33.49,31.31,31.31,23750.7,75559.198,0.031416
2007-08-14,31.3,32.88,31.3,32.88,6737.31,21925.209,0.008912
2007-08-15,34.52,34.52,34.52,34.52,2457.46,8483.152,0.003251
2007-08-16,36.25,36.25,34.82,36.25,34008.27,122904.821,0.044984
2007-08-17,37.22,38.06,36.25,37.54,53808.34,202669.54,0.071175
2007-08-20,38.11,38.51,36.2,37.22,30424.42,113407.767,0.040244
2007-08-21,36.88,39.0,36.21,38.02,26849.34,102086.647,0.035515
2007-08-22,37.46,39.27,37.0,38.26,23393.07,89277.768,0.030943000000000002
2007-08-23,38.6,40.17,37.8,40.17,25600.42,100716.947,0.033863
2007-08-24,41.6,42.18,41.0,42.18,10450.77,43892.787,0.013824000000000001
2007-08-27,44.22,44.22,40.26,40.3,41982.38,175275.637,0.055532000000000005
2007-08-28,39.5,42.32,38.6,41.96,38271.44,158797.605,0.050624
2007-08-29,41.0,41.9,39.86,40.9,37313.31,151415.6,0.049356
2007-08-30,40.5,42.95,40.4,42.94,28705.1,121547.639,0.037970000000000004
2007-08-31,42.7,43.98,41.9,42.02,21696.29,92416.105,0.028699
2007-09-03,41.5,42.48,40.4,40.9,22892.29,94538.812,0.030281
2007-09-04,42.0,42.0,40.5,40.76,13339.13,54793.683,0.017644
2007-09-05,40.9,41.6,39.9,40.21,14610.46,59167.909,0.019326
2007-09-06,40.25,41.55,39.96,40.36,16317.07,66164.683,0.021583
2007-09-07,40.39,40.39,38.34,38.71,22440.84,87763.785,0.029684
2007-09-10,37.0,38.33,36.77,38.27,30479.01,113012.899,0.040316
2007-09-11,37.82,38.3,36.36,36.36,20238.54,75604.404,0.026771
2007-09-12,36.6,37.55,34.54,36.59,18425.78,65563.874,0.024373
2007-09-13,36.65,37.5,36.15,37.24,14132.21,51912.645,0.018693
2007-09-14,37.7,37.7,36.38,37.48,11882.41,43894.776,0.015717000000000002
2007-09-17,36.96,38.01,36.88,37.78,12767.98,48043.003,0.016889
2007-09-18,37.68,39.2,36.55,37.97,16638.88,62972.807,0.022008999999999997
2007-09-19,37.9,37.9,36.7,36.77,11862.08,43944.432,0.015691
2007-09-20,36.6,37.85,36.6,36.82,8945.01,33103.265,0.011832
2007-09-21,36.8,38.6,36.8,37.98,14111.32,53116.063,0.018666000000000002
2007-09-24,37.98,38.17,37.06,37.17,11647.2,43693.53,0.015406
2007-09-25,36.98,37.7,36.3,36.57,10403.75,38345.292,0.013762000000000002
2007-09-26,36.3,38.28,36.0,36.6,12867.83,48110.413,0.017020999999999998
2007-09-27,37.3,37.99,36.76,37.36,8621.36,32234.803,0.011404000000000001
2007-09-28,37.18,38.84,37.18,38.45,15340.16,58515.101,0.020291
2007-10-08,39.1,39.48,38.1,38.43,14490.56,56066.174,0.019167
2007-10-09,38.2,38.42,37.6,38.08,12342.0,46793.728,0.016325
2007-10-10,38.58,38.58,37.5,37.56,12431.12,47321.881,0.016443
2007-10-11,37.17,37.8,36.46,36.8,14514.62,53336.16,0.019199
2007-10-12,37.12,38.64,37.12,38.64,36925.38,141953.728,0.048843
2007-10-15,39.01,40.57,38.38,40.57,32837.83,131452.881,0.043436
2007-10-16,41.38,42.08,39.66,39.81,23727.34,96598.768,0.031385
2007-10-17,39.81,41.8,39.21,41.8,13467.55,55500.472,0.017814
2007-10-18,43.89,43.89,41.01,43.89,49557.85,217240.171,0.065553
2007-10-19,43.8,46.06,42.39,43.4,37120.32,165355.91,0.049101
2007-10-22,41.7,42.98,41.23,41.23,18231.02,75806.981,0.024115
2007-10-23,40.0,41.23,39.17,39.69,17799.86,70199.505,0.023544999999999996
2007-10-24,40.26,41.67,39.5,41.67,22941.74,95013.891,0.030346
2007-10-25,41.5,43.53,40.3,40.72,23120.98,96560.434,0.030583
2007-10-26,40.2,42.6,40.2,41.83,14471.49,60117.284,0.019142
2007-10-29,41.68,42.0,39.74,40.08,15191.83,60582.446,0.020095000000000002
2007-10-30,40.0,40.55,38.26,40.27,10897.33,43206.528,0.014414
2007-10-31,40.5,41.9,40.02,41.29,12051.59,49717.363,0.015941
2007-11-01,41.64,41.64,40.1,40.14,8187.26,33268.525,0.01083
2007-11-02,39.6,41.31,39.01,39.9,11456.99,46251.164,0.015155
2007-11-05,39.4,40.0,38.5,38.99,8919.92,34969.725,0.011798999999999999
2007-11-06,38.7,40.26,38.68,39.46,5672.43,22443.582,0.007502999999999999
2007-11-07,40.2,40.2,38.11,39.4,6781.47,26365.892,0.00897
2007-11-08,39.1,39.5,37.43,37.43,10303.98,39085.162,0.01363
2007-11-09,35.71,36.97,35.56,35.56,13657.84,48796.041,0.018066
2007-11-12,34.0,34.5,33.78,33.78,10726.37,36318.158,0.014188000000000001
2007-11-13,34.01,35.09,33.03,33.99,10077.31,34588.202,0.01333
2007-11-14,33.9,35.48,33.73,35.37,6213.43,21572.385,0.008218999999999999
2007-11-15,35.3,36.1,34.9,35.07,6279.25,22339.714,0.008306000000000001
2007-11-16,34.92,34.92,33.32,33.95,9913.15,33428.148,0.013113
2007-11-19,33.89,34.45,33.89,34.29,4177.05,14304.216,0.0055249999999999995
2007-11-20,34.25,36.0,34.2,36.0,8566.98,30190.811,0.011332
2007-11-21,36.0,36.0,34.79,34.8,5264.17,18642.693,0.0069630000000000004
2007-11-22,34.28,34.28,33.06,33.06,8554.46,28561.916,0.011314999999999999
2007-11-23,32.5,33.48,31.68,33.29,6111.63,19806.818,0.008084000000000001
2007-11-26,33.41,33.98,32.66,32.69,4669.1,15563.948,0.006176
2007-11-27,32.51,32.9,31.7,31.71,5997.52,19238.52,0.007933
2007-11-28,31.9,32.49,31.6,31.75,3110.26,9952.515,0.004114
2007-11-29,32.01,32.99,31.66,32.7,6770.32,21921.04,0.008955
2007-11-30,32.99,32.99,31.6,31.76,4542.14,14509.809,0.006008
2007-12-03,32.0,32.48,31.07,32.02,4540.89,14454.132,0.006006
2007-12-04,32.49,33.0,32.0,32.05,4790.34,15558.929,0.0063360000000000005
2007-12-05,32.4,33.65,31.83,33.65,7145.5,23791.699,0.009452
2007-12-06,34.0,35.25,33.2,34.18,9776.19,33648.227,0.012931
2007-12-07,34.18,35.85,34.18,35.51,6504.15,22815.813,0.008603
2007-12-10,34.65,36.1,34.44,35.97,10232.26,36302.502,0.013534999999999998
2007-12-11,36.1,37.47,35.96,36.99,10271.65,37991.078,0.013587
2007-12-12,37.04,38.84,36.8,38.84,5124.86,19687.097,0.0067789999999999994
2007-12-13,39.77,40.78,37.52,37.75,23988.45,94938.023,0.031730999999999995
2007-12-14,37.2,39.2,37.0,38.97,11657.09,44913.011,0.015419
2007-12-17,39.5,39.51,37.6,37.81,9175.35,35093.28,0.012137
2007-12-18,37.7,38.13,36.91,37.28,3926.24,14745.959,0.005193
2007-12-19,37.28,38.44,37.28,38.21,4558.8,17373.749,0.00603
2007-12-20,38.21,38.61,37.6,38.3,4048.52,15504.11,0.0053549999999999995
2007-12-21,37.8,39.6,37.8,39.58,6805.15,26305.353,0.009002
2007-12-24,39.88,41.48,39.11,39.64,8464.6,34126.663,0.011196999999999999
2007-12-25,39.68,39.7,38.66,38.96,5931.69,23176.452,0.007845999999999999
2007-12-26,38.98,40.08,38.7,39.9,5544.11,21874.737,0.007332999999999999
2007-12-27,40.0,40.4,39.0,40.08,8326.4,33141.485,0.011014
2007-12-28,40.15,42.08,39.8,41.7,15444.5,63499.238,0.020429
2008-01-02,40.81,41.55,40.33,40.6,9765.1,39761.989,0.012917000000000001
2008-01-03,40.31,40.73,39.52,39.79,9718.72,38838.645,0.012855
2008-01-04,40.5,40.91,39.8,40.27,7694.93,31122.105,0.010178
2008-01-07,40.3,40.78,39.48,39.5,11617.54,46450.438,0.015366999999999999
2008-01-08,40.0,40.3,39.32,39.44,10957.71,43620.376,0.014494
2008-01-09,39.41,41.41,39.4,41.41,11846.25,48276.672,0.01567
2008-01-10,42.43,42.43,41.2,41.27,11003.14,45978.66,0.014554000000000001
2008-01-11,41.25,41.35,40.58,40.6,8358.46,34108.999,0.011056
2008-01-14,40.6,41.21,40.41,40.81,8307.97,33860.849,0.010989
2008-01-15,40.82,42.58,40.62,42.1,14919.27,62356.825,0.019734
2008-01-16,41.95,41.95,40.43,40.64,8978.52,36731.337,0.011876
2008-01-17,40.16,41.16,38.61,39.15,13421.2,52757.468,0.017753
2008-01-18,38.13,39.84,38.13,39.41,7024.97,27392.58,0.009292
2008-01-21,39.2,39.79,37.44,37.44,8847.38,33907.259,0.011702999999999998
2008-01-22,36.0,36.57,35.57,35.57,10525.11,37475.575,0.013922
2008-01-23,33.92,35.7,33.79,34.88,15760.16,54088.679,0.020847
2008-01-24,34.88,36.08,34.15,35.35,7256.79,25582.604,0.009599
2008-01-25,35.2,36.0,34.2,35.5,7728.39,27169.763,0.010223
2008-01-28,35.3,35.4,33.73,33.73,6769.9,22927.102,0.008955
2008-01-29,32.31,33.5,32.04,32.41,12185.82,39408.213,0.016119
2008-01-30,32.98,33.38,31.3,31.92,6297.69,20370.662,0.008329999999999999
2008-01-31,31.49,32.17,30.32,30.32,18653.29,57271.44,0.024674
2008-02-01,30.02,30.5,28.8,28.89,12074.59,34999.971,0.015972
2008-02-04,30.31,30.33,29.19,30.33,5594.16,16864.779,0.0074
2008-02-05,31.0,31.85,30.8,31.85,11441.47,36239.335,0.015134000000000002
2008-02-13,31.6,31.6,30.26,30.39,7852.55,23944.738,0.010387
2008-02-14,30.71,31.5,30.49,31.04,4439.11,13771.852,0.0058720000000000005
2008-02-15,30.5,30.9,30.19,30.65,3950.67,12042.256,0.005226
2008-02-18,31.0,31.5,30.43,31.07,5992.56,18592.813,0.007927
2008-02-19,31.35,32.24,31.06,32.15,7557.6,24095.825,0.009997
2008-02-20,32.18,32.68,30.92,31.03,8459.69,26608.476,0.01119
2008-02-21,30.82,30.96,29.91,30.7,7560.93,22986.416,0.010001
2008-02-22,30.82,30.82,29.17,29.32,12895.76,37988.921,0.017058
2008-02-25,29.5,29.9,28.93,29.11,6857.67,20157.423,0.009071000000000001
2008-02-26,29.43,30.0,27.85,28.84,7160.52,20581.933,0.009472000000000001
2008-02-27,28.8,30.28,28.66,29.75,5434.87,16145.494,0.007189
2008-02-28,29.75,29.87,28.8,29.37,4363.85,12760.245,0.005772
2008-02-29,29.36,29.88,29.05,29.66,3610.24,10672.511,0.004775
2008-03-03,29.6,30.5,28.69,30.17,7420.53,22046.124,0.009816
2008-03-04,30.31,30.5,29.0,29.21,8321.91,24730.617,0.011008
2008-03-05,28.74,29.77,28.2,28.92,7246.46,20786.77,0.009585
2008-03-06,28.8,29.82,28.01,29.51,8691.41,25334.512,0.011497
2008-03-07,29.4,29.4,28.65,28.85,3602.43,10439.009,0.004765
2008-03-10,28.8,28.8,27.7,27.85,6442.99,18064.341,0.008522
2008-03-11,27.68,27.7,26.6,27.5,6191.55,16802.297,0.00819
2008-03-12,27.67,28.3,26.6,26.65,4616.34,12571.862,0.006106
2008-03-13,26.3,26.6,25.32,25.32,9685.06,24682.586,0.012811
2008-03-14,25.18,25.58,24.05,24.08,13239.36,31956.178,0.017512
2008-03-17,24.0,24.2,22.88,22.88,8908.77,20806.386,0.011784
2008-03-18,21.74,22.0,21.74,21.74,6243.07,13576.018,0.008258
2008-03-19,21.03,21.94,20.65,21.28,16933.84,35724.833,0.022399
2008-03-20,21.0,21.98,20.22,21.41,16974.26,35001.233,0.022452999999999997
2008-03-21,22.01,22.38,21.45,22.18,9713.89,21349.451,0.012849
2008-03-24,22.39,22.6,21.07,21.07,9043.29,19595.592,0.011961999999999999
2008-03-25,20.48,20.48,20.02,20.1,12268.47,24678.747,0.016228
2008-03-26,20.08,21.11,20.08,21.11,6413.41,13427.985,0.008483000000000001
2008-03-27,21.31,22.15,20.79,21.15,18854.47,40686.209,0.024940000000000004
2008-03-28,21.25,21.83,20.09,21.58,11184.97,23240.882,0.014795
2008-03-31,21.0,21.2,20.5,20.5,6654.41,13760.371,0.008801999999999999
2008-04-01,20.1,20.49,19.48,19.48,4549.0,8910.525,0.006017
2008-04-02,19.28,19.48,18.51,18.51,9187.35,17107.856,0.012153
2008-04-03,17.58,17.9,17.58,17.58,14783.32,26017.965,0.019555
2008-04-07,17.01,18.46,16.7,18.46,13871.75,24822.507,0.018349
2008-04-08,19.38,19.38,19.38,19.38,2671.45,5177.27,0.003534
2008-04-09,19.4,19.9,18.42,18.44,18377.08,35455.436,0.024308
2008-04-10,18.0,19.2,17.87,19.11,11227.19,20921.24,0.014851000000000001
2008-04-11,19.49,19.52,18.87,19.14,5724.6,11010.739,0.007572
2008-04-14,19.1,19.1,18.18,18.18,4485.3,8219.355,0.005933000000000001
2008-04-15,17.36,18.59,17.27,18.42,11054.77,19331.608,0.014622999999999999
2008-04-16,18.45,18.45,17.58,17.76,6009.94,10694.433,0.00795
2008-04-17,17.5,17.88,16.87,16.87,8179.8,13978.988,0.010820000000000001
2008-04-18,16.5,16.5,16.03,16.03,8467.27,13592.89,0.011200000000000002
2008-04-21,16.83,16.83,15.8,16.05,19188.45,31958.48,0.025382
2008-04-22,15.5,16.0,15.25,15.39,15826.81,24258.365,0.020935000000000002
2008-04-23,15.11,16.16,15.05,16.16,16127.49,25833.998,0.021333
2008-04-24,16.97,16.97,16.97,16.97,2421.91,4109.981,0.0032040000000000003
2008-04-25,17.82,17.82,17.82,17.82,868.63,1547.899,0.001149
2008-04-28,18.71,18.71,18.71,18.71,658.11,1231.324,0.0008709999999999999
2008-04-29,19.65,19.65,19.0,19.65,30845.18,60480.774,0.040801
2008-04-30,20.52,20.63,20.3,20.63,12563.26,25791.312,0.016618
2008-05-05,21.66,21.66,21.0,21.66,6257.18,13544.837,0.008277
2008-05-06,22.74,22.74,22.74,22.74,2281.48,5188.086,0.0030180000000000003
2008-05-07,23.88,23.88,22.54,23.4,35026.97,83198.216,0.046332000000000005
2008-05-08,23.9,24.57,23.4,24.57,8510.88,20778.691,0.011257999999999999
2008-05-09,25.7,25.7,23.34,23.46,56497.07,136358.116,0.074732
2008-05-12,22.3,23.82,22.29,22.86,29596.11,67539.138,0.039148
2008-05-15,23.0,23.8,22.39,22.4,16587.85,38304.927,0.021942
2008-05-16,22.12,23.2,21.28,22.7,21831.2,48284.927,0.028877
2008-05-19,22.31,22.56,21.8,22.1,9252.93,20451.449,0.012239
2008-05-20,21.9,22.34,21.0,21.0,11350.26,24335.376,0.015014000000000001
2008-05-21,19.98,21.28,19.95,20.75,19613.63,39493.514,0.025944
2008-05-22,20.3,21.79,20.03,21.79,15063.5,32625.937,0.019925
2008-05-23,22.11,22.35,20.7,21.39,19499.41,42131.61,0.025793
2008-05-26,21.0,21.0,20.32,20.32,12924.07,26316.66,0.017095
2008-05-27,19.55,20.99,19.55,20.59,9960.37,20436.004,0.013175
2008-05-28,20.4,21.62,19.8,21.62,12198.05,25622.218,0.016135
2008-05-29,21.62,22.08,20.6,20.63,9462.74,20211.912,0.012517
2008-05-30,20.1,21.66,20.1,21.66,19916.42,42522.563,0.026344
2008-06-02,21.6,21.98,21.0,21.42,14950.07,32199.881,0.019775
2008-06-03,21.2,22.49,21.2,22.49,14284.97,31305.58,0.018895
2008-06-04,22.3,23.61,22.1,23.6,39648.75,93226.722,0.052445000000000006
2008-06-05,23.48,24.68,23.2,23.43,26286.61,63000.63,0.034771
2008-06-06,23.2,23.5,22.26,22.26,18500.86,42073.328,0.024472
2008-06-10,21.16,21.61,21.15,21.15,5603.3,11858.083,0.007411999999999999
2008-06-11,20.09,21.48,20.09,20.11,25156.21,51282.789,0.033275
2008-06-12,20.0,20.11,19.1,19.1,16927.4,32473.903,0.022391
2008-06-13,18.81,19.49,18.15,18.15,10931.86,20161.775,0.014459999999999999
2008-06-16,17.6,17.99,17.24,17.24,11676.14,20323.49,0.015445
2008-06-17,16.6,17.5,16.38,16.38,5394.0,8954.589,0.007135
2008-06-18,15.61,17.2,15.56,17.2,17923.33,29467.268,0.023708
2008-06-19,16.8,17.42,16.34,16.34,9880.66,16599.221,0.01307
2008-06-20,16.36,17.16,16.36,17.09,15359.93,26239.123,0.020316999999999998
2008-06-23,16.9,16.98,16.24,16.24,12468.73,20488.559,0.016493
2008-06-24,16.0,17.05,16.0,17.05,8700.87,14527.624,0.011509
2008-06-25,17.32,17.9,17.31,17.9,6577.22,11745.359,0.0087
2008-06-26,18.51,18.8,18.01,18.53,17829.85,32900.927,0.023584
2008-06-27,17.84,18.22,17.6,17.6,9936.64,17649.75,0.013144
2008-07-01,17.49,17.6,16.72,16.72,8887.51,14959.396,0.011755999999999999
2008-07-02,16.5,16.94,16.0,16.3,6122.88,10060.745,0.008099
2008-07-03,15.9,17.11,15.62,16.78,9383.93,15522.405,0.012413
2008-07-04,16.6,17.11,16.6,17.02,5677.62,9603.529,0.00751
2008-07-07,17.2,17.87,16.8,17.87,11340.4,20116.695,0.015001
2008-07-08,17.87,18.18,17.35,17.77,7371.86,13060.005,0.009751
2008-07-09,18.04,18.4,17.72,18.39,11266.75,20454.95,0.014903
2008-07-10,17.98,18.55,17.49,17.52,11082.93,20174.588,0.01466
2008-07-11,17.52,18.4,16.82,18.4,12866.48,22688.799,0.017019
2008-07-14,18.0,18.71,17.52,18.2,9590.0,17499.231,0.012685
2008-07-15,18.45,18.45,17.29,17.29,10271.9,18036.809,0.013587
2008-07-16,16.95,17.1,16.43,16.55,5951.5,9919.932,0.007872
2008-07-17,16.51,16.98,15.8,15.93,12535.7,20385.139,0.016582
2008-07-18,16.18,16.66,15.78,16.52,7724.71,12491.325,0.010218
2008-07-21,16.19,17.07,16.0,16.99,8083.99,13485.987,0.010693
2008-07-22,16.96,17.5,16.95,17.02,7083.55,12147.049,0.00937
2008-07-23,17.02,17.3,16.66,16.7,6573.33,11095.9,0.008695000000000001
2008-07-24,16.98,17.54,16.98,17.54,15262.0,26723.214,0.020188
2008-07-25,17.4,17.56,17.15,17.33,9693.68,16835.746,0.012822
2008-07-28,17.22,17.7,17.22,17.5,7787.93,13570.214,0.010301
2008-07-29,17.4,17.4,16.73,16.93,6600.42,11147.817,0.008731
2008-07-30,17.05,17.18,16.63,16.71,5800.38,9755.2,0.007672
2008-07-31,16.69,16.87,15.92,15.94,5483.9,8888.289,0.007254
2008-08-01,15.89,16.74,15.82,16.74,8755.08,14487.794,0.011581
2008-08-04,17.16,17.57,16.81,17.57,22434.94,39116.317,0.029676
2008-08-05,17.38,17.38,16.69,16.69,12862.0,21555.74,0.017013
2008-08-06,16.51,16.79,15.95,16.28,7400.33,12107.614,0.009788999999999999
2008-08-07,16.29,16.59,15.83,16.18,6338.91,10196.286,0.008385
2008-08-08,16.11,16.2,15.37,15.37,6218.63,9746.192,0.008226
2008-08-11,15.1,15.14,14.6,14.6,4704.0,6890.957,0.006222
2008-08-12,13.87,14.0,13.87,13.87,6845.9,9503.923,0.009055
2008-08-13,13.22,13.97,13.18,13.42,7534.64,10005.268,0.009966000000000001
2008-08-14,13.28,13.78,13.13,13.45,3790.48,5100.143,0.005013999999999999
2008-08-15,13.3,13.69,13.21,13.37,3479.05,4692.911,0.004602
2008-08-18,13.37,13.42,12.7,12.7,4355.42,5612.136,0.005761
2008-08-19,12.07,12.29,12.07,12.07,10055.73,12158.602,0.013301
2008-08-20,11.52,12.67,11.52,12.67,9845.65,12249.818,0.013023
2008-08-21,13.25,13.3,12.7,13.28,30387.95,40273.034,0.040195999999999996
2008-08-22,12.8,13.2,12.62,12.75,18444.2,23450.575,0.024397000000000002
2008-08-25,12.55,12.77,12.11,12.15,7279.5,9022.726,0.009629
2008-08-26,11.99,12.76,11.6,11.88,9824.2,12045.562,0.012995000000000001
2008-08-27,11.8,12.47,11.6,12.24,9121.06,11098.599,0.012065
2008-08-28,12.3,12.49,12.04,12.29,5476.99,6731.769,0.007245000000000001
2008-08-29,12.35,12.85,12.05,12.59,9187.94,11445.23,0.012153
2008-09-01,12.4,12.4,11.96,11.96,6553.42,7897.327,0.008669
2008-09-02,11.9,12.16,11.73,11.92,4015.6,4805.419,0.005312
2008-09-03,11.58,11.98,11.47,11.7,6127.01,7160.083,0.008105
2008-09-04,11.53,11.94,11.53,11.77,5339.59,6274.905,0.007063000000000001
2008-09-05,11.4,11.57,11.18,11.18,7412.49,8358.774,0.009805000000000001
2008-09-08,11.0,11.4,10.62,10.62,8395.51,9140.656,0.011105
2008-09-09,10.62,10.62,10.09,10.09,10027.66,10210.373,0.013264
2008-09-10,10.34,10.59,10.03,10.46,12695.18,13368.611,0.016793
2008-09-11,10.21,10.34,9.97,10.14,9953.27,10079.46,0.013166
2008-09-16,9.99,9.99,9.63,9.63,8623.0,8325.477,0.011406000000000001
2008-09-17,9.5,9.69,9.15,9.15,8140.41,7576.882,0.010768
2008-09-18,8.99,9.1,8.69,8.69,11952.29,10439.69,0.01581
2008-09-19,9.12,9.12,9.12,9.12,644.65,587.921,0.000853
2008-09-22,9.58,9.58,9.58,9.58,2728.59,2613.989,0.003609
2008-09-23,10.06,10.06,9.95,10.06,24616.87,24752.839,0.032562
2008-09-24,10.49,10.55,9.7,10.21,26149.79,26148.624,0.03459
2008-09-25,10.5,10.72,10.3,10.72,26711.1,28485.307,0.035332
2008-09-26,11.0,11.26,10.65,11.26,22412.02,24475.4,0.029646
2008-10-06,10.88,11.82,10.7,11.65,25591.56,28821.166,0.033851
2008-10-07,11.07,11.18,11.07,11.07,12200.63,13516.705,0.016138
2008-10-08,10.53,10.69,10.52,10.52,6535.86,6883.656,0.008645
2008-10-10,9.99,9.99,9.99,9.99,2856.0,2853.144,0.003778
2008-10-13,9.52,10.49,9.49,10.48,14605.56,14344.383,0.01932
2008-10-14,10.56,10.75,9.96,9.96,14138.1,14818.445,0.018701000000000002
2008-10-15,9.46,9.77,9.46,9.46,6912.85,6573.29,0.009144
2008-10-16,8.99,9.25,8.99,8.99,8808.01,7932.434,0.011651
2008-10-17,8.78,9.15,8.78,8.96,5088.69,4599.415,0.006731
2008-10-20,8.76,9.41,8.58,9.38,7462.91,6820.677,0.009871999999999999
2008-10-21,9.35,9.52,9.13,9.14,6893.59,6422.864,0.009119
2008-10-22,9.0,9.2,8.8,8.86,3781.41,3399.803,0.0050019999999999995
2008-10-23,8.61,9.18,8.58,9.09,5270.84,4677.984,0.006972000000000001
2008-10-24,9.09,9.18,8.68,8.82,4574.33,4057.958,0.006051
2008-10-27,8.6,8.6,8.38,8.38,6489.67,5460.979,0.008584000000000001
2008-10-28,7.98,8.68,7.96,8.44,13352.72,10983.913,0.017662
2008-10-29,8.6,8.6,8.02,8.02,7697.71,6333.998,0.010182
2008-10-30,8.25,8.25,7.8,7.95,7077.24,5659.284,0.009361000000000001
2008-10-31,7.9,7.96,7.55,7.56,7337.25,5629.773,0.009705
2008-11-03,7.24,7.43,7.18,7.18,6915.34,5011.061,0.009146999999999999
2008-11-04,6.9,7.16,6.82,6.82,10104.22,6922.314,0.013365
2008-11-05,6.98,7.16,6.85,7.0,11769.97,8304.504,0.015569
2008-11-06,6.88,7.05,6.65,6.8,7152.19,4837.682,0.009461
2008-11-07,6.7,7.07,6.6,6.96,6816.48,4695.04,0.009016999999999999
2008-11-10,7.13,7.31,7.13,7.31,8310.99,6054.9,0.010993
2008-11-11,7.6,7.67,7.3,7.34,14225.81,10698.258,0.018817
2008-11-12,7.28,7.7,7.21,7.69,9416.07,7078.407,0.012455
2008-11-13,7.54,8.07,7.44,8.01,13454.17,10566.146,0.017797
2008-11-14,8.02,8.37,7.85,8.35,15885.04,12868.317,0.021012
2008-11-17,8.2,8.53,8.15,8.52,15255.88,12763.095,0.020179999999999997
2008-11-18,8.48,8.9,8.09,8.09,19322.79,16276.305,0.025559
2008-11-19,8.49,8.49,8.49,8.49,5024.33,4265.656,0.006646
2008-11-20,8.91,8.91,8.91,8.91,5702.69,5081.097,0.007542999999999999
2008-11-21,8.96,9.36,8.71,9.36,42225.51,39046.726,0.055854
2008-11-24,9.59,9.8,9.3,9.31,22210.32,21130.792,0.029379
2008-11-25,9.43,9.78,9.21,9.78,13760.67,13252.136,0.018202
2008-11-26,10.27,10.27,10.27,10.27,700.68,719.598,0.0009270000000000001
2008-11-27,10.78,10.78,10.5,10.78,16141.07,17366.928,0.021351
2008-11-28,10.9,11.31,10.24,10.24,35060.98,37983.575,0.046376999999999995
2008-12-01,9.73,9.73,9.73,9.73,2782.0,2706.886,0.00368
2008-12-02,9.24,10.18,9.24,9.67,33108.32,31658.893,0.04379400000000001
2008-12-03,9.83,9.95,9.62,9.89,18262.42,17915.94,0.024157
2008-12-04,10.06,10.38,9.81,10.38,13697.71,14068.943,0.018119
2008-12-05,10.4,10.75,10.15,10.65,16652.41,17498.874,0.022027
2008-12-08,10.95,11.14,10.6,11.01,15531.93,16923.95,0.020545
2008-12-09,11.0,11.36,10.75,10.82,16084.72,17754.186,0.021276000000000003
2008-12-10,10.71,11.36,10.71,11.36,15069.86,16658.103,0.019934
2008-12-12,10.79,11.19,10.79,10.79,17667.74,19225.148,0.023370000000000002
2008-12-15,10.71,10.92,10.25,10.29,20605.68,21564.588,0.027256
2008-12-16,10.27,10.69,9.89,10.6,11592.47,11879.56,0.015334
2008-12-17,10.55,10.8,10.41,10.47,10305.5,10928.683,0.013632
2008-12-18,10.45,10.59,10.3,10.51,7604.67,7958.924,0.010059
2008-12-19,10.52,10.93,10.31,10.6,10798.93,11585.021,0.014283999999999998
2008-12-22,10.66,11.13,10.66,11.13,8636.38,9510.084,0.011424
2008-12-23,11.45,11.69,11.25,11.51,48378.17,56320.532,0.06399200000000001
2008-12-24,11.51,12.08,10.93,12.06,30187.47,35093.773,0.039931
2008-12-25,12.09,12.61,11.46,11.63,21325.76,25642.237,0.028208999999999998
2008-12-26,11.37,11.69,11.11,11.22,12052.04,13708.856,0.015942
2008-12-30,11.0,11.53,10.89,11.27,7889.34,8868.086,0.010436
2008-12-31,11.4,11.4,10.71,10.71,7889.0,8664.663,0.010435000000000002
2009-01-05,10.98,11.08,10.6,10.94,10378.76,11180.333,0.013729
2009-01-06,10.97,11.35,10.72,11.24,13439.19,14926.147,0.017777
2009-01-07,11.21,11.8,11.21,11.8,33303.97,39089.555,0.044053
2009-01-08,11.66,12.39,11.5,12.23,33865.9,41492.745,0.044795999999999996
2009-01-09,12.18,12.68,12.11,12.32,14212.33,17606.219,0.018799
2009-01-12,12.55,12.6,12.2,12.32,10412.09,12913.721,0.013773
2009-01-13,12.18,12.29,11.7,11.74,13096.25,15583.864,0.017322999999999998
2009-01-14,11.72,12.33,11.5,12.33,11693.89,14163.692,0.015467999999999999
2009-01-15,12.2,12.95,12.2,12.46,18234.17,23191.979,0.024119
2009-01-16,12.8,13.04,12.58,12.75,10215.11,13131.098,0.013512
2009-01-19,12.72,12.88,12.37,12.61,8628.71,10834.867,0.011414
2009-01-20,12.6,12.96,12.46,12.89,4938.22,6276.515,0.006532
2009-01-21,12.56,13.19,12.56,13.08,8344.56,10868.031,0.011038
2009-01-22,13.2,13.65,13.08,13.29,6859.58,9171.054,0.009074
2009-01-23,13.5,13.93,13.22,13.8,12340.13,16967.271,0.016323
2009-02-02,13.8,14.49,13.7,14.47,11822.48,16736.434,0.015638
2009-02-03,14.46,14.84,13.9,14.41,17082.97,24560.12,0.022597
2009-02-04,14.28,14.6,14.15,14.45,15069.43,21682.741,0.019933
2009-02-05,14.4,15.14,14.22,14.88,16988.36,24996.004,0.022471
2009-02-06,14.97,15.5,14.8,15.42,13479.6,20551.951,0.01783
2009-02-09,15.5,15.7,15.13,15.28,20708.67,31698.694,0.027392
2009-02-10,15.2,15.35,14.9,15.2,15968.0,24078.454,0.021122000000000002
2009-02-11,15.05,15.9,14.88,15.41,20656.94,31779.923,0.027324
2009-02-12,15.5,15.5,14.7,15.42,15670.15,23664.142,0.020728
2009-02-13,15.21,15.67,15.06,15.63,16267.28,25050.951,0.021518000000000002
2009-02-16,15.7,16.18,15.51,16.06,18124.41,28708.686,0.023974000000000002
2009-02-17,15.9,15.99,15.26,15.26,20017.91,30914.536,0.026479
2009-02-18,14.78,14.78,14.5,14.5,6897.0,10007.7,0.009123
2009-02-19,13.78,14.68,13.78,13.98,37300.51,51998.914,0.049339
2009-02-20,14.0,14.18,13.4,13.99,19703.31,27195.187,0.026063
2009-02-23,14.01,14.65,13.8,14.6,18145.09,25987.972,0.024001
2009-02-24,14.49,14.5,13.87,13.87,21402.64,30085.334,0.02831
2009-02-25,13.9,14.56,13.7,14.56,20370.73,29041.726,0.026945
2009-02-26,14.59,15.29,13.83,13.83,30982.67,46118.553,0.040982000000000005
2009-02-27,13.15,13.57,13.14,13.14,23059.93,30444.545,0.030503
2009-03-02,12.81,13.3,12.8,13.19,8291.77,10846.445,0.010968
2009-03-03,12.9,13.18,12.58,12.97,7049.19,9065.691,0.009324
2009-03-04,13.1,13.62,13.1,13.62,5705.75,7705.966,0.007547000000000001
2009-03-05,14.3,14.3,13.77,14.3,38187.47,54265.248,0.050513
2009-03-06,13.97,14.96,13.83,14.74,23635.18,34698.468,0.031263
2009-03-09,14.78,14.94,14.0,14.0,18284.5,26176.809,0.024186
2009-03-10,13.9,14.4,13.9,14.34,8623.62,12182.622,0.011407
2009-03-11,14.51,14.85,14.26,14.29,13534.66,19682.53,0.017903
2009-03-12,14.21,14.8,14.03,14.55,10740.14,15548.787,0.014207000000000001
2009-03-13,14.69,14.7,14.33,14.44,8205.33,11907.652,0.010853999999999999
2009-03-16,14.47,14.8,14.24,14.78,8280.4,12071.247,0.010953
2009-03-17,14.75,15.43,14.63,15.3,15064.35,22815.617,0.019926
2009-03-18,15.52,15.52,15.04,15.16,15012.93,22892.28,0.019858
2009-03-19,15.29,15.38,15.04,15.34,9971.38,15182.559,0.01319
2009-03-20,15.34,16.11,15.11,15.95,21167.26,33167.378,0.027999
2009-03-23,15.95,16.65,15.7,16.59,21326.92,34834.802,0.028210000000000002
2009-03-24,16.65,16.65,16.12,16.17,17975.0,29454.196,0.023776000000000002
2009-03-25,16.18,16.29,15.81,15.82,12678.01,20463.909,0.01677
2009-03-26,15.75,16.07,15.35,15.99,13821.53,21762.567,0.018282
2009-03-27,16.06,16.6,15.83,16.23,10356.78,16840.553,0.013699
2009-03-30,16.23,16.95,16.15,16.8,15524.25,25991.685,0.020535
2009-03-31,15.96,16.7,15.96,16.47,27853.63,45049.968,0.036843
2009-04-01,16.4,16.78,16.37,16.58,15385.2,25500.032,0.020350999999999998
2009-04-02,16.62,17.41,16.58,17.14,28924.81,49375.903,0.03826
2009-04-03,17.2,18.0,17.15,18.0,34501.78,61372.268,0.045637
2009-04-07,18.1,18.9,18.05,18.9,22444.86,42247.972,0.029689
2009-04-08,19.3,19.77,17.96,17.96,44495.37,84347.209,0.058856
2009-04-09,18.15,18.86,17.91,18.86,10503.12,19437.534,0.013892999999999999
2009-04-10,19.8,19.8,19.8,19.8,4453.39,8817.712,0.0058909999999999995
2009-04-13,20.79,20.79,20.5,20.79,14830.41,30801.727,0.019617
2009-04-14,21.8,21.83,21.0,21.83,47095.99,101713.213,0.062296
2009-04-15,21.7,21.7,20.74,20.74,49711.05,104349.55,0.065755
2009-04-16,20.82,21.55,19.7,20.38,31965.17,65649.966,0.042282
2009-04-17,20.0,21.25,20.0,21.02,25255.32,52538.516,0.033407
2009-04-20,20.76,22.0,20.76,21.79,23213.79,50219.262,0.030706
2009-04-21,21.45,22.2,21.1,21.8,21928.58,47533.956,0.029005999999999997
2009-04-22,21.69,22.89,21.0,21.76,68372.32,153572.483,0.09044
2009-04-23,21.1,21.48,20.67,20.67,42357.4,87801.086,0.056028
2009-04-24,20.7,21.2,19.64,19.76,30084.47,60500.768,0.039794
2009-04-27,19.8,19.85,18.77,18.77,20003.49,37805.019,0.026459999999999997
2009-04-28,18.89,19.28,18.42,19.25,13343.24,25240.66,0.01765
2009-04-29,19.0,20.18,19.0,19.89,18271.77,36205.359,0.024169
2009-04-30,19.9,20.14,19.25,19.73,16980.54,33426.203,0.022461000000000002
2009-05-04,19.61,20.68,19.47,20.53,18178.56,36627.095,0.024045999999999998
2009-05-05,20.59,21.35,20.26,20.81,18743.47,38826.84,0.024793
2009-05-06,21.58,21.58,20.63,20.94,11089.16,23161.476,0.014668
2009-05-07,20.98,20.99,19.98,20.0,22658.76,46412.47,0.029972
2009-05-08,20.0,20.4,19.7,20.37,13264.22,26622.656,0.017544999999999998
2009-05-11,20.55,20.95,19.35,19.35,16879.49,34162.762,0.022327
2009-05-12,19.1,19.59,18.78,19.52,15532.97,29670.435,0.020546000000000002
2009-05-13,19.56,20.1,19.1,19.72,14992.35,29388.43,0.019831
2009-05-14,19.49,19.72,19.16,19.45,11608.18,22533.46,0.015355
2009-05-15,19.5,19.75,19.31,19.45,6081.3,11874.308,0.008044
2009-05-18,19.35,19.75,18.75,19.58,12395.4,23942.021,0.016396
2009-05-19,19.74,20.3,19.46,20.0,14917.61,29871.132,0.019732
2009-05-20,20.03,20.56,19.82,20.14,14326.34,28987.932,0.01895
2009-05-21,20.54,20.55,19.81,19.95,14147.58,28442.982,0.018713999999999998
2009-05-25,18.95,19.7,18.95,19.49,23771.84,45518.547,0.031444
2009-05-26,19.56,19.63,19.02,19.15,13677.59,26452.054,0.018092
2009-05-27,19.2,19.38,18.83,19.22,9835.4,18794.646,0.013009999999999999
2009-06-01,19.28,19.85,19.28,19.46,12282.08,24062.228,0.016246
2009-06-02,19.6,19.6,19.3,19.38,7692.28,14951.638,0.010175
2009-06-03,19.49,20.1,19.31,19.95,13532.9,26697.087,0.017901
2009-06-04,19.95,20.95,19.75,20.95,43788.98,91424.049,0.057922
2009-06-05,20.89,21.45,20.42,20.5,22726.64,47470.058,0.030062000000000002
2009-06-08,20.7,20.83,20.28,20.62,12417.64,25533.288,0.016425000000000002
2009-06-09,20.9,21.27,20.56,21.13,16176.95,33839.214,0.021398
2009-06-10,21.03,21.28,20.42,20.48,19541.87,40629.648,0.025849
2009-06-11,20.35,21.11,20.35,20.53,13767.16,28557.438,0.018210999999999998
2009-06-12,20.75,21.56,20.41,21.56,40995.65,86930.92,0.054227
2009-06-15,22.34,22.64,21.81,22.64,23561.57,52954.471,0.031166
2009-06-16,23.2,23.77,23.0,23.77,35327.51,83675.063,0.04673
2009-06-17,24.5,24.96,23.0,23.71,57475.77,138074.19,0.076026
2009-06-18,23.2,24.9,23.11,24.21,37555.98,90852.708,0.049677
2009-06-19,23.8,24.86,23.6,23.71,31137.42,75582.186,0.041186999999999994
2009-06-22,24.0,24.4,22.6,22.82,29914.36,69682.828,0.039569
2009-06-23,22.6,23.96,22.39,23.96,28219.83,67051.595,0.037328
2009-06-24,24.19,25.16,24.08,24.36,28716.07,70868.136,0.037984
2009-06-25,24.99,24.99,23.9,24.18,14766.73,35774.213,0.019533000000000002
2009-06-26,23.8,24.3,23.62,23.8,10652.88,25402.112,0.014091
2009-06-29,23.9,24.44,23.65,24.14,11826.44,28355.625,0.015643
2009-06-30,24.14,24.29,23.5,23.72,11038.13,26243.27,0.014601
2009-07-01,24.44,24.44,23.36,24.15,12826.82,30770.397,0.016967
2009-07-02,24.2,24.49,23.7,24.0,13845.99,33358.862,0.018314999999999998
2009-07-03,23.8,24.46,23.65,24.22,15342.7,36832.073,0.020295
2009-07-06,24.05,25.43,24.05,25.43,40438.82,102358.078,0.053491
2009-07-07,25.3,25.84,24.78,24.88,28303.47,71522.287,0.037438
2009-07-08,24.88,26.11,24.66,25.79,21356.72,53904.831,0.02825
2009-07-09,25.65,26.48,25.59,25.85,20388.51,52945.75,0.026969
2009-07-10,25.85,26.3,25.58,25.79,15210.43,39384.18,0.02012
2009-07-13,25.63,26.05,25.38,25.45,16924.86,43310.042,0.022387
2009-07-14,25.34,25.79,25.3,25.7,19384.19,49502.241,0.02564
2009-07-15,26.15,26.15,24.97,25.0,32510.94,82168.623,0.043004
2009-07-16,25.01,25.09,24.4,24.4,32466.41,80063.168,0.042945000000000004
2009-07-17,24.49,24.98,24.4,24.8,13525.09,33546.738,0.01789
2009-07-20,24.78,25.23,24.58,24.84,17333.62,43130.487,0.022928
2009-07-21,24.85,25.42,24.79,24.86,22725.65,57052.579,0.030059999999999996
2009-07-22,24.96,25.15,24.81,25.04,14902.35,37221.053,0.019712
2009-07-23,25.03,25.5,24.87,25.34,19120.05,48298.506,0.025291
2009-07-24,25.3,26.36,25.22,25.63,23602.36,60873.719,0.031219999999999998
2009-07-27,26.0,26.3,25.5,25.77,19131.07,49398.307,0.025306000000000002
2009-07-28,25.75,25.75,24.99,25.48,21264.21,53769.678,0.028127
2009-07-29,25.1,25.88,24.21,24.21,26629.26,66398.931,0.035224000000000005
2009-07-30,24.4,24.66,23.0,23.82,23445.63,55484.548,0.031013000000000002
2009-07-31,24.06,24.58,23.7,24.54,16974.47,41005.639,0.022452999999999997
2009-08-03,24.24,25.77,24.24,25.77,29325.39,74193.07,0.03879
2009-08-04,26.05,26.19,25.17,25.37,15715.72,40059.727,0.020788
2009-08-05,25.37,25.55,24.61,25.02,13121.49,32855.188,0.017356
2009-08-06,24.81,25.06,24.03,24.59,13103.94,32313.014,0.017333
2009-08-07,24.64,25.37,24.5,24.68,14526.61,36259.127,0.019215
2009-08-10,24.65,24.89,23.46,23.89,16200.15,39091.285,0.021429
2009-08-11,24.48,24.48,23.67,23.89,8072.79,19340.411,0.010678
2009-08-12,23.89,23.89,22.7,22.7,14990.64,34609.335,0.019829
2009-08-13,22.7,22.79,21.9,22.45,12715.49,28429.914,0.016819
2009-08-14,22.47,22.69,21.6,21.86,10899.23,24025.98,0.014417
2009-08-17,21.75,21.75,20.77,20.77,10915.15,22930.612,0.014438
2009-08-18,19.88,20.38,19.73,19.9,18836.99,37324.003,0.024916999999999998
2009-08-19,19.9,19.97,18.91,18.91,11646.29,22359.243,0.015405
2009-08-20,19.05,19.6,18.68,19.49,11814.25,22637.407,0.015627
2009-08-21,19.45,19.78,19.11,19.64,10398.26,20231.599,0.013753999999999999
2009-08-24,19.64,20.18,19.64,20.03,10994.7,21888.21,0.014542999999999999
2009-08-25,19.99,19.99,19.03,19.07,15460.7,29706.053,0.020451
2009-08-26,19.2,19.97,19.07,19.66,14844.84,29195.491,0.019636
2009-08-27,19.69,20.47,19.5,19.89,12609.67,25308.874,0.016679
2009-08-28,19.82,20.14,18.9,19.05,20417.74,39316.373,0.027008
2009-08-31,18.94,18.94,18.1,18.1,10777.0,19557.841,0.014255
2009-09-01,17.24,17.7,17.2,17.2,15596.56,27050.212,0.020630000000000003
2009-09-02,17.68,17.68,16.47,17.0,9874.33,16727.876,0.013061
2009-09-03,16.92,17.85,16.92,17.85,12856.01,22558.476,0.017005
2009-09-04,18.0,18.5,17.88,18.47,13881.25,25343.033,0.018361000000000002
2009-09-07,18.51,19.3,18.47,18.69,11606.95,21900.84,0.015353
2009-09-08,18.6,18.97,18.21,18.85,11336.46,21209.882,0.014995000000000001
2009-09-09,19.0,19.44,18.64,19.01,11463.23,21852.606,0.015163
2009-09-10,18.8,18.93,18.5,18.61,9531.85,17806.798,0.012608
2009-09-11,18.58,19.22,18.58,18.96,10248.2,19500.107,0.013555999999999999
2009-09-14,19.03,19.8,18.96,19.78,11814.17,22921.579,0.015627
2009-09-15,19.78,19.91,19.43,19.61,9849.25,19329.775,0.013028
2009-09-16,19.53,19.53,18.88,19.25,11658.49,22321.423,0.015421
2009-09-17,19.43,19.8,19.26,19.59,10759.36,21066.156,0.014232
2009-09-18,19.62,20.26,19.05,19.25,11722.01,23180.812,0.015505
2009-09-21,19.23,19.23,18.29,18.83,16441.26,30437.301,0.021748
2009-09-22,18.87,18.98,18.01,18.03,9485.58,17560.991,0.012546999999999999
2009-09-23,17.95,18.15,17.41,17.54,11720.06,20805.33,0.015503
2009-09-24,17.39,18.42,17.21,18.42,17183.78,31173.142,0.02273
2009-09-25,18.8,19.34,18.55,19.34,19368.67,37349.817,0.025619999999999997
2009-09-28,19.7,20.2,18.63,18.7,19040.24,37036.808,0.025186
2009-09-29,18.32,18.72,17.9,18.11,10386.09,18914.487,0.013737999999999998
2009-09-30,18.03,18.45,18.03,18.3,7403.54,13514.536,0.009793
2009-10-09,18.55,19.05,18.22,19.03,9524.54,17862.997,0.012599
2009-10-12,19.1,19.37,18.51,18.8,9012.4,17193.72,0.011921
2009-10-13,18.8,19.4,18.68,19.27,8091.91,15498.385,0.010704
2009-10-14,19.3,19.73,19.12,19.3,12415.38,24163.828,0.016422000000000003
2009-10-15,19.88,19.95,19.43,19.5,11496.23,22646.713,0.015207
2009-10-16,19.59,19.7,19.05,19.32,7330.38,14111.917,0.009696
2009-10-19,19.32,19.76,19.11,19.72,9327.55,18227.694,0.012338
2009-10-20,19.8,20.13,19.62,20.05,12708.61,25338.217,0.016810000000000002
2009-10-21,19.99,20.79,19.8,20.31,14924.68,30272.687,0.019742
2009-10-22,20.32,20.57,20.01,20.36,9130.61,18509.487,0.012078
2009-10-23,20.3,20.63,20.2,20.48,12049.76,24607.303,0.015939000000000002
2009-10-26,20.53,20.53,19.69,19.89,11762.98,23483.829,0.015559
2009-10-27,19.79,19.79,19.13,19.19,9982.22,19387.684,0.013204
2009-10-28,19.25,19.76,19.15,19.68,8064.41,15673.121,0.010667
2009-10-29,19.39,19.39,18.9,18.92,8467.2,16241.281,0.011200000000000002
2009-10-30,19.3,19.45,19.1,19.11,7062.45,13617.095,0.009342
2009-11-02,18.6,19.68,18.5,19.59,8379.11,16088.701,0.011083
2009-11-03,19.7,20.57,19.7,20.57,21987.31,44690.37,0.029084
2009-11-04,20.95,21.6,20.5,21.1,44973.74,95861.967,0.059489
2009-11-05,20.9,21.5,20.7,21.11,19388.38,40907.983,0.025646
2009-11-06,21.13,22.17,21.13,22.17,8118.26,17888.822,0.010738000000000001
2009-11-09,23.28,23.28,22.83,23.28,8811.32,20508.615,0.011655
2009-11-10,24.44,24.44,23.35,23.45,46530.5,111723.43,0.061548
2009-11-11,23.41,24.62,23.3,24.62,10811.52,26417.06,0.014301
2009-11-12,25.85,25.85,24.91,25.37,45792.22,116899.666,0.060572
2009-11-13,25.37,26.27,24.1,24.13,45505.55,112114.584,0.060193
2009-11-16,24.28,25.34,24.27,24.66,24510.29,60503.695,0.032421000000000005
2009-11-17,24.66,24.88,23.9,24.18,13930.62,33812.276,0.018427
2009-11-18,24.02,24.97,24.02,24.65,15953.9,39137.006,0.021103
2009-11-19,24.6,25.25,24.26,24.91,14503.82,36079.968,0.019185
2009-11-20,24.82,26.16,24.8,26.08,30702.44,78624.196,0.040612
2009-11-23,26.3,27.38,26.22,27.38,38699.28,105160.782,0.05119
2009-11-24,27.8,27.83,26.01,26.01,34523.36,92142.045,0.045666000000000005
2009-11-25,25.65,26.0,24.71,25.88,29116.85,73563.8,0.038514
2009-11-26,25.69,25.97,24.59,24.59,29321.55,73185.982,0.038785
2009-11-27,24.61,25.82,23.72,24.12,27245.64,67347.197,0.036039
2009-11-30,24.5,25.33,24.4,25.33,16470.98,41320.385,0.021787
2009-12-01,26.6,26.6,25.51,26.16,30055.41,78621.602,0.039756
2009-12-02,26.97,27.2,26.12,26.68,17940.15,47696.565,0.02373
2009-12-03,26.7,27.52,26.31,27.01,20784.91,55821.848,0.027493
2009-12-04,26.99,27.6,25.66,26.61,31026.45,82041.366,0.04104
2009-12-07,26.6,26.7,25.57,26.25,14364.37,37613.799,0.019
2009-12-08,26.3,26.59,25.75,26.18,11594.16,30231.25,0.015336
2009-12-09,26.08,26.2,25.71,26.1,9691.02,25149.159,0.012819
2009-12-10,25.89,26.31,25.87,26.28,11210.19,29258.288,0.014828
2009-12-11,26.3,27.5,26.28,27.15,23358.52,63213.581,0.030898
2009-12-14,27.16,27.4,26.5,27.12,15967.41,42991.037,0.021120999999999997
2009-12-15,27.2,27.8,26.84,27.26,21193.34,58295.006,0.028034
2009-12-16,27.18,27.39,26.65,26.79,8826.2,23809.42,0.011675
2009-12-17,26.66,26.98,25.45,25.45,17758.48,45731.758,0.02349
2009-12-18,25.36,25.36,24.18,24.18,24189.81,58818.018,0.031997
2009-12-21,23.8,24.34,23.36,24.22,10703.05,25637.142,0.014157
2009-12-22,24.3,24.49,23.01,23.01,16981.81,39545.959,0.022463
2009-12-23,22.84,23.07,22.02,22.64,21863.67,49347.963,0.028919999999999998
2009-12-24,22.74,23.5,22.5,23.31,19484.29,45072.354,0.025773
2009-12-25,23.16,23.64,22.2,22.9,15301.22,35476.865,0.02024
2009-12-28,24.05,24.05,24.05,24.05,3456.88,8313.796,0.004573
2009-12-29,25.25,25.25,25.25,25.25,6050.74,15278.119,0.008004
2009-12-30,26.45,26.51,25.61,26.51,45373.38,118840.091,0.060018
2009-12-31,26.51,27.33,26.1,26.16,35886.41,96318.626,0.047469000000000004
2010-01-04,26.6,26.83,26.05,26.07,17207.0,45351.239,0.022761
2010-01-05,26.03,26.79,25.41,26.35,26102.55,68626.232,0.034527
2010-01-06,26.2,26.45,25.99,26.02,10393.69,27277.365,0.013748
2010-01-07,26.08,26.11,24.72,24.81,20324.59,51437.167,0.026884
2010-01-08,25.1,25.4,24.6,25.26,16194.03,40515.931,0.021421000000000003
2010-01-11,26.52,26.52,25.98,26.27,39150.66,103229.525,0.051787
2010-01-12,25.98,26.35,25.55,26.13,19906.25,51828.879,0.026331000000000004
2010-01-13,25.45,25.8,25.01,25.06,21933.79,55696.373,0.029013
2010-01-14,25.39,26.31,25.18,25.65,18975.18,49163.468,0.025099
2010-01-15,25.75,26.0,25.55,25.95,12294.28,31754.317,0.016262000000000002
2010-01-18,25.93,25.93,25.38,25.66,10708.34,27434.035,0.014164000000000001
2010-01-19,25.7,26.19,25.7,25.97,13733.79,35622.241,0.018166
2010-01-20,25.97,26.07,24.8,24.9,15813.88,40133.883,0.020918000000000003
2010-01-21,24.94,25.5,24.7,25.14,9566.82,24018.569,0.012655000000000001
2010-01-22,25.0,25.5,24.3,24.84,15956.02,39694.818,0.021106
2010-01-25,24.85,25.22,24.53,24.76,6326.16,15739.972,0.008368
2010-01-26,24.9,25.3,23.62,23.76,9992.63,24181.181,0.013218
2010-01-27,23.77,24.0,23.32,23.85,9028.84,21405.268,0.011942999999999999
2010-01-28,23.84,23.98,23.28,23.4,8768.98,20716.309,0.011599
2010-01-29,23.36,23.9,23.33,23.58,7407.72,17472.43,0.009799
2010-02-01,23.55,23.55,22.85,23.03,7194.46,16591.373,0.009516
2010-02-02,23.3,24.18,23.08,24.18,10840.46,25800.859,0.014339
2010-02-03,24.22,24.7,23.68,24.57,15198.47,36914.858,0.020104
2010-02-04,24.23,24.55,24.0,24.28,6894.93,16703.623,0.00912
2010-02-05,23.76,23.93,23.38,23.6,7091.05,16727.47,0.00938
2010-02-08,23.91,24.27,23.8,24.03,7591.68,18309.086,0.010042
2010-02-09,23.9,24.23,23.85,23.91,4093.34,9837.124,0.0054139999999999995
2010-02-10,24.59,25.11,24.35,25.11,18070.42,45152.538,0.023902999999999997
2010-02-11,25.2,25.28,24.76,25.19,11780.06,29466.819,0.015582
2010-02-12,25.19,25.19,24.7,24.86,15206.92,37818.54,0.020114999999999997
2010-02-22,24.9,24.99,24.07,24.55,7591.19,18618.319,0.010041
2010-02-23,24.44,24.6,23.8,24.18,7449.46,17961.162,0.009854
2010-02-24,24.12,24.58,23.94,24.48,6483.57,15766.126,0.008576
2010-02-25,24.48,25.08,24.37,24.94,11719.07,29065.83,0.015501000000000001
2010-02-26,24.8,24.92,24.53,24.64,7407.24,18278.338,0.009798
2010-03-01,24.68,24.86,24.4,24.77,7739.26,19104.075,0.010237000000000001
2010-03-02,24.76,25.89,24.67,25.49,20703.64,52513.452,0.027386
2010-03-03,25.42,25.65,25.05,25.54,12015.4,30376.634,0.015893
2010-03-04,25.59,25.59,24.4,24.44,10171.8,25387.96,0.013455
2010-03-05,24.72,25.15,24.46,24.57,9042.39,22406.644,0.011961
2010-03-08,24.61,25.03,24.6,24.83,5116.65,12669.515,0.006768
2010-03-09,24.71,24.98,24.7,24.88,4783.66,11883.381,0.006328
2010-03-10,24.88,25.8,24.8,25.28,15293.92,38639.345,0.02023
2010-03-11,25.21,25.44,24.79,25.26,8383.97,21088.985,0.01109
2010-03-12,25.3,25.35,24.6,24.77,7114.9,17792.283,0.009411000000000001
2010-03-15,24.79,24.79,23.79,23.81,11344.38,27375.243,0.015005999999999999
2010-03-16,23.83,24.1,23.61,24.0,7170.77,17110.31,0.009485
2010-03-17,23.88,24.46,23.88,24.39,9151.19,22090.79,0.012105
2010-03-18,24.45,24.46,24.18,24.26,5649.0,13747.523,0.0074719999999999995
2010-03-19,24.13,24.39,23.92,24.33,7222.1,17427.837,0.009553
2010-03-22,24.33,24.49,24.0,24.44,8956.36,21729.617,0.011847000000000002
2010-03-23,24.47,24.54,24.11,24.2,6158.72,14979.095,0.008146
2010-03-24,24.22,24.3,24.08,24.16,5503.33,13320.473,0.00728
2010-03-25,24.16,24.48,24.0,24.19,7156.32,17334.574,0.009466
2010-03-26,24.03,24.49,24.02,24.41,6416.98,15607.035,0.008488
2010-03-29,24.23,24.98,24.23,24.57,9690.23,23906.46,0.012818000000000001
2010-03-30,24.57,24.68,24.21,24.3,9125.64,22239.498,0.012071
2010-03-31,24.32,24.49,24.08,24.18,6715.66,16266.201,0.008883
2010-04-01,24.15,24.48,24.15,24.37,9826.96,23879.528,0.012999
2010-04-02,24.33,24.74,24.23,24.7,10702.88,26173.076,0.014157
2010-04-06,24.7,24.9,24.55,24.73,13402.88,33173.83,0.017728999999999998
2010-04-07,24.58,24.79,24.21,24.34,11282.3,27576.779,0.014924
2010-04-08,24.25,24.47,24.11,24.11,9033.66,21913.745,0.011949000000000001
2010-04-09,24.0,24.57,24.0,24.33,10161.31,24643.082,0.013441000000000002
2010-04-12,24.37,24.46,23.85,23.97,12878.46,31055.14,0.017035
2010-04-13,23.99,24.31,23.14,23.82,13161.46,31372.269,0.017408999999999997
2010-04-14,23.8,23.82,23.5,23.59,11126.34,26257.595,0.014717000000000001
2010-04-15,23.5,24.1,23.45,24.0,10719.19,25607.58,0.014178999999999999
2010-04-16,24.05,24.15,23.6,23.69,4820.72,11452.484,0.006377000000000001
2010-04-19,23.55,23.55,22.51,22.51,19520.77,44475.687,0.025821
2010-04-20,22.8,22.8,21.92,22.29,9257.35,20555.119,0.012244999999999999
2010-04-21,22.3,22.58,22.03,22.57,8574.86,19188.997,0.011342000000000001
2010-04-22,22.58,22.99,22.13,22.86,10362.32,23289.878,0.013707
2010-04-23,22.56,22.66,22.02,22.41,9358.37,20912.182,0.012379
2010-04-26,22.12,22.2,21.29,21.29,12844.3,27781.961,0.01699
2010-04-27,21.22,21.22,20.23,20.23,13690.43,27802.87,0.018109
2010-04-28,19.94,20.5,19.3,19.89,8181.67,16238.353,0.010822
2010-04-29,20.0,20.6,19.95,20.27,8218.47,16646.917,0.010870999999999999
2010-04-30,20.27,20.27,19.33,19.84,5733.73,11307.946,0.007584
2010-05-04,19.65,19.65,19.0,19.22,5459.78,10553.685,0.007221999999999999
2010-05-05,19.2,19.76,19.0,19.71,7534.52,14613.394,0.009966000000000001
2010-05-06,19.69,19.73,18.95,18.98,6935.88,13422.359,0.009174
2010-05-07,18.53,18.95,18.21,18.36,7194.67,13321.109,0.009517
2010-05-10,18.36,18.75,18.02,18.43,5220.43,9614.259,0.006905
2010-05-11,18.71,18.94,18.06,18.19,6685.92,12420.046,0.008844
2010-05-12,18.19,18.38,17.82,18.21,5957.23,10763.087,0.00788
2010-05-13,18.11,18.68,18.0,18.62,6953.66,12808.719,0.009198
2010-05-14,18.52,18.7,18.33,18.61,5312.74,9863.434,0.007027
2010-05-17,18.3,18.3,17.68,17.68,5789.99,10353.065,0.007659
2010-05-18,17.27,17.6,16.8,17.31,8869.41,15160.389,0.011732
2010-05-19,17.18,17.79,17.02,17.17,5961.04,10328.65,0.007885
2010-05-20,17.08,17.44,16.85,16.95,3860.69,6624.06,0.005107
2010-05-21,16.5,17.17,16.18,17.14,7317.44,12322.721,0.009679
2010-05-24,17.29,18.0,17.27,18.0,10483.19,18709.864,0.013867
2010-05-26,17.49,17.97,17.49,17.76,6491.53,11520.492,0.008587000000000001
2010-05-27,17.88,18.65,17.55,18.49,11457.37,20945.402,0.015155
2010-05-28,18.69,18.69,18.12,18.25,7317.54,13446.174,0.009679
2010-05-31,18.25,18.36,17.35,17.36,5347.27,9522.834,0.007073
2010-06-01,17.3,17.34,16.49,16.68,9069.96,15224.555,0.011997
2010-06-02,16.57,17.3,16.4,17.25,6137.55,10357.447,0.008118
2010-06-03,17.28,17.4,16.8,16.8,5793.7,9938.813,0.007664
2010-06-04,16.62,17.39,16.62,17.26,5823.8,9984.636,0.007703
2010-06-07,16.9,17.23,16.71,17.15,5622.74,9547.187,0.007437
2010-06-08,17.15,17.39,17.08,17.29,6080.6,10508.818,0.008043
2010-06-09,17.37,17.94,17.16,17.86,9566.56,16753.704,0.012654
2010-06-10,17.7,17.93,17.51,17.68,5586.35,9909.47,0.007389
2010-06-11,17.71,18.0,17.6,17.91,6271.8,11147.917,0.008296
2010-06-17,17.97,18.29,17.62,17.67,3838.8,6850.745,0.005078
2010-06-18,17.56,17.65,16.85,17.0,4691.12,8130.838,0.0062050000000000004
2010-06-21,16.83,17.73,16.83,17.53,5524.68,9603.176,0.007308
2010-06-22,17.52,17.64,17.4,17.52,2867.5,5023.346,0.0037930000000000004
2010-06-23,17.45,17.72,17.21,17.34,3290.91,5727.435,0.004353
2010-06-24,17.34,17.49,17.2,17.35,2698.3,4681.423,0.003569
2010-06-25,17.2,17.35,17.05,17.21,3133.16,5386.983,0.004144
2010-06-28,17.21,17.45,17.02,17.17,2368.44,4092.073,0.0031330000000000004
2010-06-29,17.17,17.47,16.31,16.31,6089.0,10098.283,0.008054
2010-06-30,15.86,16.04,15.49,15.51,5695.87,8912.298,0.007534
2010-07-01,15.49,16.29,15.36,16.29,11986.52,19031.26,0.015854999999999998
2010-07-02,16.19,16.43,15.66,16.39,8578.77,13875.426,0.011348
2010-07-05,15.91,16.14,15.58,16.0,2802.22,4469.936,0.003707
2010-07-06,16.04,16.39,16.04,16.29,4408.83,7140.162,0.005832
2010-07-07,16.31,16.45,16.13,16.38,3938.78,6418.943,0.00521
2010-07-08,16.31,16.6,16.05,16.2,3390.67,5519.36,0.004485
2010-07-09,16.01,16.66,16.01,16.57,4335.19,7137.294,0.005734
2010-07-12,16.5,16.83,16.46,16.76,6144.59,10265.52,0.008128
2010-07-13,16.62,16.64,16.17,16.28,3602.0,5922.7,0.004765
2010-07-14,16.28,16.56,16.11,16.46,3007.15,4943.183,0.003978
2010-07-15,16.29,16.71,16.14,16.24,4308.34,7108.385,0.005698999999999999
2010-07-16,16.25,16.48,15.9,16.45,3478.73,5607.551,0.004601
2010-07-19,16.13,16.95,16.11,16.9,6876.45,11507.751,0.009096
2010-07-20,16.8,17.23,16.76,17.22,6771.56,11562.726,0.008957
2010-07-21,17.2,17.3,17.03,17.23,6292.11,10804.187,0.008323
2010-07-22,17.22,17.45,17.1,17.34,5630.33,9736.067,0.007448
2010-07-23,17.35,17.55,17.18,17.48,7628.41,13243.772,0.010089999999999998
2010-07-26,17.45,18.25,17.33,18.16,11030.99,19648.685,0.014591
2010-07-27,18.14,18.14,17.8,17.83,6979.06,12511.46,0.009232
2010-07-28,17.8,18.18,17.7,18.08,6697.52,12062.097,0.008859
2010-07-29,18.2,18.48,18.04,18.3,10531.82,19207.134,0.013931
2010-07-30,18.11,18.66,18.11,18.6,9172.69,16845.955,0.012133
2010-08-02,18.6,18.7,18.4,18.67,8545.03,15885.867,0.011303
2010-08-03,18.76,18.76,17.8,18.02,11483.91,21070.034,0.015189999999999999
2010-08-04,18.0,18.26,17.78,18.17,8249.68,14880.464,0.010912
2010-08-05,18.27,18.27,17.8,18.0,6408.62,11586.605,0.008477
2010-08-06,18.0,18.3,17.85,18.26,6601.3,11996.019,0.008732
2010-08-09,18.39,18.4,18.2,18.39,8218.55,15045.332,0.010870999999999999
2010-08-10,18.41,19.31,18.31,19.31,27610.33,52472.763,0.036522
2010-08-11,19.22,20.28,19.05,20.28,23519.37,46439.893,0.031110000000000002
2010-08-12,20.29,21.29,20.15,21.29,15995.86,33760.271,0.021158999999999997
2010-08-13,21.29,22.35,20.57,20.96,42125.62,90452.956,0.055721999999999994
2010-08-16,20.9,21.4,20.77,21.17,17622.26,37124.927,0.02331
2010-08-17,21.25,21.38,20.98,21.21,11944.89,25294.653,0.0158
2010-08-18,21.1,21.4,20.15,20.58,18508.95,38388.422,0.024483
2010-08-19,20.64,20.79,20.25,20.54,14020.68,28793.865,0.018546
2010-08-20,20.51,21.57,20.51,21.29,22309.4,47408.577,0.02951
2010-08-23,21.15,21.38,20.7,20.8,9413.14,19697.467,0.012451
2010-08-24,20.83,21.2,20.61,20.82,8180.1,17133.859,0.010820000000000001
2010-08-25,21.09,21.09,19.9,19.96,12896.3,26234.84,0.017059
2010-08-26,19.9,20.32,19.87,19.99,7067.84,14144.218,0.009349
2010-08-27,20.16,20.16,19.44,19.61,8882.42,17477.03,0.011749
2010-08-30,19.83,20.59,19.66,20.59,6126.67,12427.152,0.008104
2010-08-31,21.0,21.62,20.68,20.86,17499.02,37015.226,0.023147
2010-09-01,20.8,21.23,19.97,20.15,13663.57,27926.247,0.018074
2010-09-02,20.48,20.49,20.02,20.34,9792.64,19862.72,0.012953
2010-09-03,20.31,20.45,19.82,20.29,11285.45,22664.489,0.014927999999999999
2010-09-06,20.09,21.04,20.09,20.62,13383.05,27613.757,0.017702
2010-09-07,20.35,20.72,20.15,20.46,8348.61,16985.418,0.011043
2010-09-08,20.3,20.6,20.21,20.51,6646.49,13574.369,0.008792
2010-09-09,20.41,21.08,20.32,20.75,13280.81,27494.429,0.017567
2010-09-10,20.66,20.88,20.22,20.6,8325.42,17047.952,0.011012
2010-09-13,20.58,21.04,20.48,20.83,9152.99,18998.693,0.012107000000000001
2010-09-14,20.82,21.07,20.69,20.73,10450.37,21815.56,0.013823
2010-09-15,20.77,20.8,20.0,20.16,9517.11,19402.611,0.012589
2010-09-16,20.05,20.3,19.45,19.68,9929.7,19649.603,0.013134999999999999
2010-09-17,19.64,19.94,19.41,19.72,4996.93,9841.373,0.00661
2010-09-20,19.68,19.84,19.42,19.55,4412.59,8671.144,0.005837
2010-09-21,19.6,20.2,19.55,19.86,6439.9,12831.41,0.008518
2010-09-27,20.0,20.35,19.9,20.18,6652.47,13431.843,0.0088
2010-09-28,20.12,20.66,19.89,20.61,10523.35,21271.292,0.013919999999999998
2010-09-29,20.59,20.59,20.2,20.25,3862.01,7860.585,0.0051080000000000006
2010-09-30,20.25,20.5,20.0,20.32,5940.21,12071.884,0.007857
2010-10-08,20.58,20.88,20.4,20.64,11297.43,23346.713,0.014943999999999999
2010-10-11,20.63,21.67,20.57,21.36,24449.57,52052.891,0.032341
2010-10-12,21.0,21.28,20.74,20.88,15305.83,32104.105,0.020246
2010-10-13,20.89,20.97,20.41,20.61,12105.25,24939.15,0.016012
2010-10-14,20.58,21.55,20.58,20.67,19102.5,40245.561,0.025268000000000002
2010-10-15,20.8,21.53,20.26,21.38,24920.44,51739.929,0.032964
2010-10-18,21.48,22.34,20.95,21.9,34893.45,75775.68,0.046155
2010-10-19,21.9,22.15,21.53,21.92,16006.44,34930.526,0.021173
2010-10-20,21.46,22.1,21.01,21.61,28022.2,60050.726,0.037066
2010-10-21,21.85,21.85,20.99,21.08,14006.72,29732.906,0.018527000000000002
2010-10-22,21.11,21.35,20.89,20.95,11038.23,23261.957,0.014601
2010-10-25,21.15,21.66,20.88,21.59,20707.38,44119.916,0.027391000000000002
2010-10-26,21.53,22.38,21.43,21.97,30025.98,65958.672,0.039716999999999995
2010-10-27,21.66,22.55,21.6,21.81,22504.16,49833.77,0.029767000000000002
2010-10-28,21.71,22.45,21.71,22.38,17777.59,39248.969,0.023515
2010-10-29,22.2,22.2,21.66,21.91,14876.55,32630.059,0.019678
2010-11-01,21.78,22.21,21.78,22.04,19433.13,42795.678,0.025705
2010-11-02,22.04,22.42,21.81,22.06,18089.71,39891.037,0.023927999999999998
2010-11-03,22.1,23.16,22.0,23.16,29424.52,67640.935,0.038921000000000004
2010-11-04,23.4,23.45,22.61,22.89,27293.76,62383.593,0.036103
2010-11-05,22.85,23.68,22.7,23.18,20914.66,48289.443,0.027665000000000002
2010-11-08,23.1,23.35,22.83,23.2,14353.27,33096.638,0.018986
2010-11-09,23.2,23.2,22.72,22.82,15328.78,35081.784,0.020276000000000002
2010-11-10,22.78,22.78,22.35,22.5,13670.81,30774.944,0.018083000000000002
2010-11-11,22.51,22.87,22.2,22.23,14897.9,33651.507,0.019705999999999998
2010-11-12,22.23,22.38,21.12,21.12,15613.59,33614.454,0.020653
2010-11-15,20.69,21.07,20.11,20.83,13633.94,28120.709,0.018033999999999998
2010-11-16,20.48,21.3,19.9,20.0,13452.51,27677.466,0.017794
2010-11-17,20.05,20.28,19.63,19.77,8840.29,17657.076,0.011694
2010-11-18,19.78,20.02,19.68,20.0,8256.75,16403.911,0.010922000000000001
2010-11-19,20.18,20.32,19.84,20.3,7293.6,14656.479,0.009648
2010-11-22,20.2,20.33,20.01,20.26,9121.23,18415.888,0.012065
2010-11-23,20.23,20.28,19.38,20.12,9362.56,18638.357,0.012384
2010-11-24,19.9,20.53,19.7,20.5,8369.85,17051.585,0.011071
2010-11-25,20.44,21.16,20.44,20.94,9527.71,19924.567,0.012603
2010-11-26,21.3,21.99,20.98,21.99,13910.99,30003.803,0.018401
2010-11-29,22.5,23.08,22.03,22.07,33048.39,74881.626,0.043715000000000004
2010-11-30,21.79,21.98,20.97,21.48,20059.1,42833.583,0.026533
2010-12-01,21.7,22.55,21.61,22.55,9947.9,22285.589,0.013159
2010-12-02,23.5,23.5,22.18,22.19,24465.66,55576.897,0.032362
2010-12-03,22.06,23.18,22.06,22.77,14051.31,31753.799,0.018586000000000002
2010-12-06,22.38,22.86,22.0,22.44,12621.45,28441.522,0.016695
2010-12-07,22.44,22.44,21.88,22.28,7806.34,17344.092,0.010326
2010-12-08,22.2,22.42,21.22,21.57,13929.52,30392.892,0.018425
2010-12-09,21.21,21.78,21.15,21.56,8356.42,17974.165,0.011053
2010-12-10,21.55,21.95,21.25,21.78,5453.01,11863.636,0.007213000000000001
2010-12-13,22.0,22.2,21.82,22.18,6703.8,14789.912,0.008867
2010-12-14,22.16,22.33,21.88,22.18,9018.18,19899.992,0.011929
2010-12-15,22.1,22.8,22.02,22.32,9898.4,22264.594,0.013092999999999999
2010-12-16,22.23,22.9,22.23,22.63,17259.38,39224.729,0.02283
2010-12-17,22.63,22.86,22.5,22.73,9061.7,20578.944,0.011986000000000002
2010-12-20,22.8,22.81,21.59,21.91,18935.38,41826.081,0.025047
2010-12-21,22.0,22.58,21.9,22.28,14795.44,32997.265,0.019571
2010-12-22,22.3,22.45,21.86,21.86,10062.85,22318.015,0.013311
2010-12-23,21.86,22.7,21.63,22.29,16523.22,36762.964,0.021856
2010-12-24,22.3,22.68,22.01,22.3,9729.2,21749.587,0.012868999999999998
2010-12-27,22.3,22.63,21.19,21.22,11768.0,25749.952,0.015566
2010-12-28,21.01,21.28,20.3,20.37,6578.94,13585.322,0.008702
2010-12-29,20.16,20.65,20.16,20.35,6438.02,13122.811,0.008516000000000001
2010-12-30,20.36,20.58,20.17,20.45,5700.82,11610.689,0.007541
2010-12-31,20.38,20.9,20.38,20.76,4738.75,9769.246,0.006268
2011-01-04,20.9,21.06,20.55,20.9,5840.73,12170.903,0.007725999999999999
2011-01-05,20.66,21.08,20.6,20.91,4245.38,8867.837,0.0056159999999999995
2011-01-06,20.75,21.08,20.49,20.61,5605.73,11593.821,0.007415000000000001
2011-01-07,20.63,20.97,20.4,20.56,6187.04,12796.291,0.008184
2011-01-10,20.65,20.72,19.86,20.02,6440.57,13150.57,0.008519
2011-01-11,19.9,20.1,19.6,20.09,4870.19,9643.686,0.006442
2011-01-12,19.83,20.25,19.8,20.08,3679.45,7360.096,0.004867
2011-01-13,20.15,20.17,19.88,20.0,5109.12,10204.785,0.006757999999999999
2011-01-14,20.2,20.72,19.92,20.31,8727.46,17852.976,0.011544
2011-01-17,20.28,20.28,19.29,19.29,8830.66,17222.393,0.011680999999999999
2011-01-18,19.28,19.28,18.61,18.99,4223.0,8031.339,0.005586
2011-01-19,18.98,19.39,18.83,19.33,4058.12,7772.25,0.005368
2011-01-20,19.3,19.37,18.63,18.67,4876.17,9229.528,0.00645
2011-01-21,18.58,19.6,18.58,19.03,7101.28,13718.055,0.009393
2011-01-24,19.18,19.25,18.65,18.77,2725.43,5155.419,0.0036049999999999997
2011-01-25,18.8,18.97,17.83,17.97,6754.23,12342.547,0.008934
2011-01-26,18.08,18.35,17.59,18.24,3097.97,5630.909,0.004098
2011-01-27,18.0,18.49,17.82,18.3,5945.19,10922.391,0.007864
2011-01-28,18.3,18.69,18.3,18.41,4167.25,7687.564,0.005512
2011-01-31,18.35,19.32,18.2,19.16,9735.39,18393.475,0.012878
2011-02-01,19.4,19.44,19.1,19.17,2873.31,5526.086,0.003801
2011-02-09,19.36,19.36,18.82,18.89,3802.8,7201.997,0.00503
2011-02-10,18.86,19.28,18.74,19.18,6011.26,11472.927,0.007951
2011-02-11,19.13,19.27,18.98,19.16,7207.82,13748.258,0.009534
2011-02-14,19.15,19.78,19.02,19.67,11053.08,21575.348,0.01462
2011-02-15,19.67,19.79,19.27,19.29,10227.74,20000.173,0.013529
2011-02-16,19.19,19.48,19.12,19.4,5810.78,11230.184,0.007685999999999999
2011-02-17,19.45,19.95,19.28,19.79,9616.61,18888.098,0.01272
2011-02-18,19.7,19.78,19.2,19.39,8579.85,16747.692,0.011349
2011-02-21,19.19,19.39,19.16,19.36,11305.2,21806.479,0.014954
2011-02-22,19.36,19.41,18.56,18.61,8866.39,16838.844,0.011728
2011-02-23,18.77,18.86,18.6,18.8,7800.82,14622.571,0.010319
2011-02-24,18.88,19.2,18.61,19.03,8242.85,15625.052,0.010903000000000001
2011-02-25,19.28,19.28,18.86,19.25,7120.3,13576.198,0.009418
2011-02-28,19.16,19.68,19.1,19.56,9733.21,18830.279,0.012875000000000001
2011-03-01,19.48,19.76,19.32,19.56,8573.42,16770.409,0.011341
2011-03-02,19.38,19.56,18.99,19.15,8271.29,15859.222,0.010941000000000001
2011-03-03,19.22,19.8,19.12,19.47,13643.89,26631.513,0.018047
2011-03-04,19.53,19.8,19.0,19.78,10737.43,20909.347,0.014202999999999999
2011-03-07,19.68,19.94,19.58,19.87,12113.92,23958.308,0.016024
2011-03-08,19.89,20.58,19.8,20.5,19752.35,39886.119,0.026126999999999997
2011-03-09,20.24,20.75,20.21,20.22,13258.69,27084.298,0.017538
2011-03-10,20.12,20.32,19.73,19.8,9909.91,19834.584,0.013108
2011-03-11,19.8,19.98,19.63,19.78,6655.72,13189.873,0.008804
2011-03-14,19.58,19.83,19.5,19.69,7224.51,14177.724,0.009556
2011-03-15,19.68,19.79,18.84,19.17,10713.97,20585.424,0.014172
2011-03-16,19.2,19.5,19.15,19.41,5758.75,11150.403,0.0076170000000000005
2011-03-17,19.25,19.46,18.9,19.03,5961.25,11412.803,0.007885
2011-03-18,19.3,19.33,19.03,19.21,4196.85,8056.625,0.005551
2011-03-21,19.17,19.33,19.08,19.12,3520.21,6747.134,0.004656
2011-03-22,19.12,19.23,18.88,19.12,3933.91,7498.385,0.005203999999999999
2011-03-23,19.05,19.37,19.05,19.28,4773.53,9193.5,0.006313999999999999
2011-03-24,19.23,19.38,19.2,19.32,5967.16,11510.218,0.007893
2011-03-25,19.35,19.97,19.35,19.65,12486.51,24637.227,0.016517
2011-03-28,19.72,20.11,19.66,19.75,10467.76,20808.021,0.013846
2011-03-29,19.45,20.07,19.4,19.58,8429.14,16650.105,0.01115
2011-03-30,19.65,19.72,19.33,19.4,7324.62,14240.218,0.009689
2011-03-31,19.49,19.69,18.83,19.06,6684.36,12801.705,0.008842
2011-04-01,19.08,19.28,18.92,19.26,4644.1,8867.063,0.006142999999999999
2011-04-06,19.0,19.59,18.81,19.43,8880.59,17053.713,0.011747
2011-04-07,19.34,19.35,19.09,19.21,5890.68,11315.667,0.007792
2011-04-08,19.2,20.1,19.14,19.73,11466.95,22607.336,0.015168
2011-04-11,19.6,20.0,19.56,19.82,10373.95,20519.523,0.013722000000000002
2011-04-12,19.79,19.88,19.56,19.75,6583.9,12936.796,0.008709
2011-04-13,19.7,19.96,19.49,19.92,8637.24,17052.231,0.011425000000000001
2011-04-14,19.88,20.27,19.7,19.84,14008.28,28042.586,0.018529
2011-04-15,19.84,20.43,19.5,20.21,14969.88,29738.56,0.019801
2011-04-18,20.21,20.21,19.8,19.95,8408.22,16787.84,0.011122
2011-04-19,19.81,19.85,19.43,19.47,7832.28,15400.827,0.010360000000000001
2011-04-20,19.48,19.75,19.45,19.68,4961.72,9716.653,0.006563
2011-04-21,19.7,19.93,19.49,19.76,7714.91,15204.268,0.010204999999999999
2011-04-22,19.78,19.78,19.34,19.44,5969.51,11655.751,0.007896
2011-04-25,19.36,19.42,18.81,18.82,7557.28,14342.8,0.009996
2011-04-26,18.83,19.09,18.6,18.87,3950.89,7433.624,0.005226
2011-04-27,18.8,19.3,18.8,19.0,4821.19,9180.39,0.006377000000000001
2011-04-28,19.18,19.28,18.05,18.1,7053.79,12990.292,0.00933
2011-04-29,18.09,18.46,18.0,18.44,4151.62,7548.279,0.005492
2011-05-03,18.38,18.5,18.29,18.5,3358.17,6180.344,0.004442
2011-05-04,18.47,18.47,17.86,18.0,4393.4,7975.691,0.005810999999999999
2011-05-05,18.0,18.26,17.89,18.15,3196.4,5795.779,0.004228
2011-05-06,18.13,18.4,18.0,18.37,2957.12,5382.282,0.003912
2011-05-09,19.29,19.29,19.18,19.29,4206.98,8111.009,0.005565
2011-05-10,20.25,20.25,20.13,20.25,10019.34,20287.813,0.013253
2011-05-11,20.72,20.72,19.8,19.83,30009.93,60836.222,0.039695999999999995
2011-05-12,20.0,20.82,19.82,20.82,31848.52,65929.977,0.042128
2011-05-13,20.7,21.17,20.3,20.6,23929.52,49637.341,0.031653
2011-05-16,20.52,20.76,20.1,20.36,10386.95,21145.498,0.013739
2011-05-17,20.31,20.4,19.65,19.7,13366.49,26541.625,0.017681
2011-05-18,19.35,20.1,19.2,20.02,7467.8,14761.731,0.009878
2011-05-19,20.25,20.25,19.58,19.95,6739.22,13380.846,0.008914
2011-05-20,19.95,20.3,19.7,20.12,8385.67,16723.201,0.011092
2011-05-23,20.06,20.11,19.11,19.11,10947.72,21115.954,0.014480999999999999
2011-05-24,18.97,19.3,18.55,19.04,6382.54,11993.689,0.008443
2011-05-25,19.0,19.07,18.7,18.9,3472.5,6553.28,0.004593
2011-05-26,18.73,19.2,18.7,19.07,6168.85,11657.002,0.008159999999999999
2011-05-27,18.99,19.09,18.35,18.64,5224.37,9786.076,0.0069110000000000005
2011-05-30,18.58,18.78,18.21,18.73,4427.43,8187.596,0.005856
2011-05-31,18.7,19.67,18.51,19.52,9127.32,17329.384,0.012073
2011-06-01,19.96,20.5,19.71,19.98,39814.54,80818.848,0.052665
2011-06-02,19.5,19.8,19.2,19.3,9235.5,17963.662,0.012216
2011-06-03,19.33,19.53,19.22,19.42,5114.83,9928.8,0.0067659999999999994
2011-06-07,19.54,19.99,19.25,19.95,7708.35,15224.554,0.010196
2011-06-08,19.95,20.05,19.55,19.95,5384.64,10708.516,0.007123000000000001
2011-06-09,19.95,20.04,19.61,19.67,4805.17,9517.056,0.0063560000000000005
2011-06-10,19.44,19.9,19.44,19.76,4588.47,9034.314,0.006069
2011-06-13,19.77,19.86,19.4,19.76,5076.21,9963.966,0.006715
2011-06-14,19.62,20.08,19.62,19.95,5117.29,10190.586,0.006769
2011-06-15,19.9,20.1,19.76,19.8,4119.03,8204.594,0.005448
2011-06-16,19.8,19.8,19.11,19.18,5234.91,10160.702,0.0069240000000000005
2011-06-17,19.21,19.41,18.88,18.93,3656.84,7013.515,0.004837
2011-06-20,18.9,18.91,17.98,17.98,10949.34,19942.786,0.014483
2011-06-21,18.11,18.2,17.67,17.89,9990.42,17858.434,0.013215
2011-06-22,18.09,18.09,17.58,17.62,7238.19,12880.163,0.009574000000000001
2011-06-23,17.74,18.07,17.62,18.03,6683.85,11957.475,0.008841
2011-06-24,18.04,18.7,17.89,18.6,10588.56,19478.347,0.014006000000000001
2011-06-27,18.46,18.61,18.2,18.51,7814.88,14433.906,0.010337
2011-06-28,18.56,18.82,18.4,18.61,6306.19,11772.217,0.008342
2011-06-29,18.8,18.96,18.45,18.53,7209.59,13477.552,0.009536
2011-07-01,18.86,18.86,18.5,18.58,6404.07,11953.398,0.008471
2011-07-04,18.68,19.05,18.55,18.9,8416.29,15893.324,0.011132999999999999
2011-07-05,18.88,19.19,18.81,18.98,5409.44,10262.383,0.007155
2011-07-06,18.87,18.88,18.61,18.75,6307.8,11824.952,0.008344
2011-07-07,18.71,19.08,18.71,18.91,7497.43,14171.199,0.009917
2011-07-08,18.91,19.08,18.75,18.97,4869.19,9223.327,0.006441
2011-07-11,18.85,19.04,18.75,18.99,6244.11,11818.578,0.008258999999999999
2011-07-12,18.81,18.93,18.53,18.58,7106.77,13283.738,0.009399999999999999
2011-07-13,18.58,18.98,18.58,18.84,5938.87,11191.637,0.007856
2011-07-14,18.88,19.78,18.85,19.78,18690.93,36356.552,0.024723000000000002
2011-07-15,19.71,19.98,19.35,19.4,14311.53,28113.613,0.018931
2011-07-18,19.6,19.87,19.39,19.46,7956.06,15583.934,0.010524
2011-07-19,19.41,19.5,19.08,19.12,6388.09,12299.301,0.00845
2011-07-20,19.02,19.33,18.9,19.28,6471.41,12396.627,0.00856
2011-07-21,19.28,19.39,18.74,18.9,4457.21,8517.899,0.005896
2011-07-22,18.81,19.07,18.75,18.88,3838.05,7251.172,0.005077000000000001
2011-07-25,18.75,18.78,18.11,18.23,7483.22,13717.704,0.009898
2011-07-26,18.8,18.8,18.15,18.36,3401.36,6254.935,0.004499
2011-07-27,18.36,18.56,18.06,18.53,5340.86,9850.348,0.007065
2011-07-28,18.45,18.45,18.23,18.4,4237.26,7768.862,0.005605
2011-07-29,18.55,18.76,18.26,18.49,5863.76,10833.713,0.007756
2011-08-01,18.41,18.88,18.41,18.52,4445.29,8255.623,0.00588
2011-08-02,18.37,18.5,17.92,18.18,5472.86,9903.705,0.007239
2011-08-03,18.01,18.33,18.0,18.21,3792.76,6903.69,0.005017000000000001
2011-08-04,18.4,18.54,18.2,18.33,3542.69,6479.932,0.004686
2011-08-05,17.93,18.36,17.6,18.32,7078.49,12793.72,0.009363
2011-08-08,18.8,19.24,18.38,18.95,36771.5,70137.974,0.048639999999999996
2011-08-09,18.0,18.32,18.0,18.13,21493.32,38825.193,0.02843
2011-08-10,18.26,18.53,18.1,18.27,10273.2,18764.324,0.013589
2011-08-11,18.0,18.36,17.8,18.33,8057.82,14633.678,0.010658
2011-08-12,18.41,18.56,18.1,18.22,7761.0,14237.041,0.010265999999999999
2011-08-15,18.22,18.4,18.18,18.4,7504.89,13721.22,0.009927
2011-08-16,18.5,18.5,18.3,18.32,5060.52,9308.095,0.006694
2011-08-17,18.36,18.63,18.25,18.51,6658.51,12287.029,0.008808
2011-08-18,18.5,18.51,18.17,18.19,5736.7,10485.522,0.007588
2011-08-22,18.32,19.06,18.32,18.63,13790.87,25803.188,0.018242
2011-08-23,18.79,19.33,18.6,19.03,16419.56,31274.667,0.021719
2011-08-24,19.0,19.2,18.68,18.74,9704.98,18302.748,0.012837000000000001
2011-08-25,18.9,19.38,18.74,19.25,13555.26,25963.249,0.017929999999999998
2011-08-26,19.1,19.47,19.0,19.27,9944.41,19138.273,0.013153999999999999
2011-08-29,19.01,19.16,18.67,18.69,11787.06,22176.254,0.015590999999999999
2011-08-30,18.78,18.94,18.58,18.59,6168.66,11578.102,0.008159999999999999
2011-08-31,18.58,18.77,18.35,18.56,4146.0,7667.616,0.005484
2011-09-01,18.56,19.48,18.51,18.96,16048.74,30804.082,0.021227999999999997
2011-09-02,18.87,19.03,18.65,18.81,7234.8,13603.2,0.00957
2011-09-05,18.7,18.7,18.26,18.33,5106.15,9383.767,0.006754
2011-09-06,18.38,18.54,18.26,18.38,4020.4,7398.253,0.005318000000000001
2011-09-07,18.54,18.8,18.38,18.75,4702.97,8764.214,0.006221
2011-09-08,18.75,18.87,18.61,18.66,5110.58,9571.043,0.00676
2011-09-09,18.78,19.3,18.68,18.95,7385.68,14046.577,0.009769
2011-09-13,18.7,18.83,18.53,18.73,4261.25,7955.631,0.005637
2011-09-14,18.88,19.29,18.73,19.09,8741.01,16643.728,0.011562
2011-09-15,19.1,19.28,18.88,19.07,6519.23,12413.812,0.008622999999999999
2011-09-16,19.1,19.16,18.8,18.82,4492.39,8527.885,0.005941999999999999
2011-09-19,18.68,18.78,18.19,18.22,6223.77,11480.128,0.008233
2011-09-20,18.22,18.6,18.1,18.43,3149.97,5797.901,0.0041670000000000006
2011-09-21,18.34,18.98,18.28,18.8,7313.71,13681.212,0.009674
2011-09-22,18.63,18.75,18.35,18.36,6346.93,11790.961,0.008395
2011-09-23,18.18,18.71,18.1,18.47,4399.23,8093.742,0.0058189999999999995
2011-09-26,18.46,18.61,18.06,18.22,6100.39,11139.83,0.008069
2011-09-27,18.38,18.48,18.06,18.22,3962.78,7204.747,0.005242
2011-09-28,18.33,18.33,17.9,17.98,3532.08,6399.147,0.004672
2011-09-29,17.98,17.98,17.08,17.19,7212.34,12557.893,0.00954
2011-09-30,17.15,17.55,17.15,17.48,4287.54,7434.977,0.005671000000000001
2011-10-10,17.7,17.7,17.2,17.59,2757.94,4805.524,0.003648
2011-10-11,17.85,17.9,17.5,17.52,3023.22,5353.51,0.003999
2011-10-12,17.52,18.3,17.31,18.18,7179.37,12893.237,0.009497
2011-10-13,18.06,18.3,17.95,18.14,4052.86,7353.44,0.005361
2011-10-14,18.28,18.29,17.92,18.02,4993.08,9039.622,0.006605
2011-10-17,18.18,18.18,17.96,18.03,3314.39,5994.049,0.004384
2011-10-18,18.0,18.0,17.41,17.47,3541.81,6269.389,0.004685
2011-10-19,17.59,17.7,17.33,17.69,3147.65,5516.857,0.004164
2011-10-20,17.58,18.2,17.21,17.35,3073.01,5397.142,0.004065
2011-10-21,17.5,17.69,17.11,17.2,2053.61,3547.646,0.002716
2011-10-24,17.33,17.36,17.01,17.21,3627.74,6242.515,0.004799
2011-10-25,17.26,17.49,17.16,17.49,5080.2,8823.002,0.00672
2011-10-26,17.46,17.71,17.32,17.44,4404.33,7717.374,0.0058260000000000004
2011-10-27,17.45,17.5,17.2,17.44,3405.67,5930.473,0.004505
2011-10-28,17.48,17.74,17.48,17.65,4182.5,7359.679,0.0055320000000000005
2011-10-31,17.69,17.89,17.61,17.76,5920.42,10495.596,0.007831
2011-11-01,17.77,17.93,17.55,17.91,4396.62,7808.777,0.005816
2011-11-02,17.8,18.03,17.71,18.02,4902.57,8761.772,0.0064849999999999994
2011-11-03,18.07,18.15,17.92,17.99,6430.12,11579.72,0.008505
2011-11-04,18.02,18.13,17.93,18.11,5085.25,9168.725,0.0067269999999999995
2011-11-07,18.0,18.04,17.75,17.79,4923.04,8811.137,0.006512
2011-11-08,17.89,18.18,17.77,17.97,3241.63,5822.473,0.004288
2011-11-09,18.0,18.08,17.91,18.0,4162.48,7489.179,0.005506
2011-11-10,17.9,18.18,17.81,17.86,4907.37,8837.831,0.006491
2011-11-11,17.98,18.33,17.92,18.03,5209.86,9453.045,0.006891
2011-11-14,18.17,18.2,18.01,18.15,5063.89,9170.315,0.006697999999999999
2011-11-15,18.18,18.2,18.03,18.1,5739.85,10383.847,0.007592
2011-11-16,18.15,18.15,17.6,17.62,5860.49,10414.045,0.007752
2011-11-17,17.73,17.95,17.63,17.74,3708.79,6591.676,0.004906
2011-11-18,17.74,17.74,17.25,17.27,5834.58,10202.092,0.007718
2011-11-21,17.27,17.44,17.2,17.37,2611.32,4518.833,0.003454
2011-11-22,17.26,17.34,17.17,17.29,2204.02,3800.845,0.0029149999999999996
2011-11-23,17.29,17.39,17.25,17.28,2638.87,4564.062,0.003491
2011-11-24,17.28,17.29,17.0,17.2,3333.49,5708.122,0.004409
2011-11-25,17.07,17.27,16.95,17.06,2590.4,4438.499,0.0034260000000000002
2011-11-28,17.0,17.16,17.0,17.02,2244.28,3832.477,0.002969
2011-11-29,17.14,17.24,17.04,17.2,2465.65,4225.249,0.003261
2011-11-30,17.28,17.34,16.34,16.37,6296.15,10542.959,0.008328
2011-12-01,16.82,16.96,16.63,16.73,4925.06,8253.083,0.006515
2011-12-02,16.73,16.75,16.14,16.68,3289.66,5410.269,0.004351
2011-12-05,16.73,17.51,16.36,16.96,8105.35,13792.985,0.010721000000000001
2011-12-06,16.73,16.83,16.51,16.72,3337.59,5569.595,0.004415
2011-12-07,16.89,16.91,16.6,16.6,1953.24,3258.318,0.0025840000000000004
2011-12-08,16.6,16.6,16.2,16.47,1679.51,2756.812,0.002222
2011-12-09,16.46,16.53,16.28,16.44,1251.99,2056.021,0.001656
2011-12-12,16.23,16.54,16.23,16.31,1354.16,2220.043,0.001791
2011-12-13,16.3,16.3,15.49,15.49,4023.87,6270.346,0.005323
2011-12-14,15.3,15.3,14.72,14.72,7549.15,11150.735,0.009986
2011-12-15,14.06,14.28,13.98,13.98,6719.06,9414.513,0.008888
2011-12-16,13.41,14.26,13.28,13.7,6967.41,9353.963,0.009216
2011-12-19,13.65,13.65,13.02,13.29,6532.93,8610.909,0.008641
2011-12-20,13.4,13.7,13.06,13.49,4514.34,6076.261,0.005971
2011-12-21,13.58,13.7,13.2,13.2,2919.06,3951.755,0.003861
2011-12-22,13.0,13.01,12.54,12.55,8168.62,10275.453,0.010805
2011-12-23,12.48,12.78,12.01,12.54,3068.16,3831.624,0.004058
2011-12-26,12.54,12.77,12.53,12.67,2454.71,3113.26,0.003247
2011-12-27,12.71,12.85,12.4,12.53,3891.5,4916.064,0.0051470000000000005
2011-12-28,12.4,12.62,12.13,12.61,2846.69,3526.448,0.003765
2011-12-30,12.85,12.98,12.62,12.82,2785.57,3581.16,0.003685
2012-01-04,12.82,13.08,12.34,12.5,2768.7,3568.943,0.0036620000000000003
2012-01-05,12.28,12.58,12.03,12.08,2590.5,3208.515,0.003427
2012-01-06,11.67,12.22,11.67,12.17,2960.25,3564.482,0.003916
2012-01-09,12.2,12.63,12.0,12.61,3190.41,3958.129,0.00422
2012-01-10,12.6,13.0,12.51,12.99,5120.06,6585.125,0.006773
2012-01-11,12.99,13.06,12.78,12.9,3367.9,4337.619,0.004455
2012-01-12,12.9,12.96,12.83,12.9,2225.92,2870.749,0.002944
2012-01-13,12.91,13.05,12.5,12.6,3423.46,4376.247,0.004528
2012-01-16,12.5,12.54,12.08,12.12,3094.17,3799.309,0.004093
2012-01-17,12.27,12.68,12.06,12.61,4356.33,5405.432,0.005762000000000001
2012-01-18,12.64,12.99,12.42,12.62,5377.03,6881.788,0.007112
2012-01-19,12.51,12.83,12.51,12.7,3898.33,4953.573,0.005157
2012-01-20,12.77,13.03,12.7,13.02,3814.19,4917.238,0.005044999999999999
2012-01-30,13.06,13.16,12.85,12.87,3769.49,4903.079,0.004986
2012-01-31,12.6,12.6,12.23,12.23,4379.0,5395.889,0.005792
2012-02-01,11.76,12.17,11.63,11.93,13067.36,15486.74,0.017285
2012-02-02,11.95,12.1,11.78,12.09,6714.98,8033.421,0.008882
2012-02-03,12.01,12.69,12.01,12.69,4487.37,5620.029,0.005936
2012-02-06,13.0,13.07,12.66,12.99,12841.85,16545.701,0.016987000000000002
2012-02-07,12.9,12.93,12.35,12.47,8447.88,10583.601,0.011174
2012-02-08,12.47,12.93,12.2,12.86,5682.73,7160.753,0.007517
2012-02-09,12.85,13.01,12.73,12.86,7545.03,9719.67,0.00998
2012-02-10,12.84,13.5,12.8,13.5,8866.08,11776.163,0.011728
2012-02-13,13.69,14.18,13.4,14.18,19681.84,27509.178,0.026034
2012-02-14,14.2,14.35,13.8,13.92,14772.54,20723.687,0.01954
2012-02-15,13.86,14.39,13.82,14.1,9620.92,13637.789,0.012726
2012-02-16,14.11,14.2,13.6,13.73,9415.94,13065.453,0.012455
2012-02-17,13.7,13.89,13.6,13.77,4940.18,6777.504,0.006535
2012-02-20,13.95,14.45,13.77,14.09,10877.52,15409.523,0.014388000000000001
2012-02-21,14.0,14.29,13.85,14.21,6211.4,8752.025,0.008216
2012-02-22,14.18,14.65,14.15,14.44,8111.19,11661.744,0.010728999999999999
2012-02-23,14.4,14.55,14.18,14.34,6054.74,8675.785,0.008008999999999999
2012-02-24,14.26,15.06,14.26,14.93,17754.08,26549.434,0.023483999999999998
2012-02-27,14.83,15.1,14.81,14.91,12080.0,18050.67,0.015979
2012-02-28,14.8,15.01,14.6,14.72,7411.16,10960.773,0.009803
2012-02-29,14.65,14.9,14.25,14.29,6623.57,9654.3,0.008761
2012-03-01,14.22,15.0,14.18,14.62,10909.38,16186.028,0.01443
2012-03-02,14.54,14.75,14.5,14.68,7277.49,10658.399,0.009626000000000001
2012-03-05,14.64,14.89,14.6,14.67,6829.92,10051.783,0.009034
2012-03-06,14.67,14.76,14.52,14.57,5712.15,8362.64,0.007556
2012-03-07,14.41,14.5,14.26,14.36,5195.06,7465.413,0.0068720000000000005
2012-03-08,14.45,14.98,14.4,14.65,5192.37,7621.61,0.006868
2012-03-09,14.69,14.87,14.6,14.75,3984.35,5849.457,0.00527
2012-03-12,14.75,14.9,14.6,14.76,6097.24,8982.406,0.008065
2012-03-13,14.7,14.9,14.6,14.78,7249.6,10708.386,0.009589
2012-03-14,14.87,15.08,14.04,14.05,11679.04,17199.003,0.015448
2012-03-16,13.67,14.1,13.38,13.96,18076.02,24810.799,0.02391
2012-03-19,13.84,13.99,13.72,13.93,6417.91,8878.833,0.008489
2012-03-20,13.9,14.42,13.84,14.09,9759.65,13761.15,0.01291
2012-03-21,13.92,14.1,13.73,13.85,5529.62,7688.368,0.007314
2012-03-22,13.82,14.15,13.82,14.01,4900.45,6886.72,0.006482
2012-03-23,13.86,14.12,13.71,13.88,5213.39,7261.185,0.006896
2012-03-26,13.85,13.94,13.72,13.81,4245.25,5858.931,0.005615
2012-03-27,13.83,14.03,13.71,13.81,4094.95,5675.161,0.005417
2012-03-28,13.8,13.9,13.12,13.12,6354.16,8537.664,0.008405000000000001
2012-03-29,13.18,13.29,12.6,12.62,4743.33,6109.065,0.006273999999999999
2012-03-30,12.62,12.9,12.6,12.84,3372.91,4299.241,0.004462
2012-04-05,12.84,13.44,12.76,13.29,5104.88,6679.819,0.006752
2012-04-06,13.25,13.28,12.9,13.17,6448.98,8439.322,0.00853
2012-04-09,12.97,13.17,12.88,13.07,3841.88,5014.955,0.005082
2012-04-10,12.98,13.12,12.72,13.0,3767.0,4854.435,0.0049830000000000004
2012-04-11,12.9,13.1,12.83,13.02,3718.27,4819.676,0.0049180000000000005
2012-04-12,12.92,13.44,12.92,13.44,6783.76,8977.258,0.008973
2012-04-13,13.4,13.7,13.36,13.69,7561.1,10260.949,0.010001
2012-04-16,13.6,13.95,13.42,13.9,5995.48,8258.341,0.007931
2012-04-19,14.3,14.6,14.03,14.6,20866.21,30320.759,0.027601
2012-04-20,14.7,15.33,14.5,15.33,11637.01,17341.412,0.015392999999999999
2012-04-23,15.95,15.96,14.91,15.16,28141.98,44059.66,0.037225
2012-04-24,14.56,15.5,14.41,15.1,15581.0,23266.654,0.02061
2012-04-25,14.95,15.49,14.64,15.32,11323.94,17215.21,0.014979
2012-04-26,15.35,15.43,14.97,15.16,8322.65,12638.464,0.011009
2012-04-27,15.03,15.08,14.4,14.6,14921.18,21705.61,0.019737
2012-05-02,14.33,14.72,13.87,13.87,22539.22,31464.262,0.029813999999999997
2012-05-03,13.69,14.12,13.18,14.04,16850.71,22822.757,0.022289
2012-05-04,14.0,14.48,13.7,14.07,12050.79,17061.035,0.01594
2012-05-07,14.0,14.45,13.74,14.38,10757.73,15335.393,0.01423
2012-05-08,14.24,15.1,14.24,15.07,19132.3,28625.789,0.025307
2012-05-09,14.98,15.3,14.75,14.96,11153.14,16743.268,0.014753
2012-05-10,14.96,15.45,14.96,15.23,12153.33,18558.608,0.016076
2012-05-11,15.11,15.73,15.11,15.7,14517.31,22576.877,0.019202999999999998
2012-05-14,15.8,15.86,15.2,15.25,11819.8,18232.042,0.015635
2012-05-15,15.22,15.56,14.91,15.37,10266.96,15743.265,0.013581000000000001
2012-05-16,15.23,15.85,15.11,15.59,11939.97,18595.349,0.015794
2012-05-17,15.58,15.94,15.31,15.82,10894.96,17052.355,0.014411
2012-05-18,15.7,16.61,15.48,16.46,31593.17,51563.816,0.04179
2012-05-21,16.14,16.78,16.1,16.32,14412.5,23621.81,0.019064
2012-05-22,16.39,16.82,16.3,16.45,10146.81,16784.229,0.013422
2012-05-23,16.44,16.59,16.17,16.44,10387.65,16991.609,0.01374
2012-05-24,16.5,16.5,15.62,15.69,15303.73,24261.569,0.020243
2012-05-25,15.69,16.18,15.52,15.9,6858.59,10814.94,0.009072
2012-05-28,15.63,16.05,15.25,15.77,6981.73,10974.507,0.009235
2012-05-29,15.71,16.4,15.7,16.21,8505.48,13728.742,0.011251
2012-05-30,16.2,17.0,16.14,16.94,11089.46,18412.116,0.014669000000000001
2012-05-31,16.89,17.79,16.7,17.79,11631.25,20446.663,0.015385
2012-06-01,18.29,18.68,17.9,17.92,27790.98,51052.487,0.036761
2012-06-04,17.24,18.06,17.24,17.64,15132.08,26831.518,0.020016
2012-06-05,17.64,18.25,17.02,17.96,13557.39,23980.74,0.017932999999999998
2012-06-06,17.95,18.0,17.51,17.7,6114.65,10875.034,0.008088
2012-06-07,17.81,17.94,17.55,17.59,5461.82,9667.084,0.0072250000000000005
2012-06-08,17.73,17.79,17.33,17.65,6433.25,11307.679,0.00851
2012-06-11,17.61,17.68,17.03,17.39,10900.55,18853.962,0.014419
2012-06-12,17.4,18.26,17.12,18.26,8957.45,15812.493,0.011848000000000001
2012-06-13,18.18,18.8,18.15,18.36,11995.47,22217.846,0.015867
2012-06-14,18.19,18.98,18.19,18.67,13563.3,25311.741,0.017941
2012-06-15,18.6,18.95,18.29,18.65,7470.23,13930.663,0.009881
2012-06-18,18.61,18.94,18.37,18.42,7390.43,13743.634,0.009776
2012-06-19,18.32,18.5,18.01,18.24,6680.03,12217.46,0.008836
2012-06-20,18.36,18.67,18.14,18.62,6395.51,11784.134,0.00846
2012-06-21,18.63,18.65,17.69,17.86,12333.12,22057.729,0.016314
2012-06-25,17.51,17.7,16.97,16.97,10422.39,17940.347,0.013786
2012-06-26,16.59,17.06,16.52,16.88,6743.38,11284.603,0.00892
2012-06-27,16.8,16.96,16.04,16.06,10138.68,16626.662,0.013411
2012-06-28,16.08,16.42,15.8,15.84,7718.7,12470.807,0.010209999999999999
2012-06-29,15.78,16.45,15.35,16.32,10622.87,17060.028,0.014051000000000001
2012-07-02,16.58,16.74,16.23,16.59,6102.82,10078.612,0.008073
2012-07-03,16.47,16.82,16.43,16.55,6293.03,10482.901,0.008324
2012-07-04,16.48,16.88,16.21,16.41,6588.95,10915.917,0.008716
2012-07-05,16.24,16.4,15.64,15.78,8351.26,13372.25,0.011047
2012-07-06,15.8,16.45,15.59,16.36,8567.76,13717.316,0.011333
2012-07-09,16.21,16.45,15.54,15.54,7974.08,12659.435,0.010548
2012-07-10,15.7,15.7,14.85,15.05,8648.87,13114.145,0.011439999999999999
2012-07-11,15.09,15.23,14.8,15.18,4023.06,6037.119,0.005322
2012-07-12,15.16,15.94,14.93,15.94,5525.87,8639.512,0.0073089999999999995
2012-07-13,15.98,16.43,15.63,16.16,9363.37,15066.627,0.012385
2012-07-16,15.72,16.01,15.51,15.62,6678.97,10486.666,0.008834999999999999
2012-07-17,15.45,16.28,15.4,15.72,5901.22,9299.285,0.007806
2012-07-18,15.69,16.11,15.54,16.07,3947.75,6238.426,0.005222
2012-07-19,16.09,16.57,15.96,16.23,5727.95,9338.171,0.007577
2012-07-20,16.2,16.26,15.87,16.09,3574.12,5748.637,0.0047279999999999996
2012-07-23,15.88,16.07,15.51,15.78,3477.2,5468.433,0.004599
2012-07-24,15.7,16.0,15.57,15.85,3690.01,5819.413,0.004881
2012-07-25,15.6,16.17,15.6,16.15,5059.38,8090.955,0.006692
2012-07-26,16.02,16.26,16.01,16.05,4119.78,6654.905,0.005449000000000001
2012-07-27,16.17,16.18,15.7,15.8,3669.5,5861.951,0.004854
2012-07-30,15.01,15.01,15.01,15.01,1033.0,1550.533,0.001366
2012-07-31,14.26,14.26,14.26,14.26,256.0,365.056,0.000339
2012-08-01,13.55,13.88,13.55,13.59,30265.75,41090.989,0.040034
2012-08-02,13.6,13.7,13.33,13.51,8806.59,11922.851,0.011649
2012-08-03,13.52,13.79,13.5,13.74,7368.94,10077.297,0.009747
2012-08-06,13.68,13.97,13.51,13.95,13017.38,17954.448,0.017218999999999998
2012-08-07,13.94,14.44,13.8,14.14,7697.15,10866.429,0.010181
2012-08-08,14.14,14.28,13.73,13.81,8752.88,12198.058,0.011578
2012-08-09,13.71,14.19,13.71,14.11,8672.08,12135.472,0.011471
2012-08-10,14.07,14.12,13.81,14.02,6051.06,8452.889,0.008004
2012-08-13,13.91,13.94,13.32,13.33,7949.5,10797.675,0.010515000000000002
2012-08-14,13.47,13.48,13.0,13.3,6294.9,8298.505,0.008327
2012-08-15,13.29,13.3,12.77,13.07,6417.18,8371.726,0.008488
2012-08-16,13.0,13.33,12.86,13.12,4732.49,6198.842,0.00626
2012-08-17,13.2,13.55,13.05,13.36,5263.61,7012.705,0.006962
2012-08-20,13.3,13.69,13.11,13.32,5125.32,6816.389,0.0067800000000000004
2012-08-21,13.36,13.94,13.32,13.63,6945.42,9495.07,0.009186999999999999
2012-08-22,13.65,13.98,13.5,13.81,7552.17,10401.772,0.00999
2012-08-23,13.95,14.22,13.81,14.05,7513.42,10516.17,0.009938
2012-08-24,14.0,14.08,13.35,13.35,8575.97,11627.103,0.011344
2012-08-27,13.13,13.65,13.1,13.6,7050.23,9471.626,0.009326
2012-08-28,13.35,13.59,13.1,13.37,4623.07,6199.559,0.006115000000000001
2012-08-29,13.33,14.04,13.33,13.97,9992.1,13954.572,0.013217000000000001
2012-08-30,13.85,14.08,13.42,13.88,8495.54,11725.37,0.011236999999999999
2012-08-31,13.93,14.57,13.83,14.57,6401.71,9258.501,0.008468
2012-09-03,14.75,14.75,14.2,14.54,15036.02,21774.822,0.019889
2012-09-04,14.39,15.17,14.31,14.61,10435.73,15508.006,0.013804
2012-09-05,14.5,14.99,14.48,14.87,6014.57,8876.221,0.007956
2012-09-06,14.89,15.0,14.65,14.92,5568.83,8257.046,0.007366
2012-09-07,14.98,15.62,14.77,15.16,14531.81,22292.297,0.019222
2012-09-10,15.18,15.38,14.83,14.9,10436.77,15727.592,0.013805000000000001
2012-09-11,14.81,15.24,14.72,14.97,8938.28,13425.815,0.011822999999999998
2012-09-12,14.95,15.43,14.85,15.28,11601.92,17662.524,0.015346
2012-09-13,15.28,15.48,15.12,15.17,7066.18,10797.343,0.009347
2012-09-14,15.21,15.36,15.01,15.04,6471.26,9805.493,0.00856
2012-09-17,15.1,15.1,14.29,14.29,9646.81,13981.733,0.01276
2012-09-18,14.07,14.3,13.89,14.12,5340.33,7507.931,0.007064
2012-09-19,14.26,14.67,14.09,14.43,7084.6,10260.067,0.009371
2012-09-20,14.4,14.53,13.79,13.84,5127.18,7264.642,0.006782
2012-09-21,13.71,13.98,13.53,13.87,4232.83,5841.405,0.005599
2012-09-24,13.62,13.83,13.3,13.83,4906.53,6668.338,0.00649
2012-09-25,13.7,14.14,13.68,14.01,4949.22,6914.258,0.006547
2012-09-26,13.92,14.28,13.5,13.73,4768.44,6635.839,0.006307
2012-09-27,13.77,14.3,13.73,14.18,6809.06,9600.906,0.009007
2012-09-28,14.03,14.89,14.03,14.89,9368.64,13697.47,0.012392
2012-10-08,14.85,14.85,14.48,14.62,6115.24,8957.298,0.008088999999999999
2012-10-09,14.57,15.07,14.57,14.91,9819.16,14633.799,0.012988
2012-10-10,14.81,14.91,14.62,14.76,5180.38,7647.687,0.0068520000000000005
2012-10-11,14.85,14.94,14.49,14.53,5400.99,7963.899,0.007144
2012-10-12,14.54,14.75,14.45,14.53,3629.28,5285.674,0.004801000000000001
2012-10-15,14.6,14.99,14.58,14.77,6187.6,9148.782,0.008185
2012-10-16,14.75,14.76,14.5,14.59,4504.02,6591.648,0.005958
2012-10-17,14.65,14.7,14.4,14.49,6376.9,9297.467,0.008435
2012-10-18,14.49,14.72,14.49,14.62,4584.55,6695.255,0.006064000000000001
2012-10-19,14.66,15.35,14.62,15.35,17261.9,26205.04,0.022833000000000003
2012-10-22,15.29,15.55,15.15,15.38,10872.47,16722.397,0.014381999999999999
2012-10-23,15.46,15.5,15.08,15.11,5821.1,8872.124,0.0077
2012-10-24,15.11,15.25,15.0,15.12,3173.91,4805.538,0.004198
2012-10-25,15.0,15.26,14.73,14.79,5670.99,8515.726,0.007501
2012-10-26,14.85,14.96,14.05,14.08,11806.48,16847.044,0.015617
2012-10-29,14.1,14.25,13.98,14.05,3577.71,5040.03,0.004732
2012-10-30,14.1,14.23,13.96,13.99,3214.92,4530.878,0.004253
2012-10-31,14.03,14.55,14.03,14.26,3561.94,5081.471,0.004712
2012-11-01,14.34,14.54,14.3,14.46,4817.24,6950.144,0.006372
2012-11-02,14.6,15.18,14.43,14.81,6757.08,10016.223,0.008938
2012-11-05,14.8,14.81,14.37,14.52,7921.65,11482.096,0.010478000000000001
2012-11-06,14.56,15.25,14.1,14.7,9770.48,14300.645,0.012924
2012-11-07,14.79,14.79,14.48,14.51,4820.56,7062.107,0.006376
2012-11-08,14.49,14.49,14.11,14.12,4268.7,6074.983,0.005646
2012-11-09,14.26,14.46,14.1,14.19,3831.61,5442.212,0.0050680000000000005
2012-11-12,14.29,14.33,13.6,13.91,5474.41,7609.563,0.007241
2012-11-13,13.95,13.95,13.6,13.65,3776.52,5194.199,0.004995
2012-11-14,13.55,13.79,13.52,13.71,1844.55,2518.728,0.00244
2012-11-15,13.59,13.59,13.02,13.02,8287.17,10934.894,0.010962000000000001
2012-11-16,12.99,12.99,12.37,12.45,9030.32,11302.845,0.011944999999999999
2012-11-19,12.54,12.65,12.3,12.64,5065.84,6303.753,0.006701
2012-11-20,12.69,12.85,12.57,12.65,3151.89,3998.168,0.004169
2012-11-21,12.7,12.83,12.47,12.81,4014.06,5080.918,0.0053100000000000005
2012-11-22,12.8,12.8,12.57,12.73,3758.88,4763.512,0.004972
2012-11-23,12.74,12.84,12.64,12.82,3332.01,4253.435,0.0044069999999999995
2012-11-26,12.82,13.45,12.5,13.1,7920.91,10339.14,0.010477
2012-11-27,13.0,13.18,12.45,12.45,8380.29,10560.239,0.011085000000000001
2012-11-28,12.36,12.45,12.02,12.04,4052.39,4943.855,0.00536
2012-11-29,12.04,12.13,11.44,11.44,6763.62,7956.581,0.008947
2012-11-30,11.41,11.74,11.04,11.68,5660.91,6472.075,0.007488
2012-12-03,11.48,12.2,11.15,11.48,8298.87,9594.223,0.010976999999999999
2012-12-04,11.5,11.73,11.22,11.57,3395.7,3878.781,0.0044919999999999995
2012-12-05,11.88,12.15,11.3,12.14,11097.17,13375.377,0.014679
2012-12-06,12.13,12.58,12.0,12.33,7716.98,9461.306,0.010208
2012-12-07,12.25,12.47,12.12,12.39,8286.77,10222.869,0.010961
2012-12-10,12.5,12.89,12.35,12.72,10353.97,13067.803,0.013696
2012-12-11,12.8,12.8,12.5,12.55,8005.62,10081.255,0.010589
2012-12-12,12.53,12.68,12.47,12.59,3599.69,4521.394,0.0047610000000000005
2012-12-13,12.63,12.7,12.38,12.4,5730.49,7196.627,0.00758
2012-12-14,12.4,13.02,12.4,13.02,8511.01,10967.573,0.011257999999999999
2012-12-17,13.1,13.67,12.9,13.39,16629.72,22296.555,0.021997
2012-12-18,13.35,13.5,13.15,13.39,7952.94,10605.413,0.01052
2012-12-19,13.4,13.43,12.72,12.79,15927.17,20628.946,0.021067999999999996
2012-12-20,12.69,12.98,12.48,12.96,8694.76,11074.317,0.011500999999999999
2012-12-21,12.89,13.0,12.47,12.61,13039.87,16514.538,0.017249
2012-12-24,12.55,12.69,12.48,12.66,9033.34,11368.609,0.011949000000000001
2012-12-25,12.55,13.19,12.5,12.97,12677.22,16362.104,0.016769
2012-12-26,12.92,13.03,12.81,12.85,12082.4,15617.483,0.015982
2012-12-27,12.87,13.49,12.85,13.49,18951.24,25409.893,0.025068
2012-12-28,13.48,13.91,13.36,13.55,18840.7,25671.055,0.024922
2012-12-31,13.52,14.12,13.48,13.71,12107.58,16672.403,0.016014999999999998
2013-01-04,13.54,13.74,13.02,13.02,12535.58,16365.358,0.016581
2013-01-07,12.75,13.6,12.75,13.22,8883.89,11714.652,0.011751000000000001
2013-01-08,13.34,13.45,13.12,13.28,7186.43,9537.784,0.009506
2013-01-09,13.29,13.4,13.04,13.08,7236.32,9553.153,0.009572
2013-01-10,13.18,13.18,13.0,13.17,5959.86,7802.307,0.007883
2013-01-11,13.12,13.6,13.11,13.33,10598.92,14204.546,0.01402
2013-01-14,13.29,13.69,13.18,13.62,7691.31,10379.123,0.010174
2013-01-15,13.6,13.95,13.42,13.81,10016.66,13721.46,0.01325
2013-01-16,13.75,14.46,13.55,14.11,13353.47,18850.664,0.017662999999999998
2013-01-17,14.15,14.6,14.03,14.3,10399.51,14874.37,0.013755999999999999
2013-01-18,14.31,14.86,14.21,14.75,10539.89,15317.928,0.013942000000000001
2013-01-21,14.67,15.24,14.56,14.99,12312.26,18438.25,0.016286000000000002
2013-01-22,14.96,15.74,14.92,15.4,22869.78,35316.088,0.030251
2013-01-23,15.31,15.67,14.63,14.89,22500.96,33911.414,0.029763
2013-01-24,14.79,15.41,14.77,14.97,17990.28,27147.163,0.023797000000000002
2013-01-25,15.46,15.72,15.2,15.37,18257.51,28350.104,0.02415
2013-01-28,15.38,15.6,15.17,15.53,10876.68,16733.743,0.014387
2013-01-29,15.53,16.15,15.42,15.95,11630.75,18397.846,0.015385
2013-01-30,15.86,16.23,15.6,15.97,11599.65,18462.087,0.015343
2013-01-31,15.86,16.11,15.55,15.87,8915.31,14111.983,0.011793
2013-02-01,15.86,16.0,15.6,15.89,12710.45,20080.442,0.016813
2013-02-04,15.89,16.15,15.61,15.99,10482.17,16707.505,0.013865
2013-02-05,15.98,16.79,15.71,16.79,16884.58,27835.168,0.022334
2013-02-06,16.98,17.11,16.74,17.04,10604.45,17940.751,0.014027000000000001
2013-02-07,17.16,17.78,17.07,17.35,13404.58,23360.973,0.017731
2013-02-08,17.3,17.6,16.8,16.85,10214.4,17387.456,0.013511
2013-02-18,16.55,16.88,16.46,16.71,9571.34,15872.975,0.012661
2013-02-19,16.76,16.76,16.12,16.3,12051.68,19703.723,0.015941
2013-02-20,16.3,16.57,16.21,16.39,6771.59,11094.16,0.008957
2013-02-21,16.3,16.3,15.57,15.62,16031.33,25350.36,0.021204999999999998
2013-02-22,15.3,16.0,15.3,15.52,9247.03,14367.654,0.012232
2013-02-25,15.45,15.65,15.06,15.12,8096.82,12343.023,0.010709999999999999
2013-02-26,15.12,15.62,15.07,15.3,10006.14,15382.43,0.013236000000000001
2013-02-27,15.25,15.77,15.2,15.72,8408.26,13062.194,0.011122
2013-02-28,15.74,16.27,15.68,16.01,11437.04,18255.135,0.015127999999999999
2013-03-01,16.19,16.2,15.95,16.06,9864.58,15823.969,0.013047999999999999
2013-03-04,16.0,16.79,15.72,15.78,16435.38,26361.036,0.02174
2013-03-05,15.76,16.54,15.65,16.49,12960.86,20993.499,0.017144
2013-03-06,16.54,16.79,16.36,16.48,11367.0,18826.655,0.015036
2013-03-07,16.37,17.2,16.36,16.73,11216.97,18877.295,0.014837
2013-03-08,16.89,16.89,16.11,16.27,8087.1,13406.438,0.010697000000000002
2013-03-11,16.23,17.08,16.23,16.84,8393.66,14023.051,0.011103
2013-03-12,16.8,16.96,16.0,16.15,11829.01,19259.132,0.015647
2013-03-13,16.18,16.19,15.89,15.97,8415.78,13459.144,0.011132
2013-03-14,15.96,16.36,15.92,16.34,5093.06,8232.159,0.006737
2013-03-15,16.37,16.67,16.12,16.44,7354.66,12125.242,0.009728
2013-03-18,16.28,16.5,16.1,16.34,5498.22,8981.24,0.007272999999999999
2013-03-19,16.38,16.46,16.14,16.34,5322.13,8667.471,0.007039999999999999
2013-03-20,16.43,16.95,16.35,16.7,7950.24,13237.154,0.010516000000000001
2013-03-21,16.77,17.33,16.63,17.04,12037.2,20539.402,0.015922000000000002
2013-03-22,17.0,17.19,16.96,17.12,7970.23,13592.592,0.010543
2013-03-25,17.13,17.6,17.13,17.35,9436.9,16399.856,0.012483
2013-03-26,17.37,17.73,17.05,17.35,7489.01,12950.076,0.009906
2013-03-27,17.35,17.49,16.48,16.68,17447.14,29596.237,0.023077999999999998
2013-03-28,16.55,16.69,16.01,16.46,13252.25,21662.817,0.017529
2013-04-08,15.8,15.84,15.64,15.64,11681.0,18305.348,0.015451
2013-04-09,15.61,16.14,15.61,16.12,9229.89,14739.118,0.012209000000000001
2013-04-10,16.0,16.4,15.93,16.04,6944.17,11194.361,0.009185
2013-04-11,16.06,16.79,16.01,16.5,9259.09,15212.856,0.012247
2013-04-12,16.36,16.95,16.36,16.9,10863.55,18156.651,0.01437
2013-04-15,16.75,16.8,16.45,16.68,7359.33,12241.279,0.009735
2013-04-16,16.6,16.65,16.0,16.62,7129.08,11713.648,0.00943
2013-04-17,16.64,16.84,16.53,16.65,4205.68,7004.92,0.005563
2013-04-18,16.51,17.35,16.46,17.17,12943.43,21949.675,0.017121
2013-04-19,17.19,17.5,17.09,17.32,11236.93,19475.896,0.014863999999999999
2013-04-22,17.22,17.44,17.01,17.2,6958.77,11951.292,0.009205
2013-04-23,17.21,17.63,17.05,17.33,13699.55,23760.607,0.018121
2013-04-24,17.36,18.2,17.26,18.2,7955.54,14300.886,0.010523
2013-04-25,18.51,19.11,18.5,19.11,11177.96,21161.352,0.014785999999999999
2013-04-26,20.07,20.07,18.77,18.79,38933.53,75654.179,0.051498999999999996
2013-05-02,18.5,19.27,18.33,18.76,15378.24,28977.529,0.020342
2013-05-03,18.83,19.68,18.68,19.36,17245.34,33372.386,0.022810999999999998
2013-05-06,19.36,19.45,18.84,19.05,16514.7,31494.0,0.021845
2013-05-07,19.02,19.29,18.72,18.91,9512.06,18077.114,0.012582
2013-05-08,18.9,19.13,18.57,18.76,11418.92,21487.304,0.015104
2013-05-09,18.79,19.2,18.6,19.18,9567.76,18025.117,0.012656
2013-05-10,19.05,19.26,18.95,19.19,9180.26,17531.27,0.012143
2013-05-13,19.19,19.19,18.56,18.66,10295.18,19241.174,0.013617999999999998
2013-05-14,18.5,18.85,18.5,18.66,7120.31,13258.705,0.009418
2013-05-15,18.4,18.72,18.4,18.62,6052.18,11239.609,0.008006
2013-05-16,18.45,18.98,18.45,18.82,8885.0,16664.973,0.011753
2013-05-17,18.71,19.5,18.71,19.22,9683.16,18499.868,0.012808
2013-05-20,19.11,19.2,18.92,19.19,10248.95,19557.607,0.013557
2013-05-21,19.18,19.54,19.01,19.41,9742.88,18804.112,0.012887
2013-05-22,19.4,19.8,19.0,19.23,11139.51,21534.765,0.014735
2013-05-23,19.19,19.2,18.4,18.59,15844.85,29866.336,0.020959
2013-05-24,18.61,18.74,18.44,18.72,7624.57,14171.142,0.010085
2013-05-27,18.58,18.65,18.3,18.51,7348.18,13587.298,0.00972
2013-05-28,18.48,19.31,18.45,19.2,15478.25,29552.133,0.020474000000000003
2013-05-29,19.04,19.4,18.98,19.07,9466.52,18087.64,0.012522
2013-05-30,19.07,19.95,19.03,19.84,18436.42,36247.669,0.024387
2013-05-31,20.83,20.83,20.83,20.83,14008.21,29179.101,0.018529
2013-06-03,20.78,20.95,20.1,20.26,26778.0,54942.674,0.035421
2013-06-04,20.13,21.21,20.11,20.95,30312.02,63008.176,0.040095
2013-06-05,20.8,21.25,20.3,20.38,19319.87,40173.157,0.025554999999999998
2013-06-06,20.35,21.35,20.14,21.0,23780.08,50041.314,0.031455000000000004
2013-06-07,21.0,21.17,20.25,20.76,16416.84,33835.728,0.021714999999999998
2013-06-13,20.5,20.99,19.72,19.88,17083.98,34328.736,0.022597999999999997
2013-06-14,19.99,20.75,19.92,20.68,13882.75,28191.953,0.018363
2013-06-17,20.53,21.68,20.43,21.39,19699.23,41424.649,0.026057
2013-06-18,21.5,21.5,20.85,21.06,10267.55,21640.399,0.013581000000000001
2013-06-19,20.64,22.1,20.64,21.91,19032.67,40847.55,0.025175
2013-06-20,21.8,22.08,20.81,20.81,25603.95,55195.659,0.033868
2013-06-21,19.82,20.35,19.77,19.77,20716.7,41090.9,0.027403
2013-06-24,19.6,19.95,18.78,18.78,14213.59,27507.295,0.018801000000000002
2013-06-25,18.01,18.14,17.84,17.96,21006.87,37556.141,0.027787000000000003
2013-06-26,17.83,18.24,17.16,18.23,16811.86,29779.342,0.022238
2013-06-27,18.22,18.55,17.32,17.32,20367.61,36428.174,0.026941000000000003
2013-06-28,16.86,17.49,16.45,16.77,15512.04,26100.088,0.020519
2013-07-01,16.7,17.29,16.52,17.23,10213.08,17389.622,0.013509
2013-07-02,17.25,17.58,17.07,17.48,10287.77,17889.085,0.013608
2013-07-03,17.4,17.53,16.68,17.21,9322.35,15942.38,0.012331000000000002
2013-07-04,17.0,17.62,16.81,17.3,13374.37,23295.838,0.017691
2013-07-05,17.28,17.46,17.0,17.04,10072.79,17262.758,0.013324
2013-07-08,16.8,16.8,16.19,16.19,15337.62,24955.477,0.020288
2013-07-09,16.0,16.21,15.6,15.72,9820.92,15568.215,0.012990999999999999
2013-07-10,15.31,16.49,15.31,16.45,12304.31,19707.861,0.016276
2013-07-11,16.38,17.13,16.21,16.87,14392.51,24101.954,0.019038
2013-07-12,16.85,17.18,16.6,16.62,10788.21,18199.156,0.01427
2013-07-15,16.87,17.4,16.67,17.24,11969.92,20516.532,0.015833
2013-07-16,17.12,17.36,16.99,17.32,9594.65,16467.218,0.012691
2013-07-17,17.41,18.19,17.41,17.91,21801.23,39092.001,0.028838
2013-07-18,17.9,17.9,17.13,17.43,12158.05,21285.136,0.016082
2013-07-19,17.6,17.6,16.56,16.56,16027.33,27244.917,0.0212
2013-07-22,15.98,16.53,15.74,16.51,10914.95,17545.41,0.014438
2013-07-23,16.43,17.28,16.43,16.96,11707.92,19813.504,0.015486999999999999
2013-07-24,17.0,17.12,16.35,16.75,9025.79,15032.119,0.011939
2013-07-25,16.66,17.1,16.6,16.6,9086.03,15277.05,0.012019
2013-07-26,16.6,16.95,16.4,16.86,7088.25,11802.127,0.009376
2013-07-29,16.58,17.58,16.58,16.96,8703.21,14797.051,0.011512
2013-07-30,16.86,17.3,16.66,16.92,6737.63,11456.176,0.008912
2013-07-31,16.99,17.26,16.98,16.98,5574.43,9529.789,0.007374
2013-08-01,16.97,17.42,16.9,17.28,7207.52,12429.81,0.009534
2013-08-02,17.38,17.56,17.23,17.43,10253.79,17807.474,0.013563
2013-08-05,17.38,17.46,17.18,17.44,7578.46,13114.034,0.010024
2013-08-06,17.32,17.73,17.32,17.62,7791.36,13680.657,0.010306
2013-08-07,18.0,18.28,17.8,17.87,15980.77,28862.032,0.021139
2013-08-08,17.75,18.18,17.75,18.1,9802.58,17664.428,0.012966
2013-08-09,18.17,18.44,17.82,18.15,9060.75,16465.197,0.011984999999999999
2013-08-12,18.15,18.27,17.87,18.18,8183.3,14850.591,0.010824
2013-08-13,18.2,18.23,17.96,18.13,6629.88,11989.481,0.00877
2013-08-14,18.34,18.88,18.14,18.56,12774.7,23789.92,0.016898
2013-08-15,18.45,19.18,18.45,19.16,15701.68,29781.713,0.020769000000000003
2013-08-16,19.16,19.32,18.68,18.73,14708.66,27915.771,0.019456
2013-08-19,18.51,19.16,18.35,19.11,10839.1,20363.062,0.014336999999999999
2013-08-20,18.8,18.8,18.15,18.15,19314.36,35356.76,0.025548
2013-08-21,18.05,18.33,17.8,18.16,8538.2,15429.979,0.011294
2013-08-22,18.16,18.25,17.97,18.0,5770.22,10442.221,0.007633
2013-08-23,18.0,18.29,17.5,17.91,12279.06,21954.628,0.016242
2013-08-26,17.81,18.29,17.8,18.2,10596.42,19127.794,0.014015999999999999
2013-08-27,18.24,18.47,18.1,18.32,8733.78,15991.976,0.011553
2013-08-28,18.26,18.73,18.25,18.31,10829.71,19943.741,0.014325000000000001
2013-08-29,18.21,18.37,17.75,17.98,8937.91,16088.059,0.011822999999999998
2013-08-30,18.07,18.2,17.1,17.36,11084.83,19592.301,0.014662
2013-09-02,17.36,17.59,16.89,17.5,9589.96,16513.003,0.012685
2013-09-03,17.36,17.8,17.25,17.65,5869.49,10326.42,0.007764
2013-09-04,17.63,17.73,17.4,17.54,5097.4,8950.387,0.006743
2013-09-05,17.57,17.61,17.32,17.38,3946.21,6886.111,0.00522
2013-09-06,17.28,17.75,17.28,17.65,5762.42,10151.697,0.007622
2013-09-09,17.6,18.25,17.47,18.0,14167.99,25449.955,0.018741
2013-09-10,18.04,18.15,17.85,18.12,11620.26,20917.067,0.015371
2013-09-11,18.13,18.23,17.58,17.67,11360.05,20198.443,0.015026999999999999
2013-09-12,17.61,17.95,17.51,17.74,7752.29,13734.43,0.010254000000000001
2013-09-13,17.63,18.3,17.51,18.18,11786.66,21042.951,0.015590999999999999
2013-09-16,18.13,18.19,17.9,17.92,5995.94,10780.059,0.007931
2013-09-17,17.9,18.48,17.9,17.93,15927.31,29032.906,0.021067999999999996
2013-09-18,17.96,18.48,17.82,18.29,14961.95,27232.655,0.019791
2013-09-23,18.28,18.4,17.74,18.0,14588.18,26183.804,0.019296999999999998
2013-09-24,17.94,17.94,17.64,17.76,9469.13,16818.403,0.012525
2013-09-25,17.77,18.01,17.5,17.64,9270.26,16475.002,0.012262
2013-09-26,17.63,17.63,17.12,17.13,8097.63,14012.569,0.010711
2013-09-27,17.15,17.29,17.11,17.16,5743.46,9863.134,0.0075970000000000005
2013-09-30,17.18,17.44,17.15,17.18,5684.89,9812.433,0.00752
2013-10-08,17.2,17.38,17.0,17.37,5532.13,9546.464,0.007318
2013-10-09,17.38,17.52,17.2,17.46,5036.15,8744.089,0.006662
2013-10-10,17.44,17.46,17.1,17.12,6263.0,10797.225,0.008284
2013-10-11,17.14,17.54,17.13,17.45,6211.69,10812.168,0.008217
2013-10-14,17.36,18.32,17.31,18.32,12613.12,22541.662,0.016684
2013-10-15,18.48,18.48,18.02,18.16,10773.55,19656.084,0.014251
2013-10-16,18.1,18.16,17.25,17.28,9125.54,16034.114,0.012071
2013-10-17,17.39,17.86,17.39,17.5,6504.59,11476.99,0.008604
2013-10-18,17.4,18.18,17.4,17.9,7990.34,14338.43,0.010569
2013-10-21,18.03,18.58,18.03,18.21,10932.86,20041.419,0.014461
2013-10-22,18.34,19.12,18.06,19.12,27059.15,50794.546,0.035793
2013-10-23,19.3,20.08,19.05,19.1,37673.9,73464.336,0.049832999999999995
2013-10-24,18.92,19.67,18.91,19.34,18836.37,36540.981,0.024916
2013-10-25,19.17,19.49,18.89,19.15,13821.7,26418.982,0.018283
2013-10-28,19.11,20.11,19.05,20.11,31522.78,62684.718,0.041697
2013-10-29,20.0,20.33,19.1,19.21,25222.45,49428.098,0.033363000000000004
2013-10-30,19.27,19.52,19.0,19.19,8413.71,16127.469,0.011129
2013-10-31,19.3,19.52,18.9,19.09,11077.02,21276.167,0.014652
2013-11-01,19.09,19.09,18.58,18.79,7889.78,14766.374,0.010436
2013-11-04,18.7,18.85,18.43,18.68,6795.62,12628.969,0.008989
2013-11-05,18.55,19.17,18.48,19.12,7510.59,14214.336,0.009935000000000001
2013-11-06,19.11,19.2,18.88,18.9,5030.36,9584.765,0.006654
2013-11-07,18.88,19.07,18.7,18.7,3807.63,7189.653,0.005037000000000001
2013-11-08,18.7,19.03,18.61,18.74,3609.93,6785.524,0.004775
2013-11-11,18.86,18.87,18.5,18.73,2835.56,5293.339,0.003751
2013-11-12,18.7,18.88,18.57,18.77,3442.85,6459.833,0.004554
2013-11-13,18.77,19.3,18.67,18.78,3916.19,7397.961,0.005180000000000001
2013-11-14,18.78,18.99,18.48,18.92,5393.68,10099.312,0.007134000000000001
2013-11-15,19.0,19.5,18.62,19.19,8883.13,17110.396,0.01175
2013-11-18,19.03,19.27,18.28,18.99,15139.04,28359.587,0.020025
2013-11-19,18.91,19.3,18.6,18.98,11969.95,22576.305,0.015833
2013-11-20,18.99,19.2,18.84,19.03,6637.69,12649.361,0.00878
2013-11-21,19.03,19.09,18.63,18.84,7664.82,14406.795,0.010139
2013-11-22,18.81,18.9,18.71,18.73,4912.68,9236.027,0.006498
2013-11-25,18.72,18.82,18.6,18.66,5013.5,9381.68,0.006632
2013-11-26,18.66,18.84,18.61,18.81,4820.38,9029.746,0.006376
2013-11-27,18.74,18.99,18.71,18.88,6561.46,12358.612,0.008679
2013-11-28,18.88,19.19,18.82,19.01,7093.06,13484.082,0.009382
2013-11-29,19.0,19.08,18.87,19.04,5792.08,10994.88,0.007661
2013-12-02,18.52,19.49,18.52,18.68,13795.94,26201.927,0.018249
2013-12-03,18.57,18.74,18.08,18.71,11282.27,20741.461,0.014924
2013-12-04,18.58,19.19,18.58,19.05,7807.6,14829.226,0.010327999999999999
2013-12-05,19.05,19.89,18.9,19.8,17477.71,33999.056,0.023119
2013-12-06,19.78,20.04,19.58,19.62,8910.13,17642.699,0.011786000000000001
2013-12-09,19.62,19.79,19.43,19.52,5221.51,10202.881,0.006907
2013-12-10,19.67,19.85,19.52,19.71,5959.31,11748.841,0.007883
2013-12-11,19.93,20.57,19.8,19.93,26160.1,52735.58,0.034603
2013-12-12,19.93,20.1,19.01,19.3,17640.33,34168.471,0.023334
2013-12-13,19.23,19.29,18.73,18.97,13744.0,26066.39,0.01818
2013-12-16,18.93,19.08,18.56,18.69,10007.89,18791.211,0.013238000000000002
2013-12-17,18.77,19.29,18.57,18.88,14565.0,27675.377,0.019266000000000002
2013-12-18,18.76,19.1,18.75,18.95,6772.59,12827.601,0.008958
2013-12-19,18.96,19.1,18.9,18.96,4511.15,8565.107,0.005967
2013-12-20,18.77,19.12,18.77,18.97,5175.03,9778.636,0.006845
2013-12-23,19.0,19.0,18.68,18.76,4931.49,9265.667,0.006523
2013-12-24,18.87,19.07,18.7,18.85,6678.06,12613.542,0.008833
2013-12-25,18.72,19.05,18.72,18.89,5444.49,10298.505,0.007201999999999999
2013-12-26,18.89,19.17,18.81,18.87,5774.11,10953.3,0.007638000000000001
2013-12-27,18.81,19.09,18.77,18.99,5439.87,10325.578,0.007196
2013-12-30,19.02,19.89,18.99,19.5,14810.54,28892.229,0.019591
2013-12-31,19.46,19.89,19.4,19.69,10162.62,20040.52,0.013443
2014-01-02,19.65,19.9,19.46,19.76,7317.49,14398.81,0.009679
2014-01-03,19.77,20.05,19.55,19.81,10062.63,19977.885,0.013309999999999999
2014-01-06,19.8,19.85,18.82,18.82,16151.73,30691.622,0.021365
2014-01-07,18.68,18.98,18.56,18.82,5003.88,9422.818,0.006619000000000001
2014-01-08,18.8,18.95,18.52,18.66,5791.25,10831.813,0.00766
2014-01-09,18.78,18.78,18.35,18.38,7893.21,14621.259,0.010441
2014-01-10,18.3,18.3,17.5,17.63,7582.89,13512.895,0.010029999999999999
2014-01-13,17.3,17.83,17.3,17.37,3386.94,5924.505,0.0044800000000000005
2014-01-14,17.37,17.98,17.35,17.89,5886.27,10449.54,0.0077859999999999995
2014-01-15,17.8,17.88,17.7,17.74,3073.63,5468.263,0.004066
2014-01-16,17.74,18.25,17.74,18.18,5190.14,9364.299,0.006865
2014-01-17,18.18,18.47,18.08,18.39,6249.8,11444.726,0.008267
2014-01-20,18.16,18.46,17.71,18.11,4266.6,7738.778,0.005644
2014-01-21,18.27,18.5,17.9,18.11,7284.34,13251.408,0.009635
2014-01-22,18.15,18.33,17.9,18.27,10791.7,19580.568,0.014275
2014-01-23,18.27,18.72,18.27,18.52,10172.6,18865.336,0.013456
2014-01-24,18.54,18.87,18.52,18.82,11009.7,20647.975,0.014563
2014-01-27,18.87,18.94,18.6,18.83,7702.55,14451.249,0.010188999999999998
2014-01-28,18.8,18.92,18.68,18.71,3680.03,6902.054,0.004868
2014-01-29,18.85,18.85,18.58,18.75,4516.79,8459.739,0.005975
2014-01-30,18.73,18.76,18.42,18.51,4980.17,9277.071,0.006588
2014-02-07,18.21,18.6,17.62,18.1,11016.76,19747.431,0.014572
2014-02-10,18.06,18.42,17.95,18.37,9117.51,16637.834,0.01206
2014-02-11,18.26,18.47,18.25,18.41,7511.28,13783.498,0.009936
2014-02-12,18.33,19.33,18.33,19.3,16179.97,30426.173,0.021402
2014-02-13,19.3,19.9,19.11,19.43,17008.83,33205.452,0.022498
2014-02-14,19.4,19.56,19.23,19.45,8246.06,15961.167,0.010907
2014-02-17,19.46,19.77,19.28,19.63,11189.48,21833.333,0.014801
2014-02-18,19.65,19.66,19.38,19.52,11893.37,23224.218,0.015732
2014-02-19,19.4,19.5,19.14,19.34,9777.66,18911.577,0.012932999999999998
2014-02-20,19.3,19.9,19.27,19.59,14448.17,28331.262,0.019111
2014-02-21,19.63,20.07,19.36,19.94,16361.8,32271.896,0.021643
2014-02-24,19.9,20.9,19.74,20.12,25524.48,51995.376,0.033763
2014-02-25,20.19,20.25,19.2,19.27,20298.69,40212.272,0.02685
2014-02-26,19.02,19.45,19.02,19.28,11204.2,21523.373,0.01482
2014-02-27,19.21,19.88,19.21,19.46,10468.39,20493.991,0.013847
2014-02-28,19.46,19.87,19.25,19.83,8447.81,16553.873,0.011174
2014-03-03,19.71,20.0,19.58,19.87,7259.18,14329.305,0.009602000000000001
2014-03-04,19.73,20.04,19.6,19.82,7065.66,13991.41,0.009346
2014-03-05,19.84,20.55,19.72,20.29,14240.02,28688.545,0.018836
2014-03-06,20.06,20.33,19.7,19.88,7549.36,15069.538,0.009986
2014-03-07,19.89,19.95,19.72,19.84,6134.96,12156.139,0.008115
2014-03-10,19.75,19.76,19.07,19.21,10393.34,20222.0,0.013748
2014-03-11,19.11,19.5,19.11,19.38,4367.89,8438.709,0.005778
2014-03-12,19.31,19.55,19.15,19.49,6691.64,12950.613,0.008851
2014-03-13,19.57,20.29,19.34,20.16,10551.28,20993.384,0.013956999999999999
2014-03-14,20.11,20.3,19.73,19.89,6210.82,12382.323,0.008215
2014-03-17,19.89,20.01,19.7,19.89,4647.35,9233.581,0.0061470000000000006
2014-03-18,20.04,20.05,19.76,19.8,5337.55,10597.856,0.0070599999999999994
2014-03-19,19.75,19.8,19.31,19.55,5532.29,10809.053,0.007318
2014-03-20,19.45,19.69,19.38,19.43,4008.59,7811.664,0.005302
2014-03-21,19.24,19.64,19.19,19.63,7865.02,15259.611,0.010403
2014-03-24,19.45,19.9,19.45,19.84,6207.41,12232.821,0.008211000000000001
2014-03-25,19.84,20.0,19.64,19.85,6885.91,13656.933,0.009108
2014-03-26,19.98,20.02,19.8,19.9,4048.9,8069.947,0.005356
2014-03-27,19.87,19.97,19.62,19.82,5234.77,10384.327,0.0069240000000000005
2014-03-28,19.81,19.81,19.3,19.41,6458.41,12581.039,0.008543
2014-03-31,19.28,19.56,19.17,19.44,6389.3,12367.03,0.008451
2014-04-01,19.34,19.86,19.32,19.82,6399.58,12646.012,0.008465
2014-04-02,19.97,19.97,19.62,19.72,4168.5,8237.447,0.005514
2014-04-03,19.72,19.92,19.53,19.59,3278.99,6460.502,0.004337
2014-04-04,19.51,19.87,19.51,19.81,5220.24,10283.996,0.006905
2014-04-08,19.62,19.85,19.61,19.8,4221.15,8326.499,0.005584
2014-04-09,19.9,20.28,19.75,19.97,13698.17,27390.587,0.018119
2014-04-10,19.65,20.27,19.65,20.16,18759.87,37633.08,0.024815
2014-04-11,20.1,20.9,19.93,20.38,21078.04,43111.357,0.027881
2014-04-14,20.5,20.56,19.9,20.2,13690.66,27542.267,0.018109
2014-04-15,20.2,20.5,19.98,20.28,11382.66,23048.323,0.015056
2014-04-16,20.29,20.83,20.17,20.51,10254.46,21031.189,0.013564
2014-04-17,20.58,20.65,20.36,20.43,5461.04,11182.682,0.007224
2014-04-18,20.51,20.59,20.31,20.48,5521.72,11277.01,0.007304000000000001
2014-04-21,20.38,20.53,19.9,19.96,9981.23,20207.506,0.013203
2014-04-22,19.91,20.14,19.75,20.02,6248.0,12442.928,0.008265
2014-04-23,19.95,20.08,19.88,19.97,4560.64,9112.575,0.006032999999999999
2014-04-24,19.8,19.97,19.7,19.82,4708.43,9334.825,0.006228
2014-04-25,19.82,19.94,19.64,19.72,3788.67,7492.082,0.005011
2014-04-28,19.62,19.73,18.75,18.91,8985.09,17203.966,0.011885
2014-04-29,18.79,19.13,18.77,19.12,3221.05,6131.256,0.004261
2014-04-30,19.12,19.26,18.99,19.22,2217.78,4254.213,0.002934
2014-05-05,19.2,19.41,19.1,19.33,3976.36,7668.13,0.00526
2014-05-06,19.45,19.48,19.25,19.38,3045.91,5898.312,0.004029
2014-05-07,19.58,19.58,19.02,19.19,3748.01,7226.989,0.004958000000000001
2014-05-08,19.05,19.38,19.0,19.13,4309.61,8270.183,0.005701
2014-05-09,19.08,19.13,18.8,18.93,4428.93,8385.139,0.0058579999999999995
2014-05-12,18.99,19.42,18.99,19.38,4007.95,7694.572,0.005302
2014-05-13,19.3,19.55,19.24,19.4,4812.57,9346.446,0.006366
2014-05-14,19.36,19.5,19.3,19.44,2451.96,4758.503,0.003243
2014-05-15,19.49,19.54,19.28,19.32,2532.22,4912.114,0.0033489999999999995
2014-05-16,19.34,19.39,19.24,19.32,2734.89,5282.936,0.003618
2014-05-19,19.3,19.68,19.1,19.36,6298.94,12251.11,0.008332
2014-05-20,19.38,19.63,19.38,19.58,3889.7,7595.313,0.005144999999999999
2014-05-21,19.58,19.9,19.5,19.88,6490.45,12832.479,0.008585
2014-05-22,19.9,19.95,19.59,19.76,7614.4,15052.369,0.010072000000000001
2014-05-23,19.69,19.89,19.66,19.83,4984.76,9870.326,0.006594
2014-05-26,19.83,20.06,19.73,19.85,6170.0,12300.838,0.008161
2014-05-27,19.82,19.89,19.7,19.8,1936.41,3828.606,0.002561
2014-05-28,19.7,19.89,19.67,19.85,3210.8,6357.063,0.004247
2014-05-29,19.89,19.89,19.61,19.68,3985.82,7866.706,0.005272
2014-05-30,19.56,19.84,19.56,19.79,2811.3,5546.471,0.003719
2014-06-03,19.78,20.18,19.78,19.87,10624.21,21197.941,0.014053
2014-06-04,19.96,20.06,19.83,19.86,4028.5,8026.586,0.005329
2014-06-05,19.9,20.0,19.8,19.91,3235.74,6440.461,0.00428
2014-06-06,19.9,20.48,19.9,20.44,12972.93,26202.006,0.017159999999999998
2014-06-09,20.42,20.55,20.23,20.28,7394.71,15112.631,0.009781
2014-06-10,20.3,21.29,20.3,21.29,18362.66,38667.702,0.024289
2014-06-11,21.88,21.88,21.01,21.3,24260.76,52028.342,0.032091
2014-06-12,21.39,22.37,21.24,22.37,31664.51,70017.159,0.041884
2014-06-13,22.37,22.87,21.91,22.27,15328.21,34163.243,0.020274999999999998
2014-06-16,22.44,22.58,21.7,21.87,18444.17,40751.138,0.024397000000000002
2014-06-17,22.0,22.0,21.48,21.79,11264.44,24473.913,0.0149
2014-06-18,21.76,21.78,21.03,21.06,9954.7,21284.516,0.013168
2014-06-19,21.11,21.8,21.08,21.24,10744.08,23076.816,0.014212
2014-06-20,21.0,21.5,21.0,21.47,4861.68,10375.067,0.006431
2014-06-23,21.78,22.13,21.65,21.9,10674.4,23458.311,0.014119999999999999
2014-06-24,21.98,22.17,21.75,21.95,9697.09,21331.18,0.012827
2014-06-25,21.88,22.32,21.82,22.15,10747.53,23712.963,0.014216
2014-06-26,22.2,22.46,22.08,22.29,9799.84,21846.536,0.012963
2014-06-27,22.24,22.48,22.15,22.36,11222.83,25055.964,0.014844999999999999
2014-06-30,22.32,22.47,21.8,21.98,10363.15,22865.407,0.013708
2014-07-01,21.86,23.08,21.6,23.08,16727.54,37394.523,0.022126
2014-07-02,22.96,24.19,22.78,23.96,25370.03,59915.037,0.033558
2014-07-03,23.81,24.06,23.72,23.89,8897.33,21241.157,0.011769
2014-07-04,23.89,24.17,23.74,24.08,8252.08,19760.138,0.010915
2014-07-07,24.11,25.24,24.06,24.61,13852.75,34434.59,0.018324
2014-07-08,24.51,24.77,24.22,24.53,8890.5,21700.288,0.01176
2014-07-09,24.7,24.8,23.7,23.8,10515.33,25630.793,0.013909
2014-07-10,23.7,24.99,23.7,24.99,14906.5,36628.183,0.019718
2014-07-11,25.05,25.35,24.76,24.94,12010.01,30043.332,0.015886
2014-07-14,25.05,25.5,24.85,24.99,10687.31,26960.449,0.014137
2014-07-15,25.06,26.24,24.81,26.04,34465.74,88477.388,0.04559
2014-07-16,25.95,26.37,25.76,25.92,23806.2,62069.462,0.03149
2014-07-17,25.6,27.1,25.55,26.44,25624.05,67625.773,0.033894
2014-07-18,26.84,27.76,26.45,27.76,15998.18,43884.557,0.021162
2014-07-21,29.15,29.15,29.15,29.15,15467.48,45087.704,0.02046
2014-07-22,29.24,30.29,27.69,29.4,55626.98,159964.605,0.07358100000000001
2014-07-23,29.8,30.87,29.44,30.87,43427.42,133060.364,0.057443999999999995
2014-07-24,30.31,31.5,29.48,29.95,35914.85,109261.671,0.04750600000000001
2014-07-25,30.0,30.0,28.45,28.45,35817.03,102854.031,0.047377
2014-07-28,28.45,28.59,27.22,28.15,42963.73,119790.47,0.05683
2014-07-29,27.9,28.79,27.87,28.26,27844.38,78789.356,0.036831
2014-07-30,28.28,28.76,27.69,28.7,18605.84,52441.534,0.024611
2014-07-31,28.69,29.06,28.31,28.77,15788.77,45329.061,0.020884999999999997
2014-08-01,28.78,29.47,28.71,28.86,26299.13,76295.288,0.034787
2014-08-04,28.87,28.89,27.99,28.5,22648.41,64211.852,0.029958
2014-08-05,28.43,28.59,28.12,28.29,13264.5,37560.674,0.017546
2014-08-06,28.29,29.15,28.17,28.94,18565.53,53591.013,0.024558
2014-08-07,29.05,30.17,28.96,29.66,19820.91,58711.481,0.026217999999999998
2014-08-08,30.4,31.14,29.74,31.14,43008.45,131789.418,0.056889
2014-08-11,31.0,31.79,30.51,30.6,29810.15,92180.836,0.039431
2014-08-12,30.55,31.39,30.05,30.48,27464.0,84477.242,0.036328
2014-08-13,30.47,30.88,29.3,29.4,30424.61,91048.461,0.040244
2014-08-14,29.32,30.2,29.01,29.84,20566.38,60979.324,0.027204000000000002
2014-08-15,29.86,31.0,29.66,30.92,24119.63,73679.819,0.031904
2014-08-18,30.55,31.23,29.82,29.98,25569.52,77428.431,0.033822
2014-08-19,29.83,30.28,29.55,29.61,17713.54,52814.997,0.023431
2014-08-20,29.5,30.0,29.4,29.63,10355.3,30745.236,0.013696999999999999
2014-08-21,29.6,30.0,29.6,29.92,9314.51,27745.746,0.012321
2014-08-22,29.98,29.98,29.5,29.7,7334.08,21791.24,0.009701
2014-08-25,29.51,29.69,28.58,29.26,19560.11,56847.218,0.025873
2014-08-26,29.17,29.75,28.86,29.52,10147.44,29789.127,0.013423000000000001
2014-08-27,29.4,30.49,29.4,30.07,15101.13,45247.554,0.019975
2014-08-28,29.91,30.17,29.8,29.87,9044.12,27092.447,0.011963
2014-08-29,29.81,30.14,29.62,29.86,8971.33,26858.904,0.011867
2014-09-01,29.89,29.89,29.12,29.77,11152.86,32891.346,0.014752000000000001
2014-09-02,29.82,30.23,29.78,30.0,10324.52,30996.625,0.013656999999999999
2014-09-03,30.01,30.1,29.85,29.98,9701.93,29072.546,0.012833
2014-09-04,29.98,30.07,29.61,29.78,10990.36,32777.369,0.014538
2014-09-05,29.78,30.74,29.71,30.38,18719.38,56785.983,0.024761000000000002
2014-09-09,30.35,30.36,29.82,30.05,10319.73,30892.751,0.01365
2014-09-10,30.0,30.19,29.51,29.91,6529.34,19475.177,0.008637
2014-09-11,29.95,30.24,29.84,30.15,10066.2,30231.043,0.013314999999999999
2014-09-12,30.0,30.3,29.78,29.98,9306.36,27936.928,0.012310000000000001
2014-09-15,29.99,29.99,29.59,29.61,9960.91,29564.73,0.013176
2014-09-16,29.62,30.0,28.31,28.44,11856.36,34696.035,0.015683
2014-09-17,28.6,28.84,28.05,28.5,9311.02,26423.033,0.012316
2014-09-18,28.47,29.07,28.42,28.72,9929.68,28621.847,0.013134
2014-09-19,28.68,30.0,28.58,29.98,13857.58,41062.203,0.01833
2014-09-22,29.83,30.66,29.61,30.21,23150.94,69764.267,0.030623
2014-09-23,30.01,31.64,30.01,31.56,22414.87,69857.135,0.029649000000000002
2014-09-24,32.18,32.24,31.4,31.8,19002.02,60329.499,0.025135
2014-09-25,31.98,32.75,31.48,32.33,17565.71,56638.05,0.023235000000000002
2014-09-26,32.32,33.95,32.0,33.95,22519.46,75390.299,0.029788000000000002
2014-09-29,34.03,35.65,34.01,34.9,28587.48,100574.932,0.037814
2014-09-30,34.65,35.49,33.93,34.91,16559.9,57489.004,0.021905
2014-10-08,34.68,35.29,34.28,34.7,9011.81,31236.386,0.01192
2014-10-09,34.51,34.7,33.53,34.05,16715.3,56845.886,0.022109999999999998
2014-10-10,33.88,34.55,33.73,33.99,8651.46,29504.701,0.011444000000000001
2014-10-13,33.98,33.98,32.71,33.48,13743.82,45694.052,0.01818
2014-10-14,33.41,35.15,33.15,35.15,23272.67,80809.346,0.030784
2014-10-15,35.18,36.38,35.18,35.28,18461.51,66049.157,0.02442
2014-10-16,34.95,35.9,34.47,35.0,9512.4,33464.048,0.012583
2014-10-17,34.8,35.0,33.4,34.31,9888.41,33730.1,0.013080000000000001
2014-10-20,34.0,35.03,33.75,34.51,9890.04,33970.441,0.013082
2014-10-21,34.4,34.95,34.01,34.28,6790.58,23364.83,0.008982
2014-10-22,34.02,35.0,34.0,34.3,6451.34,22224.903,0.008534
2014-10-23,34.3,34.41,33.41,33.48,7561.99,25496.422,0.010003
2014-10-24,33.48,34.0,33.15,33.39,8513.89,28552.114,0.011262000000000001
2014-10-27,33.04,34.72,32.9,34.21,10740.97,36162.819,0.014208
2014-10-28,34.66,35.15,34.2,34.94,7335.31,25479.011,0.009703
2014-10-29,35.08,35.5,35.0,35.26,12209.29,43094.151,0.01615
2014-10-30,35.0,35.35,34.7,34.87,6510.91,22759.544,0.008612
2014-10-31,34.91,35.78,34.87,35.04,10889.21,38402.105,0.014403999999999998
2014-11-03,35.04,35.33,34.52,34.72,6611.41,23035.376,0.008745000000000001
2014-11-04,34.56,34.69,34.01,34.13,7021.6,24096.996,0.009288
2014-11-05,33.9,35.19,33.9,34.59,8742.1,30331.409,0.011564000000000001
2014-11-06,34.6,34.85,34.4,34.65,6804.54,23556.434,0.009001
2014-11-07,34.6,35.7,34.55,34.88,14265.11,49948.571,0.018869
2014-11-10,35.04,35.2,34.49,34.92,9091.78,31654.116,0.012025999999999998
2014-11-11,34.96,35.28,33.5,33.71,11300.94,38903.301,0.014948
2014-11-12,33.75,34.11,33.62,34.06,5918.9,20039.362,0.007829000000000001
2014-11-13,34.16,34.4,33.68,33.88,6069.37,20613.58,0.008028
2014-11-14,33.93,34.19,33.46,33.74,5603.49,18864.171,0.007411999999999999
2014-11-17,33.76,34.8,33.5,34.62,8300.25,28484.053,0.010979000000000001
2014-11-18,34.69,35.86,34.69,35.37,13728.55,48668.907,0.018159
2014-11-19,35.3,35.5,35.01,35.22,6853.36,24130.567,0.009065
2014-11-20,35.9,36.65,35.38,36.26,19391.94,69817.905,0.025651
2014-11-21,36.26,36.55,35.91,36.52,11207.1,40707.387,0.014823999999999999
2014-11-24,36.9,37.6,36.55,37.35,16518.31,61342.723,0.02185
2014-11-25,37.2,37.35,36.12,36.39,18712.68,68681.002,0.024752
2014-11-26,36.39,36.57,35.88,36.48,13382.88,48421.259,0.017702
2014-11-27,36.48,37.5,36.36,36.93,16113.86,59683.267,0.021315
2014-11-28,36.98,37.12,36.4,36.88,14564.59,53709.266,0.019265
2014-12-01,36.82,36.98,35.55,35.66,16890.77,61146.215,0.022342
2014-12-02,35.66,36.85,35.6,36.75,14328.12,52085.28,0.018953
2014-12-03,36.79,37.52,36.58,36.98,19748.72,73185.468,0.026122999999999997
2014-12-04,37.0,38.83,36.58,38.83,26112.56,98929.348,0.03454
2014-12-05,39.8,40.77,36.9,39.96,47367.54,186579.542,0.062655
2014-12-08,40.88,40.88,39.08,39.7,32580.05,129656.383,0.043095
2014-12-09,39.08,40.33,37.72,37.72,37863.94,147588.921,0.050085
2014-12-10,37.1,38.39,36.71,38.08,19292.7,72412.455,0.025519
2014-12-11,38.03,38.08,37.08,37.7,14200.0,53428.951,0.018783
2014-12-12,37.69,38.58,37.5,37.81,12472.14,47279.672,0.016498
2014-12-15,38.2,39.7,38.15,39.7,8272.01,32520.033,0.010942
2014-12-16,41.68,41.69,40.69,41.69,10083.56,41989.13,0.013338000000000001
2014-12-17,43.77,43.77,43.77,43.77,7218.11,31593.667,0.009548
2014-12-18,45.96,45.96,45.96,45.96,1940.14,8916.883,0.002566
2014-12-19,47.0,47.0,43.66,43.66,47643.01,211525.299,0.06301999999999999
2014-12-22,43.5,43.5,41.48,41.48,9139.0,38062.096,0.012089
2014-12-23,39.41,39.41,39.41,39.41,7154.0,28193.914,0.009463000000000001
2014-12-24,39.2,40.0,38.66,39.07,20776.9,81567.316,0.027483
2014-12-25,39.38,41.02,39.01,41.02,21532.99,87317.478,0.028483
2014-12-26,40.8,43.07,40.8,43.07,21796.3,91821.158,0.028831000000000002
2014-12-29,43.0,43.06,40.92,40.92,19435.49,80542.852,0.025708
2014-12-30,40.5,41.45,39.4,40.9,11277.12,45640.633,0.014917
2014-12-31,40.9,41.5,40.0,41.18,7969.7,32542.806,0.010542000000000001
2015-01-05,40.8,41.33,39.7,40.44,11623.44,46804.609,0.015375000000000002
2015-01-06,39.9,40.48,39.0,39.4,12794.9,50540.151,0.016923999999999998
2015-01-07,39.42,40.95,39.42,40.25,11109.52,44943.336,0.014695
2015-01-08,40.41,40.45,39.0,39.98,6028.11,23917.493,0.007974
2015-01-09,39.55,40.29,39.5,39.84,6982.97,27866.763,0.009237
2015-01-12,39.41,39.7,37.85,38.01,13625.18,52390.03,0.018023
2015-01-13,38.1,39.2,38.03,38.9,6879.9,26663.063,0.0091
2015-01-14,38.5,39.17,38.5,38.84,7577.71,29456.933,0.010022999999999999
2015-01-15,38.79,39.93,38.72,39.52,9168.13,36196.34,0.012126999999999999
2015-01-16,39.69,39.7,38.39,38.79,10046.85,38943.43,0.013289
2015-01-19,36.85,37.5,36.85,36.85,13167.68,48683.432,0.017418
2015-01-20,36.0,36.78,35.47,35.78,22337.95,80082.492,0.029548
2015-01-21,36.18,37.5,35.85,37.02,18352.22,67352.121,0.024275
2015-01-22,37.02,38.14,36.58,37.98,13523.37,50588.175,0.017888
2015-01-23,38.4,39.33,38.07,38.61,13057.91,50437.865,0.017272
2015-01-26,38.57,39.49,37.67,39.35,16641.39,63710.132,0.022012
2015-01-27,39.0,41.32,38.7,41.32,13051.52,52867.213,0.017263999999999998
2015-01-28,41.77,43.39,39.62,40.22,30450.68,127163.594,0.040278999999999995
2015-01-29,39.4,42.22,39.19,40.7,17585.73,71980.058,0.023262
2015-01-30,40.55,41.68,40.1,41.31,11993.77,49047.634,0.015865
2015-02-02,40.2,40.82,40.02,40.54,9297.36,37636.766,0.012298
2015-02-03,40.61,41.15,40.28,41.11,9567.72,38951.245,0.012656
2015-02-04,41.0,41.0,39.78,39.86,15393.86,61931.391,0.020362
2015-02-05,40.48,40.48,39.51,39.86,6485.0,25901.283,0.008578
2015-02-06,39.8,40.29,39.61,39.82,6699.12,26725.367,0.008861
2015-02-09,39.68,39.85,39.0,39.59,6485.26,25627.931,0.008578
2015-02-10,39.59,39.66,38.8,38.97,6895.95,27026.438,0.009122
2015-02-11,38.88,38.88,37.75,37.91,9784.52,37230.99,0.012942
2015-02-12,37.81,39.7,37.81,38.62,11288.87,44058.524,0.014932
2015-02-13,38.68,40.45,38.68,40.06,13504.04,53956.083,0.017862
2015-02-16,40.2,40.79,39.55,40.19,9209.15,37052.393,0.012180999999999999
2015-02-17,40.21,40.45,40.02,40.32,5703.39,22930.653,0.0075439999999999995
2015-02-25,40.32,40.35,39.55,39.62,7802.76,31006.568,0.010321
2015-02-26,39.51,40.5,39.5,40.29,8705.45,34850.224,0.011515
2015-02-27,40.3,41.2,40.14,40.8,12311.56,50131.9,0.016285
2015-03-02,40.88,41.06,40.04,40.88,10495.13,42715.102,0.013882
2015-03-03,40.62,40.86,39.91,40.15,9815.1,39437.438,0.012983
2015-03-04,39.72,40.15,38.67,39.44,12880.86,50831.547,0.017038
2015-03-05,39.3,40.58,38.75,39.17,15766.82,62236.102,0.020856
2015-03-06,39.19,39.2,38.13,38.28,17073.83,65617.103,0.022584
2015-03-09,38.0,38.0,37.0,37.42,20352.75,75830.86,0.026922
2015-03-10,37.41,37.95,37.4,37.59,18883.77,71035.481,0.024979
2015-03-11,37.63,37.79,37.16,37.17,15857.35,59505.931,0.020975
2015-03-12,37.06,37.42,36.52,37.26,17526.41,64797.699,0.023183
2015-03-13,37.32,38.08,37.29,38.03,17204.37,64825.278,0.022757
2015-03-16,38.09,38.47,37.91,38.4,19703.34,75276.722,0.026063
2015-03-17,38.37,38.46,37.8,38.06,29299.71,111601.038,0.038756
2015-03-18,38.08,38.4,38.04,38.2,25371.38,96827.856,0.03356
2015-03-19,38.3,38.34,38.01,38.16,20151.9,76881.668,0.026656
2015-03-20,38.12,40.07,38.1,39.47,45161.71,176485.583,0.059738
2015-03-23,39.2,39.22,38.63,39.06,36150.73,140711.837,0.047818
2015-03-24,38.99,38.99,37.11,37.94,34212.62,130386.373,0.045255000000000004
2015-03-25,38.03,38.84,37.79,38.3,23240.87,89040.233,0.030742
2015-03-26,38.43,38.45,37.55,37.74,21294.69,81034.487,0.028168000000000002
2015-03-27,37.7,38.45,37.63,38.1,16679.17,63492.545,0.022062
2015-03-30,38.06,38.5,37.8,38.27,23573.32,89786.834,0.031181999999999998
2015-03-31,38.45,40.17,38.2,39.7,57076.87,225070.378,0.075499
2015-04-01,39.75,41.69,39.5,41.69,60996.89,249776.98,0.080684
2015-04-02,41.86,43.77,41.86,42.66,51529.97,222029.543,0.068161
2015-04-03,41.59,42.65,41.59,42.29,29910.45,125596.395,0.039564
2015-04-07,41.88,42.03,41.1,41.82,31951.44,132759.293,0.042263999999999996
2015-04-08,41.6,43.0,41.6,42.17,39834.43,168163.696,0.052691
2015-04-09,42.15,43.91,42.01,42.99,41099.86,176244.634,0.054365
2015-04-10,43.15,44.0,42.44,43.41,38447.13,166194.883,0.050856000000000005
2015-04-13,43.78,43.99,42.95,43.32,28208.94,122421.452,0.037313
2015-04-14,43.01,43.32,42.05,42.35,26980.1,115245.424,0.035688
2015-04-15,41.98,41.98,40.23,40.23,30230.38,123178.459,0.039987
2015-04-16,39.9,42.24,39.03,42.24,20923.71,86272.136,0.027677
2015-04-17,44.35,44.35,44.35,44.35,7059.44,31308.616,0.009337999999999999
2015-04-20,46.0,46.57,44.55,45.33,63975.17,294448.022,0.084623
2015-04-21,44.6,47.55,43.06,47.09,36160.11,167045.578,0.047831
2015-04-22,46.7,49.44,46.7,48.99,28877.94,140212.523,0.038197999999999996
2015-04-23,49.79,49.79,47.55,47.88,28613.38,137734.041,0.037848
2015-04-24,47.5,48.5,47.0,47.93,24231.28,116359.833,0.032052
2015-04-27,48.4,48.4,46.1,47.25,25262.72,119396.931,0.033416
2015-04-28,47.25,47.8,45.7,46.28,19232.99,89494.776,0.02544
2015-04-29,46.31,48.59,46.31,48.59,21232.55,102122.495,0.028085
2015-04-30,50.3,51.02,50.18,51.02,29417.37,149914.627,0.038912
2015-05-04,52.0,53.5,50.57,53.09,35125.26,185071.0,0.046462
2015-05-05,52.6,53.2,50.7,51.02,26943.22,139866.256,0.035639
2015-05-06,51.3,53.3,51.3,52.07,20837.39,109235.62,0.027563
2015-05-07,51.17,52.79,50.51,51.86,18510.47,95599.922,0.024485
2015-05-08,52.56,53.48,51.0,52.23,18762.14,97228.429,0.024817999999999996
2015-05-11,52.59,54.84,52.4,54.84,16045.01,86252.829,0.021224
2015-05-12,56.1,57.58,55.7,57.58,25391.12,145983.77,0.033586
2015-05-13,60.19,60.46,58.8,60.46,26680.67,161121.659,0.035292
2015-05-14,62.79,63.48,61.48,63.48,8932.42,56468.547,0.011814999999999999
2015-05-15,66.65,66.65,66.65,66.65,4452.75,29677.579,0.005889999999999999
2015-05-18,69.0,69.0,63.35,67.14,43325.36,288967.277,0.057309
2015-05-19,66.74,67.3,64.5,66.6,25522.06,167590.878,0.033759000000000004
2015-05-20,65.8,68.0,65.02,67.73,22438.31,149889.504,0.029679999999999998
2015-05-21,67.7,67.76,66.42,67.01,16773.29,112309.806,0.022187000000000002
2015-05-22,70.0,70.36,68.1,70.36,6605.73,46367.713,0.008738000000000001
2015-05-25,73.88,73.88,73.88,73.88,2040.73,15076.913,0.0026989999999999996
2015-05-26,77.57,77.57,73.18,73.72,42463.87,325065.316,0.056169000000000004
2015-05-27,74.08,77.41,70.8,77.29,36975.65,276146.637,0.04891
2015-05-28,77.18,80.35,73.43,73.43,25588.13,194156.935,0.033847
2015-05-29,71.45,72.38,69.76,69.78,35502.46,249951.869,0.046961
2015-06-01,69.0,70.7,68.8,69.67,23640.8,165223.125,0.031271
2015-06-02,69.91,73.15,69.67,73.15,35401.88,255486.863,0.046828
2015-06-03,73.8,76.81,72.83,76.24,30416.5,228918.999,0.040233
2015-06-04,75.18,77.6,72.43,77.13,26110.65,195487.369,0.034538
2015-06-05,77.31,80.03,76.08,79.91,27884.2,219640.075,0.036884
2015-06-08,80.34,80.34,76.57,76.66,18342.27,142059.259,0.024262000000000002
2015-06-09,75.89,76.48,74.0,75.1,14367.68,107418.39,0.019005
2015-06-10,73.88,78.86,73.7,77.74,26353.76,203315.427,0.034859
2015-06-11,77.33,80.3,76.3,76.43,18254.92,141810.117,0.024147
2015-06-12,76.44,77.6,74.0,74.41,17314.7,130270.209,0.022902999999999996
2015-06-15,74.79,78.13,71.0,78.13,44220.44,335406.165,0.058493
2015-06-16,79.98,82.04,74.23,79.79,51345.24,412534.516,0.06791699999999999
2015-06-17,78.0,80.5,76.13,79.8,23892.12,187038.218,0.031603
2015-06-18,80.0,83.67,78.5,79.39,20808.59,170252.528,0.027525
2015-06-19,78.05,82.33,76.0,77.36,21788.78,172541.594,0.028821
2015-06-23,76.0,78.0,73.49,73.73,28878.47,213993.601,0.038199000000000004
2015-06-24,75.3,77.42,74.71,77.42,29653.88,227339.376,0.039224999999999996
2015-06-25,77.43,81.29,77.43,81.29,34894.89,281379.634,0.046157000000000004
2015-06-26,80.0,84.0,77.23,77.23,35590.32,284440.952,0.047077
2015-06-29,73.37,73.38,73.37,73.37,15880.0,116511.59,0.021005
2015-06-30,69.7,71.1,69.7,69.7,43600.02,304277.036,0.057672
2015-07-01,70.0,72.96,66.22,66.26,48384.53,340732.367,0.064001
2015-07-02,62.95,64.97,62.95,62.95,15684.26,98809.246,0.020746
2015-07-03,59.8,59.8,59.8,59.8,3615.0,21617.7,0.004782
2015-07-06,57.9,62.6,56.81,56.81,16772.35,97882.576,0.022185999999999997
2015-07-07,53.97,53.97,53.97,53.97,2501.0,13497.897,0.0033079999999999997
2015-07-08,51.27,51.27,51.27,51.27,110.0,563.97,0.000146
2015-07-09,48.71,53.83,48.71,53.83,123804.01,630910.643,0.16376200000000002
2015-07-10,51.14,56.5,51.14,54.27,109429.89,600183.632,0.144749
2015-07-13,52.4,55.56,51.56,52.62,101392.81,536195.579,0.134117
2015-07-14,51.2,52.01,49.99,49.99,59464.74,301155.004,0.078657
2015-07-15,47.76,49.5,47.49,47.49,21237.41,101265.082,0.028092000000000002
2015-07-16,45.12,48.2,45.12,47.63,80599.78,365728.969,0.10661300000000001
2015-07-17,46.7,50.01,46.3,50.01,46791.19,226816.995,0.061893000000000004
2015-07-20,51.51,52.51,51.0,52.51,56510.39,295813.995,0.074749
2015-07-28,49.88,49.88,49.88,49.88,2740.0,13667.12,0.003624
2015-07-29,47.39,47.98,47.39,47.69,44831.74,212502.651,0.059301000000000006
2015-07-30,47.02,50.07,46.78,49.71,63820.82,315732.078,0.08441900000000001
2015-07-31,50.0,51.5,47.22,47.23,36233.28,177343.391,0.047928
2015-08-03,45.28,47.0,44.87,44.87,9814.0,44291.9,0.012981
2015-08-04,42.63,44.83,42.63,44.18,52842.13,227984.798,0.069897
2015-08-05,44.38,44.38,41.97,41.97,42425.04,180086.008,0.056117999999999994
2015-08-06,39.88,40.94,39.87,39.87,36843.27,147074.066,0.048734
2015-08-07,39.9,41.01,38.53,39.63,46540.75,184748.45,0.061562
2015-08-10,40.32,41.61,39.71,41.61,13884.84,56767.914,0.018366
2015-08-11,43.69,43.69,43.69,43.69,4130.7,18047.028,0.005464
2015-08-12,45.87,45.87,44.06,45.87,49910.31,228247.585,0.066019
2015-08-13,46.49,48.14,45.87,48.02,37410.87,177456.371,0.049485
2015-08-14,48.12,50.42,47.0,49.92,30994.19,151485.811,0.040998
2015-08-17,50.0,52.42,49.99,51.96,29508.36,152658.841,0.039032
2015-08-18,52.42,52.42,49.36,49.36,20011.0,100690.089,0.026469999999999997
2015-08-19,46.89,49.44,46.89,48.24,29832.08,140851.369,0.03946
2015-08-20,47.5,47.5,45.83,45.83,18941.52,87889.268,0.025055
2015-08-21,43.54,44.03,43.54,43.54,10986.0,47864.297,0.014532
2015-08-24,41.36,41.36,41.36,41.36,666.0,2754.576,0.000881
2015-08-25,39.29,39.29,39.29,39.29,553.0,2172.737,0.000731
2015-08-26,37.33,38.5,37.33,37.33,29487.72,110270.832,0.039005
2015-08-27,35.69,37.3,35.46,36.22,38398.92,137489.001,0.050792000000000004
2015-08-28,37.29,38.03,35.32,38.01,29801.21,109241.258,0.039420000000000004
2015-08-31,38.01,38.02,36.11,36.11,16648.1,60575.567,0.022021000000000002
2015-09-01,34.52,35.5,34.3,34.3,15404.61,52977.373,0.020376
2015-09-02,32.59,33.49,32.59,32.59,18153.72,59307.503,0.024013
2015-09-07,31.23,33.4,30.96,30.96,34554.04,108915.852,0.045706
2015-09-08,30.3,31.87,29.41,31.42,44625.93,132781.33,0.059029
2015-09-09,31.01,32.83,30.55,32.46,46229.94,147240.04,0.061151
2015-09-10,31.84,31.99,30.84,30.84,26929.94,84581.059,0.035622
2015-09-11,30.4,31.99,30.0,30.99,23832.45,73853.021,0.031524
2015-09-14,31.11,31.74,29.44,29.44,18955.18,57900.471,0.025072999999999998
2015-09-15,27.97,27.97,27.97,27.97,1698.0,4749.306,0.0022459999999999997
2015-09-16,26.57,29.28,26.57,28.27,57056.84,154837.609,0.075472
2015-09-17,27.11,27.6,26.86,26.86,44002.94,119270.81,0.058205
2015-09-18,26.35,26.99,25.53,25.84,31573.62,82280.429,0.041764
2015-09-21,24.81,27.13,24.58,27.05,53477.68,138616.54,0.07073800000000001
2015-09-22,26.6,28.0,26.51,27.12,40434.96,109886.181,0.053485
2015-09-23,26.6,26.98,25.99,26.46,20438.02,54268.701,0.027034
2015-09-24,27.03,27.78,26.61,27.78,15311.23,42207.208,0.020253
2015-09-25,28.5,29.17,27.3,28.32,55975.55,160034.213,0.074042
2015-09-28,27.9,28.42,27.0,28.25,18750.46,52224.171,0.024802
2015-09-29,28.0,28.23,27.3,27.89,17792.27,49492.217,0.023535
2015-09-30,28.05,29.28,28.05,29.28,39176.93,114184.013,0.051821
2015-10-08,30.0,30.0,28.88,29.7,38828.84,114271.79,0.051361
2015-10-09,29.69,30.58,29.2,30.09,18494.81,55588.78,0.024464
2015-10-12,30.09,31.39,29.98,31.04,31318.22,96564.73,0.041426
2015-10-13,31.0,32.0,30.52,31.52,30943.11,97416.249,0.04093
2015-10-14,31.49,31.9,30.6,30.66,20489.6,63713.791,0.027103000000000002
2015-10-15,30.55,31.38,30.0,31.35,24816.12,76595.78,0.032826
2015-10-16,31.53,31.53,30.71,31.26,24586.77,76615.488,0.032522
2015-10-19,31.21,31.55,30.0,31.16,25259.97,78064.71,0.033413
2015-10-20,31.3,31.97,30.75,31.84,29741.63,93319.779,0.039341
2015-10-21,31.88,32.2,30.25,30.25,31533.55,98914.296,0.041711
2015-10-22,29.75,30.7,29.16,30.36,28434.55,84946.306,0.037612
2015-10-23,30.25,31.5,30.0,31.46,26211.53,80342.397,0.034671
2015-10-26,31.71,33.03,31.47,33.03,41029.4,133411.482,0.054272
2015-10-27,33.37,34.68,33.01,34.4,46901.45,159202.389,0.062039
2015-10-28,33.94,34.51,33.14,33.72,28048.28,94601.884,0.037101
2015-10-29,33.6,34.23,33.34,33.79,15600.81,52795.625,0.020636
2015-10-30,33.85,35.48,33.61,35.28,36202.9,126715.643,0.047887000000000006
2015-11-02,33.7,35.16,33.52,33.52,28027.96,95737.095,0.037073999999999996
2015-11-03,33.7,34.18,32.48,33.83,19660.0,65775.742,0.026004999999999997
2015-11-04,34.0,35.52,33.7,35.52,28102.41,98055.716,0.037173
2015-11-05,36.2,37.3,35.9,36.9,56789.01,209358.264,0.075118
2015-11-06,36.6,38.75,36.41,38.61,43628.54,164313.919,0.05771
2015-11-09,38.0,40.54,38.0,39.05,42356.63,166746.179,0.056026999999999993
2015-11-10,38.68,39.99,38.33,39.52,29574.97,115768.033,0.03912
2015-11-11,39.51,39.68,38.8,39.48,20256.27,79455.234,0.026794
2015-11-12,39.8,41.12,39.43,40.09,26022.58,104459.785,0.034421
2015-11-13,39.97,42.09,38.52,41.9,34880.32,141936.874,0.046138000000000005
2015-11-16,40.99,44.0,40.5,44.0,35888.6,155317.002,0.047472
2015-11-17,43.75,44.98,42.33,43.03,38413.12,167907.125,0.050811
2015-11-18,42.99,44.01,42.3,42.87,26404.86,114110.843,0.034927
2015-11-19,42.98,43.2,41.5,43.08,20227.57,85804.55,0.026756000000000002
2015-11-20,42.99,44.15,42.51,43.91,20258.64,87523.05,0.026797
2015-11-23,43.51,43.99,42.3,42.88,20701.05,89802.43,0.027382
2015-11-24,42.85,42.88,41.18,41.82,19035.68,79412.794,0.025179
2015-11-25,41.45,41.7,41.0,41.49,15856.35,65655.204,0.020974
2015-11-26,41.85,43.42,41.29,41.8,19681.62,83169.719,0.026034
2015-11-27,41.7,42.0,39.71,39.71,19421.0,79332.69,0.025689000000000003
2015-11-30,39.01,39.01,37.72,37.72,27860.48,105539.769,0.036852
2015-12-01,37.8,38.36,36.7,37.0,21197.37,79475.593,0.028039
2015-12-02,36.7,38.74,35.52,38.44,24666.79,90502.967,0.032628
2015-12-03,37.83,38.89,37.5,38.46,16314.73,62292.525,0.02158
2015-12-04,38.7,39.57,38.12,39.45,19722.85,76547.268,0.026088
2015-12-07,39.09,39.63,38.76,39.42,14025.73,54964.747,0.018553
2015-12-08,39.1,41.39,38.95,41.39,27705.78,113243.946,0.036648
2015-12-09,42.0,43.46,41.06,42.94,33551.92,143075.148,0.044381000000000004
2015-12-10,42.05,42.6,41.18,41.66,23987.62,100251.783,0.03173
2015-12-11,41.3,42.15,41.06,41.53,10871.14,45061.066,0.014379999999999999
2015-12-14,41.52,41.98,40.37,41.9,13197.1,54484.08,0.017456
2015-12-15,41.9,42.5,41.0,41.73,11983.69,49976.681,0.015851
2015-12-16,41.25,41.6,40.83,41.3,15215.25,62760.13,0.020125999999999998
2015-12-17,41.31,41.6,40.86,41.18,27252.81,112340.008,0.036049000000000005
2015-12-18,40.91,41.59,40.87,41.14,15329.74,63105.219,0.020277
2015-12-21,41.01,41.08,39.96,40.46,15753.15,63577.768,0.020838000000000002
2015-12-22,40.49,40.6,39.78,40.45,18741.02,75169.822,0.02479
2015-12-23,40.41,41.44,40.15,40.62,19862.1,81145.745,0.026273
2015-12-24,40.37,41.0,39.33,40.05,14477.84,57912.936,0.019151
2015-12-25,39.99,40.9,39.8,40.32,11545.35,46605.022,0.015271999999999999
2015-12-28,40.39,41.55,39.85,40.41,20541.45,83929.085,0.027170999999999997
2015-12-29,40.37,40.37,38.39,38.8,25226.14,98179.657,0.033368
2015-12-30,38.9,40.29,38.9,40.0,24288.04,96876.683,0.032126999999999996
2015-12-31,40.13,42.0,40.13,42.0,36850.39,153822.94,0.048743999999999996
2016-01-04,42.2,42.44,39.9,39.9,21739.0,88712.622,0.028755000000000003
2016-01-05,37.91,38.35,37.91,37.91,21557.0,81749.782,0.028515000000000002
2016-01-06,37.8,39.26,37.58,38.51,19179.27,73645.852,0.025369000000000003
2016-01-07,38.37,38.38,36.58,36.58,5839.0,21564.64,0.007724
2016-01-08,36.78,37.3,34.75,35.01,35137.31,123959.409,0.046478
2016-01-11,34.0,34.0,33.26,33.26,10870.0,36222.093,0.014378
2016-01-12,31.6,32.98,31.6,31.6,11205.0,35421.358,0.014820999999999999
2016-01-13,31.61,31.9,30.02,30.02,22954.24,69932.841,0.030363
2016-01-14,28.52,29.9,28.52,29.37,22375.14,64633.68,0.029597000000000002
2016-01-15,29.37,30.84,27.95,28.02,19380.71,56968.942,0.025636000000000003
2016-01-18,26.62,27.78,26.62,27.17,25888.0,69804.929,0.034243
2016-01-19,26.94,28.5,26.94,28.37,19056.62,52964.086,0.025207
2016-01-20,28.1,28.84,27.63,28.36,17329.55,49058.314,0.022923
2016-01-21,28.01,28.46,26.94,26.94,19437.55,53516.045,0.025710999999999998
2016-01-22,27.1,27.29,26.0,26.95,17706.39,47504.646,0.023420999999999997
2016-01-25,27.03,27.75,26.3,27.32,22192.88,59957.914,0.029356
2016-01-26,27.19,27.24,25.95,25.95,12116.81,32356.066,0.016028
2016-01-27,25.3,25.64,24.65,24.65,16768.16,41408.499,0.02218
2016-01-28,24.02,24.4,23.42,23.42,16688.0,39811.174,0.022073999999999996
2016-01-29,23.19,24.33,22.8,23.99,16907.29,40091.894,0.022364000000000002
2016-02-01,23.95,24.0,22.79,23.08,16200.23,37839.692,0.021429
2016-02-02,23.07,24.17,23.0,23.91,10237.1,24340.773,0.013541000000000001
2016-02-03,23.73,25.11,23.28,25.11,17951.21,44474.713,0.023745
2016-02-04,25.5,26.37,25.12,26.37,20820.42,54138.889,0.02754
2016-02-05,26.89,27.69,26.51,27.69,23594.95,64791.814,0.03121
2016-02-15,26.35,27.64,26.35,27.58,14968.34,40649.918,0.019799
2016-02-16,27.59,28.95,27.59,28.41,15805.25,44754.872,0.020905999999999998
2016-02-17,28.12,28.38,27.4,28.04,13814.97,38534.391,0.018274
2016-02-18,28.1,28.42,27.0,27.34,17185.32,47544.777,0.022732000000000002
2016-02-19,27.26,27.84,27.02,27.71,12948.33,35683.895,0.017127
2016-02-22,28.06,28.26,27.63,28.04,15218.55,42591.897,0.02013
2016-02-23,28.01,29.44,27.81,29.44,22289.44,63711.065,0.029483000000000002
2016-02-24,29.51,30.9,29.51,30.75,22953.32,69925.754,0.030362
2016-02-25,30.6,30.6,29.21,29.21,12535.57,37271.957,0.016581
2016-02-26,28.11,28.87,27.75,27.94,18624.97,51944.835,0.024636
2016-02-29,27.62,28.0,26.54,26.54,13242.0,35324.793,0.017516
2016-03-01,26.6,27.39,25.22,26.99,9888.01,26017.539,0.013079
2016-03-02,26.91,28.34,26.7,28.34,11434.83,32005.587,0.015125
2016-03-03,28.4,29.28,28.39,28.51,13729.89,39560.632,0.018161
2016-03-04,28.35,28.55,27.08,27.39,10787.33,29937.436,0.014269
2016-03-07,27.8,28.18,27.66,27.91,7060.22,19723.731,0.009339
2016-03-08,27.92,28.09,26.51,27.65,13302.7,35995.741,0.017596
2016-03-09,27.65,28.96,27.58,28.72,17451.78,49958.727,0.023083999999999997
2016-03-10,29.02,30.0,27.8,27.91,15661.35,44913.11,0.020716000000000002
2016-03-11,27.15,27.7,26.71,27.57,9780.55,26565.676,0.012937
2016-03-14,27.94,28.53,27.5,28.1,10365.93,29232.898,0.013712
2016-03-15,27.8,28.96,27.72,28.59,12556.56,35874.972,0.016609
2016-03-16,28.98,29.13,28.0,28.41,10361.8,29621.471,0.013706000000000001
2016-03-17,28.46,28.88,28.12,28.83,13826.0,39563.468,0.018288
2016-03-18,28.86,30.18,28.71,29.71,19979.12,58863.663,0.026427
2016-03-21,30.01,31.2,29.87,31.2,15329.54,47206.246,0.020277
2016-03-22,31.0,31.7,30.21,30.3,20075.7,62131.223,0.026555
2016-03-23,29.99,31.82,29.85,31.15,19726.53,59874.872,0.026093
2016-03-24,30.75,30.95,30.17,30.61,15015.39,46024.172,0.019862
2016-03-25,30.4,30.89,30.17,30.64,7921.8,24207.662,0.010479
2016-03-28,31.15,31.5,29.81,30.01,7486.5,22911.811,0.009903
2016-03-29,29.95,30.5,28.51,29.2,8663.0,25590.367,0.011458999999999999
2016-03-30,29.31,30.17,29.31,30.12,10339.0,30843.029,0.013675999999999999
2016-03-31,30.2,30.6,29.96,30.32,11683.07,35304.321,0.015454
2016-04-01,30.11,30.35,29.41,30.01,8234.13,24560.038,0.010891999999999999
2016-04-05,31.51,31.51,31.51,31.51,2125.94,6698.837,0.0028120000000000003
2016-04-06,33.09,33.09,33.0,33.09,20907.37,69179.785,0.027655
2016-04-07,33.5,34.74,33.09,34.45,44890.09,154040.396,0.059378
2016-04-08,33.62,36.17,33.01,35.42,35028.72,122007.753,0.046334
2016-04-11,35.51,36.09,35.1,35.22,19623.5,69845.542,0.025956999999999997
2016-04-12,35.14,36.98,34.67,36.98,21791.2,79540.113,0.028824000000000002
2016-04-13,38.0,38.83,38.0,38.83,14243.66,55047.477,0.018841
2016-04-14,40.0,40.69,39.06,39.55,35395.03,141018.402,0.046819
2016-04-15,39.62,39.95,38.36,38.77,19862.86,77766.328,0.026274000000000002
2016-04-18,38.6,40.71,37.68,40.71,20436.96,81611.694,0.027033
2016-04-19,42.0,42.75,41.6,42.75,5991.6,25519.674,0.007925
2016-04-20,44.89,44.89,40.61,40.61,60561.64,258042.774,0.080108
2016-04-21,39.8,40.39,38.58,38.65,34134.51,133521.751,0.045151000000000004
2016-04-22,38.68,40.58,38.68,40.58,16296.48,65127.764,0.021556000000000002
2016-04-25,42.38,42.61,40.03,42.0,34281.58,142866.444,0.045346000000000004
2016-04-26,41.6,42.36,41.48,41.99,14580.14,61227.37,0.019286
2016-04-27,42.1,43.5,41.84,42.09,16378.65,69625.64,0.021665
2016-04-28,42.36,42.6,40.38,41.43,16955.51,69986.491,0.022428
2016-04-29,41.3,42.26,41.12,41.72,13063.9,54714.286,0.01728
2016-05-03,41.95,41.95,41.0,41.88,13236.99,55088.741,0.017509
2016-05-04,41.98,43.33,41.47,42.62,19193.01,81473.677,0.025388
2016-05-05,42.5,42.96,41.88,42.21,11696.19,49467.482,0.015470999999999999
2016-05-06,42.16,42.46,40.1,40.1,18976.28,77552.22,0.025101
2016-05-09,38.3,39.01,38.1,38.1,7460.0,28517.549,0.009868
2016-05-10,36.35,37.43,36.2,36.2,18656.29,68297.631,0.024678
2016-05-11,36.94,37.0,34.81,35.36,12144.8,43562.831,0.016065
2016-05-12,34.8,34.89,33.59,33.59,21955.8,73937.44,0.029042
2016-05-13,33.83,35.27,33.48,34.89,25676.3,89558.998,0.033963
2016-05-16,34.8,34.8,33.15,34.36,21802.58,73880.632,0.028839
2016-05-17,34.32,35.36,34.16,34.36,14419.37,49907.471,0.019073
2016-05-18,33.4,33.4,32.64,32.64,16524.96,54108.939,0.021858
2016-05-19,32.51,33.34,32.15,32.81,14396.81,47488.252,0.019043
2016-05-20,32.51,34.45,32.09,34.45,19671.92,66807.711,0.026021000000000002
2016-05-23,34.54,36.17,34.3,36.17,19099.6,67715.148,0.025264
2016-05-24,36.1,36.63,35.21,36.21,17918.38,64396.041,0.023702
2016-05-25,36.5,38.0,35.9,37.61,20483.56,75835.722,0.027094999999999998
2016-05-26,37.23,39.35,36.29,39.18,24171.36,91058.574,0.031973
2016-05-27,39.08,40.38,38.3,38.55,20038.22,78818.037,0.026506
2016-05-30,37.99,38.94,37.03,37.13,16457.91,62901.039,0.02177
2016-05-31,37.11,38.99,37.11,38.85,21821.79,83629.336,0.028865
2016-06-01,38.8,39.23,38.4,38.56,18786.78,72879.454,0.024849999999999997
2016-06-02,38.76,40.28,38.63,40.0,21762.27,86097.689,0.028786
2016-06-03,40.38,40.99,39.6,40.38,17966.32,72289.253,0.023765
2016-06-06,40.07,42.02,40.04,40.57,20657.79,85023.664,0.027325
2016-06-07,40.8,41.36,40.51,40.91,9447.21,38572.361,0.012496
2016-06-08,40.88,41.0,39.8,40.02,13379.5,53826.215,0.017698000000000002
2016-06-13,39.0,39.15,38.02,38.02,14581.61,56156.958,0.019288
2016-06-14,36.71,39.92,36.71,39.83,17521.86,67409.077,0.023177
2016-06-15,39.3,40.78,38.7,40.08,17561.08,70151.346,0.023229000000000003
2016-06-16,40.1,40.4,39.5,39.6,11705.53,46843.293,0.015484
2016-06-17,39.89,40.22,39.09,39.73,9736.32,38709.983,0.012879
2016-06-20,38.75,39.18,38.22,38.4,14096.36,54338.025,0.018646
2016-06-21,38.7,39.49,38.5,38.62,9350.84,36344.794,0.012369000000000002
2016-06-22,37.47,38.78,37.47,38.75,7617.72,29171.046,0.010076
2016-06-23,38.7,38.95,38.05,38.36,6559.82,25214.919,0.008677
2016-06-24,38.51,38.51,36.44,37.71,14424.01,54235.691,0.019079
2016-06-27,37.4,39.6,37.01,39.6,20750.83,80774.986,0.027448
2016-06-28,39.4,40.5,39.29,40.36,16874.02,67429.88,0.022320000000000003
2016-06-29,40.45,41.6,40.45,40.87,19313.16,79631.262,0.025547
2016-06-30,40.88,41.46,40.65,40.95,12483.35,51397.547,0.016512
2016-07-01,41.0,41.5,40.21,40.72,10367.66,42432.826,0.013713999999999999
2016-07-04,40.22,41.45,40.0,41.16,12030.8,49403.842,0.015913999999999998
2016-07-05,41.05,41.5,40.42,40.78,10102.79,41306.711,0.013363
2016-07-06,40.83,41.4,40.66,41.07,7252.03,29751.571,0.009593
2016-07-07,41.17,42.86,41.0,41.5,14421.21,60204.55,0.019076
2016-07-08,41.4,41.78,41.1,41.25,7330.01,30291.14,0.009696
2016-07-11,40.7,40.7,39.19,39.19,21089.86,84066.573,0.027896999999999998
2016-07-12,39.0,39.58,38.03,39.26,17484.4,67827.835,0.023128000000000003
2016-07-13,41.22,41.22,41.22,41.22,13746.52,56663.155,0.018183
2016-07-14,42.0,43.23,41.02,43.02,43137.1,181527.398,0.05706000000000001
2016-07-15,43.0,44.97,42.52,44.3,22917.13,101405.387,0.030314
2016-07-18,44.7,46.52,43.8,46.52,23111.84,105407.267,0.030571
2016-07-19,46.69,48.85,46.63,48.85,23716.9,114239.52,0.031372
2016-07-20,50.99,51.29,48.36,49.23,53625.89,269191.986,0.070934
2016-07-21,49.5,51.69,49.24,50.41,23493.82,118747.519,0.031076000000000003
2016-07-22,50.5,52.18,49.99,50.66,23128.06,118085.054,0.030593
2016-07-25,49.99,50.4,48.13,48.25,21909.83,106741.025,0.028981
2016-07-26,48.58,49.98,48.15,49.36,12762.47,62887.137,0.016881999999999998
2016-07-27,49.65,50.45,46.89,46.89,21784.54,104506.3,0.028816
2016-07-28,46.6,47.22,44.55,44.55,31196.45,141356.047,0.041265
2016-07-29,45.0,46.78,44.56,46.78,23610.1,108188.23,0.03123
2016-08-01,46.78,48.95,45.35,48.09,21138.67,99760.294,0.027961
2016-08-02,48.1,48.78,47.4,47.94,15482.25,74414.113,0.020478999999999997
2016-08-03,48.38,48.87,47.87,48.27,12049.51,58215.506,0.015939000000000002
2016-08-04,48.27,48.27,47.02,47.5,13044.39,61933.662,0.017254000000000002
2016-08-05,47.2,49.88,46.5,49.24,27810.01,134410.035,0.036786
2016-08-08,49.51,49.57,48.55,49.0,11731.87,57613.253,0.015518
2016-08-09,49.09,49.88,48.5,49.42,17120.7,84279.003,0.022646000000000003
2016-08-10,49.55,51.06,49.16,50.21,17515.29,87981.339,0.023168
2016-08-11,49.3,50.26,48.62,49.13,18212.62,89927.792,0.024091
2016-08-12,49.13,49.75,48.8,48.97,11420.48,56146.753,0.015106
2016-08-15,49.0,49.49,47.6,48.79,19768.18,96274.874,0.026147999999999998
2016-08-16,48.97,49.2,48.01,48.51,16147.82,78314.973,0.02136
2016-08-17,48.48,48.95,48.18,48.45,12453.45,60382.254,0.016473
2016-08-18,48.4,48.84,47.87,47.89,11915.61,57418.102,0.015761
2016-08-19,47.72,48.84,47.72,48.15,16989.11,82264.834,0.022472
2016-08-22,48.51,48.57,48.05,48.21,9131.07,44047.528,0.012078
2016-08-23,48.23,48.79,48.06,48.35,11577.85,55925.527,0.015315
2016-08-24,48.47,48.61,47.72,47.78,12105.32,58119.052,0.016012
2016-08-25,47.2,47.69,46.0,46.3,14074.83,65422.016,0.018618
2016-08-26,46.3,47.39,46.27,46.92,9637.35,45205.87,0.012747999999999999
2016-08-29,46.7,47.24,45.71,46.29,9292.82,43144.891,0.012292
2016-08-30,46.29,46.98,46.29,46.65,9467.98,44246.487,0.012524
2016-08-31,46.97,48.67,46.56,48.25,15898.98,75759.428,0.021030000000000004
2016-09-01,48.29,50.66,48.02,50.1,23366.47,116429.955,0.030908
2016-09-02,50.26,52.5,49.1,49.43,21154.46,107661.677,0.027982
2016-09-05,49.76,49.98,48.84,49.41,11043.0,54629.669,0.014607000000000002
2016-09-06,49.6,50.99,49.45,50.35,14804.5,74521.346,0.019583
2016-09-07,50.69,50.9,49.45,49.55,10822.13,54172.162,0.014315
2016-09-08,49.96,51.87,49.14,51.5,16602.32,83735.616,0.021960999999999998
2016-09-09,51.4,52.49,50.29,51.51,17702.39,90769.884,0.023416000000000003
2016-09-12,50.5,50.95,49.3,50.18,18454.28,92649.296,0.024409999999999998
2018-02-01,52.69,52.69,52.69,52.69,4453.12,23463.489,0.005889999999999999
2018-09-27,14.66,14.66,9.5,9.5,217878.0,256164.204,0.054895
2018-09-28,9.01,10.45,9.01,10.45,337548.33,323901.473,0.085046
2018-10-08,11.5,11.5,10.38,10.8,429776.12,485199.233,0.108283
2018-10-09,11.11,11.88,11.06,11.7,793633.21,909724.43,0.199958
2018-10-10,11.51,11.6,10.86,11.03,515594.85,579679.634,0.12990500000000002
2018-10-11,10.51,10.93,10.02,10.34,477113.54,497709.65,0.12021000000000001
2018-10-12,10.72,11.12,10.55,10.77,510545.36,554068.282,0.128633
2018-10-15,10.45,10.58,9.81,9.88,419952.32,430808.8,0.105808
2018-10-16,9.87,9.96,8.89,8.99,486152.57,452479.458,0.122487
2018-10-17,9.1,9.28,8.2,8.67,529345.34,462558.274,0.13337
2018-10-18,8.44,8.54,7.8,7.9,408375.0,328879.183,0.102891
2018-10-19,7.85,8.45,7.66,8.2,405102.92,327403.303,0.10206699999999999
2018-10-22,8.24,8.97,8.19,8.59,478859.36,409258.075,0.12065
2018-10-23,8.6,9.43,8.39,8.87,558908.78,499627.613,0.140819
2018-10-24,8.7,8.85,8.55,8.82,323747.0,281749.409,0.081569
2018-10-25,8.45,9.3,8.35,9.05,432113.6,387524.076,0.108872
2018-10-26,9.09,9.45,8.9,8.93,384865.29,352524.824,0.096968
2018-10-29,8.83,9.19,8.76,8.97,255271.55,229081.901,0.064316
2018-10-30,8.97,9.38,8.48,9.17,400314.09,357891.47,0.10086
2018-10-31,9.07,9.22,8.82,8.92,356095.59,321181.8,0.089719
2018-11-01,8.86,9.01,8.71,8.71,323864.9,287177.948,0.081599
2018-11-02,8.89,9.1,8.66,8.94,363651.9,321742.549,0.091623
2018-11-05,8.86,9.24,8.84,9.04,332601.38,299807.185,0.08380000000000001
2018-11-06,9.06,9.11,8.63,8.78,291457.25,256486.092,0.073433
2018-11-07,8.77,8.85,8.56,8.58,231545.41,201482.099,0.058338
2018-11-08,8.68,8.75,8.4,8.42,201256.84,172727.666,0.050707
2018-11-09,8.44,8.46,8.25,8.35,165411.21,138350.216,0.041676000000000005
2018-11-12,8.5,8.98,8.43,8.94,346996.17,303861.311,0.08742699999999999
2018-11-13,8.75,8.91,8.7,8.84,337852.02,297098.346,0.085123
2018-11-14,8.87,9.46,8.76,9.06,426287.72,387614.301,0.107404
2018-11-15,8.91,9.06,8.88,9.0,258885.05,232039.554,0.06522700000000001
2018-11-16,9.0,9.37,8.94,9.17,359749.37,331817.061,0.09064
2018-11-19,9.16,9.68,8.91,9.49,407171.17,378069.643,0.10258800000000001
2018-11-20,9.37,9.87,9.33,9.44,426970.55,408219.084,0.107576
2018-11-21,9.2,9.4,9.1,9.29,243647.57,225310.67,0.061388
2018-11-22,9.35,10.22,9.24,10.22,459218.85,452030.906,0.115701
2018-11-23,10.44,10.78,9.77,9.78,678497.3,699319.198,0.170949
2018-11-26,9.65,10.25,9.41,10.03,435849.97,427784.315,0.10981400000000001
2018-11-27,10.0,10.51,9.96,10.18,453333.73,465222.608,0.11421900000000001
2018-11-28,10.12,10.47,10.01,10.26,344586.52,351714.234,0.08681900000000001
2018-11-29,10.26,10.48,9.63,9.63,383023.63,388663.645,0.09650399999999999
2018-11-30,9.62,10.07,9.55,9.88,308463.04,301981.243,0.077718
2018-12-03,10.22,10.29,9.91,10.14,343567.83,347553.255,0.086563
2018-12-04,10.08,10.67,10.01,10.4,448536.92,465263.885,0.11301
2018-12-05,10.17,10.3,10.07,10.13,320125.19,325342.458,0.080656
2018-12-06,10.03,10.27,9.7,9.75,260808.23,259539.257,0.065711
2018-12-07,9.84,9.94,9.74,9.85,146003.87,143518.216,0.036786
2018-12-10,9.77,9.84,9.4,9.5,183183.2,175923.062,0.046153000000000007
2018-12-11,9.53,9.64,9.32,9.45,180719.11,170926.522,0.045533000000000004
2018-12-12,9.52,9.69,9.45,9.59,187220.64,179379.877,0.047171000000000005
2018-12-13,9.65,9.7,9.35,9.45,202474.04,192589.494,0.051014
2018-12-14,9.5,9.53,8.97,9.0,252507.52,232255.562,0.06362
2018-12-17,8.82,8.93,8.6,8.84,143697.43,126212.633,0.036205
2018-12-18,8.79,8.97,8.66,8.9,146522.3,129521.244,0.036917
2018-12-19,8.9,8.94,8.53,8.53,137069.71,119462.958,0.034535
2018-12-20,8.5,8.64,8.35,8.5,130654.29,111177.548,0.032919000000000004
2018-12-21,8.49,8.53,8.09,8.25,149150.27,123915.05,0.037579
2018-12-24,8.29,8.37,8.24,8.35,97401.55,80854.489,0.024541
2018-12-25,8.33,8.33,7.95,8.24,158993.02,129524.593,0.040059
2018-12-26,8.27,8.3,8.08,8.11,102374.09,83679.388,0.025793
2018-12-27,8.26,8.32,7.87,7.88,135176.75,109569.638,0.034058000000000005
2018-12-28,7.9,8.08,7.71,7.96,138822.06,109887.88,0.034977
2019-01-02,8.01,8.05,7.75,7.81,111049.16,87333.07,0.027978999999999997
2019-01-03,7.89,7.97,7.8,7.8,102346.68,80598.052,0.025787
2019-01-04,7.67,8.03,7.56,8.01,157987.22,123630.395,0.039805
2019-01-07,8.09,8.25,8.03,8.19,180828.8,147407.916,0.04556
2019-01-08,8.15,8.79,8.13,8.63,272162.13,230718.28,0.068572
2019-01-09,8.68,8.97,8.44,8.47,311372.37,272245.694,0.078451
2019-01-10,8.37,8.46,8.18,8.2,200025.96,166056.944,0.050397
2019-01-11,8.22,8.29,8.12,8.26,109477.0,89983.274,0.027583000000000003
2019-01-14,8.29,8.29,8.13,8.18,81838.19,67043.872,0.020619000000000002
2019-01-15,8.18,8.21,8.09,8.19,89065.35,72713.826,0.02244
2019-01-16,8.25,8.36,8.22,8.25,104862.4,86761.897,0.02642
2019-01-17,8.2,8.24,7.89,7.96,168136.17,135019.824,0.042362000000000004
2019-01-18,7.96,8.0,7.81,7.94,108269.94,85629.662,0.027279
2019-01-21,7.92,8.09,7.88,8.02,87925.15,70452.151,0.022153
2019-01-22,8.02,8.02,7.84,7.86,79498.3,62844.662,0.020030000000000003
2019-01-23,7.8,8.08,7.8,7.95,83613.6,66685.694,0.021067
2019-01-24,7.9,7.99,7.81,7.9,80856.58,63817.615,0.020371999999999998
2019-01-25,7.87,8.03,7.85,7.9,83552.5,66196.606,0.021051
2019-01-28,7.91,8.2,7.89,8.0,129512.63,104006.808,0.032631
2019-01-29,8.05,8.47,7.96,8.36,270542.11,223172.027,0.068164
2019-01-30,8.24,8.3,7.93,7.98,166153.0,135270.525,0.041863000000000004
2019-01-31,7.81,7.96,7.5,7.52,172541.75,133219.696,0.043472
2019-02-01,7.61,7.78,7.61,7.74,82624.72,63682.983,0.020818
2019-02-11,7.77,7.89,7.76,7.89,84085.69,66003.766,0.021185999999999997
2019-02-12,7.89,8.03,7.84,7.97,107028.22,85016.129,0.026966
2019-02-13,7.94,8.38,7.93,8.29,205571.67,167726.411,0.051794
2019-02-14,8.23,8.32,8.1,8.2,187689.07,153788.419,0.047289000000000005
2019-02-15,8.2,8.25,8.07,8.08,140269.1,114395.284,0.035341
2019-02-18,7.86,8.21,7.86,8.19,252376.77,203463.009,0.063587
2019-02-19,8.17,8.38,8.08,8.19,248135.53,203436.152,0.062518
2019-02-20,8.17,8.38,8.1,8.38,247314.67,204026.962,0.062312000000000006
2019-02-21,8.36,8.73,8.29,8.48,385852.11,328339.567,0.09721600000000001
2019-02-22,8.59,8.79,8.51,8.55,298791.21,256739.573,0.075281
2019-02-25,8.73,9.05,8.52,8.99,438762.98,385866.29,0.110547
2019-02-26,9.06,9.37,8.89,8.94,421609.84,385353.991,0.106226
2019-02-27,8.9,9.04,8.6,8.68,320515.94,282973.56,0.080755
2019-02-28,8.77,8.95,8.68,8.95,259225.64,228585.955,0.065313
2019-03-01,8.95,8.95,8.71,8.85,193362.78,170476.61,0.048718000000000004
2019-03-04,8.89,9.22,8.74,9.03,428157.13,382883.416,0.107875
2019-03-05,8.93,9.1,8.87,9.04,284793.04,255562.629,0.071754
2019-03-06,9.14,9.68,8.97,9.55,537529.43,505401.073,0.135432
2019-03-07,9.4,9.52,9.23,9.4,398937.91,373122.434,0.10051299999999999
2019-03-08,9.21,9.22,8.53,8.66,361638.2,323778.456,0.09111599999999999
2019-03-11,8.65,9.04,8.63,8.94,224787.43,198757.519,0.056636
2019-03-12,8.95,9.15,8.88,9.05,301156.22,271728.658,0.075877
2019-03-13,9.06,9.08,8.73,8.79,216350.44,192302.165,0.054509999999999996
2019-03-14,8.69,8.78,8.44,8.55,208555.32,179132.542,0.052546
2019-03-15,8.6,8.77,8.57,8.63,150068.21,130063.7,0.03781
2019-03-18,8.59,8.88,8.56,8.84,215758.6,189732.867,0.054361
2019-03-19,8.81,8.86,8.68,8.72,180377.26,158038.257,0.045446999999999994
2019-03-20,8.68,8.84,8.62,8.78,161369.41,140971.491,0.040657
2019-03-21,8.73,8.84,8.7,8.79,189586.42,166364.132,0.047767
2019-03-22,8.78,9.13,8.63,8.95,296826.8,264280.306,0.074786
2019-03-25,8.93,9.47,8.88,9.19,453001.59,418574.022,0.11413500000000001
2019-03-26,9.2,9.2,8.68,8.75,284067.83,253774.66,0.071572
2019-03-27,8.86,8.86,8.4,8.53,227719.07,194801.051,0.057374
2019-03-28,8.53,8.53,8.17,8.19,192377.64,159622.62,0.048470000000000006
2019-03-29,8.2,8.52,8.11,8.52,194013.36,161221.022,0.048882
2019-04-01,8.53,9.37,8.46,9.37,638624.0,580048.081,0.160903
2019-04-02,9.25,9.58,9.11,9.46,673489.25,633446.8,0.16968699999999998
2019-04-03,9.36,9.87,9.08,9.66,563143.58,530768.011,0.14188599999999998
2019-04-04,9.54,9.83,9.46,9.48,415909.9,400060.133,0.10479
2019-04-08,9.55,9.73,9.23,9.34,303011.77,287210.4,0.076345
2019-04-09,9.34,9.55,9.3,9.41,205407.04,193653.658,0.051753
2019-04-10,9.33,10.35,9.28,10.35,888254.28,896607.976,0.223798
2019-04-11,10.35,11.29,10.27,10.55,984591.35,1059329.744,0.24806999999999998
2019-04-12,10.63,11.33,10.31,10.87,780196.9,847446.616,0.196573
2019-04-15,10.92,10.99,10.36,10.42,525152.83,559170.193,0.13231400000000001
2019-04-16,10.15,10.37,9.54,10.22,521122.97,520728.945,0.131298
2019-04-17,10.22,11.24,10.2,11.24,598732.45,643978.346,0.150852
2019-04-18,11.79,12.21,10.95,10.99,998849.58,1163540.737,0.25166299999999997
2019-04-19,10.7,12.01,10.7,11.71,755296.86,870313.221,0.19029900000000002
2019-04-22,11.58,11.89,11.11,11.17,551589.21,629928.829,0.138974
2019-04-23,11.4,11.5,11.03,11.08,374423.7,421575.202,0.094337
2019-04-24,11.2,11.9,11.12,11.67,520243.99,602294.947,0.131077
2019-04-25,11.56,11.65,10.5,10.54,529736.34,581011.048,0.133468
2019-04-26,10.21,10.47,9.91,10.01,363431.81,367827.953,0.09156800000000001
2019-04-29,10.05,10.21,9.15,9.45,302859.97,290883.898,0.076306
2019-04-30,9.52,9.72,9.46,9.71,191664.72,183736.021,0.04829
2019-05-06,9.2,9.36,8.74,8.74,268603.0,241731.147,0.067675
2019-05-07,8.83,9.18,8.72,8.92,213751.95,191027.424,0.05385500000000001
2019-05-08,8.62,9.81,8.6,9.81,238579.63,222758.334,0.060111
2019-05-09,9.65,10.18,9.37,9.41,386858.94,376553.263,0.09747
2019-05-10,9.5,9.88,9.11,9.8,335739.51,323323.75,0.08459
2019-05-13,9.76,10.07,9.56,9.93,249455.35,245793.595,0.062851
2019-05-14,9.6,9.87,9.57,9.73,188570.99,183804.671,0.047511
2019-05-15,9.8,10.02,9.65,9.95,240944.75,237239.075,0.060707000000000004
2019-05-16,10.05,10.39,9.91,9.91,290159.22,293179.905,0.073106
2019-05-17,9.81,9.88,9.05,9.18,270251.32,255760.123,0.068091
2019-05-20,9.19,9.32,8.91,9.15,138366.04,125704.18,0.034862000000000004
2019-05-21,9.08,9.3,9.06,9.24,119237.4,109834.457,0.030042
2019-05-22,9.27,9.29,8.85,8.93,152683.74,137932.36,0.038469
2019-05-23,8.88,8.9,8.52,8.69,170691.63,148061.396,0.043006
2019-05-24,8.6,9.17,8.58,8.93,185279.85,164125.08,0.046681999999999994
2019-05-27,8.86,9.1,8.68,9.03,154115.54,137573.482,0.03883
2019-05-28,8.94,9.21,8.91,8.94,153547.36,139426.34,0.038687
2019-05-29,8.98,9.0,8.78,8.8,129815.5,115116.088,0.032707
2019-05-30,8.73,8.95,8.61,8.7,126056.15,110085.145,0.031760000000000004
2019-05-31,8.9,8.95,8.78,8.81,135211.25,119892.22,0.034067
2019-06-03,8.85,8.98,8.58,8.79,133175.4,116873.015,0.033554
2019-06-04,8.79,8.79,8.53,8.56,103311.0,89013.681,0.026029
2019-06-05,8.68,8.96,8.58,8.78,140284.0,122956.585,0.035345
2019-06-06,8.74,8.98,8.6,8.63,119777.5,105246.938,0.030177999999999996
2019-06-10,8.95,9.03,8.75,8.84,179179.0,158919.103,0.045145
2019-06-11,8.68,9.12,8.62,9.07,274110.15,244132.997,0.069063
2019-06-12,8.99,9.02,8.81,8.86,176338.26,157150.527,0.044428999999999996
2019-06-13,8.86,9.09,8.62,8.95,218908.13,193834.428,0.055153999999999995
2019-06-14,8.85,8.9,8.62,8.63,165869.16,145053.316,0.041791
2019-06-17,8.66,8.72,8.59,8.59,80724.51,69683.584,0.020339
2019-06-18,8.59,8.65,8.53,8.58,61290.22,52600.316,0.015442
2019-06-19,8.75,8.79,8.6,8.61,89823.0,77872.336,0.022631000000000002
2019-06-20,8.61,8.75,8.56,8.71,117734.29,102233.86,0.029663
2019-06-21,8.75,8.84,8.72,8.79,131050.76,114949.296,0.033019
2019-06-24,8.79,8.86,8.66,8.86,117462.25,102830.732,0.029594999999999996
2019-06-25,8.79,8.85,8.64,8.69,97829.63,85248.434,0.024648
2019-06-26,8.63,8.78,8.61,8.69,63357.0,55196.998,0.015963
2019-06-27,8.65,8.72,8.56,8.6,102649.46,88859.523,0.025863
2019-06-28,8.66,8.67,8.24,8.26,136195.25,114375.862,0.034315000000000005
2019-07-01,8.45,8.56,8.34,8.51,109730.12,92654.265,0.027646999999999998
2019-07-02,8.52,9.36,8.43,8.92,342784.64,307844.567,0.086365
2019-07-03,8.8,9.06,8.72,8.91,211133.52,187309.629,0.053196
2019-07-04,8.89,9.17,8.85,9.1,257676.5,233846.891,0.06492200000000001
2019-07-05,9.08,9.08,8.9,8.92,135199.52,121259.88,0.034064000000000004
2019-07-08,8.9,8.9,8.36,8.42,159147.91,135822.923,0.040098
2019-07-09,8.4,8.78,8.38,8.67,133165.87,114443.752,0.033551000000000004
2019-07-10,8.66,8.66,8.34,8.4,108877.89,92041.096,0.027431999999999998
2019-07-11,8.43,8.48,8.26,8.27,102849.75,85906.231,0.025913
2019-07-12,8.29,8.34,8.21,8.24,70572.6,58308.896,0.017781
2019-07-15,8.23,8.28,8.0,8.26,80581.0,65723.328,0.020303
2019-07-16,8.22,8.32,8.18,8.27,46958.5,38773.715,0.011831000000000001
2019-07-17,8.26,8.43,8.2,8.33,103849.12,86200.899,0.026164999999999997
2019-07-18,8.26,8.26,8.06,8.08,78618.43,64073.108,0.019808
2019-07-19,8.12,8.25,8.1,8.13,60769.4,49674.559,0.015310999999999998
2019-07-22,8.13,8.2,7.8,7.82,101825.45,80807.358,0.025655
2019-07-23,7.85,8.6,7.7,8.28,206695.06,170998.99,0.052077
2019-07-24,8.16,8.35,8.16,8.2,127773.75,105431.957,0.032193
2019-07-25,8.2,8.26,8.15,8.15,72166.25,59061.683,0.018182
2019-07-26,8.14,8.15,7.98,8.06,78125.52,62858.758,0.019684
2019-07-29,8.03,8.09,8.0,8.03,43141.24,34638.384,0.01087
2019-07-30,8.06,8.11,7.99,8.0,62649.25,50304.002,0.015785
2019-07-31,7.96,8.23,7.91,8.05,95268.19,76682.994,0.024003
2019-08-01,7.97,8.12,7.94,8.01,61083.07,48871.203,0.01539
2019-08-02,7.87,7.95,7.74,7.86,63388.4,49836.159,0.015971
2019-08-05,7.86,7.9,7.71,7.71,66652.25,51870.657,0.016793
2019-08-06,7.58,7.6,7.05,7.32,139130.78,102387.786,0.035054
2019-08-07,7.43,7.44,7.28,7.28,57575.32,42311.42,0.014505999999999998
2019-08-08,7.38,7.39,7.3,7.3,48614.22,35695.701,0.012248000000000002
2019-08-09,7.37,7.55,7.27,7.31,67554.25,49934.851,0.01702
2019-08-12,7.26,7.34,7.26,7.33,40072.82,29241.335,0.010096
2019-08-13,7.26,7.26,7.12,7.16,48972.5,35119.786,0.012339
2019-08-14,7.28,7.3,7.15,7.16,44914.95,32379.48,0.011316
2019-08-15,6.98,7.15,6.9,7.07,74901.25,52477.201,0.018872
2019-08-16,7.02,7.15,7.02,7.04,50095.04,35487.178,0.012622
2019-08-19,7.06,7.25,7.04,7.2,82771.69,59275.604,0.020855000000000002
2019-08-20,7.28,7.37,7.18,7.18,78987.74,57317.318,0.019901
2019-08-21,7.21,7.31,7.13,7.26,119770.37,86488.63,0.027603
2019-08-22,7.24,7.52,7.14,7.29,182184.25,133574.319,0.041988000000000004
2019-08-23,7.25,7.3,7.12,7.14,153098.73,109755.841,0.009079
2019-08-26,6.9,7.08,6.86,6.99,143530.97,100033.308,0.008511
2019-08-27,7.01,7.11,6.94,7.03,159408.76,112298.142,0.009453
2019-08-28,7.35,7.5,7.17,7.18,301787.71,221086.509,0.017896000000000002
2019-08-29,7.1,7.18,6.9,6.96,243907.31,170618.413,0.014464
2019-08-30,6.96,6.96,6.7,6.76,221818.56,151459.954,0.013153999999999999
2019-09-02,6.76,6.92,6.76,6.88,156399.06,107337.099,0.009274
2019-09-03,6.87,6.88,6.76,6.83,133756.38,91211.883,0.007932
2019-09-04,6.8,6.92,6.75,6.89,133779.0,91494.636,0.007933
2019-09-05,6.92,7.07,6.9,7.02,224182.57,157163.882,0.013293999999999999
2019-09-06,7.13,7.29,7.11,7.19,258635.66,185860.913,0.015337
2019-09-09,7.26,7.32,7.15,7.23,207769.11,149722.823,0.012321
2019-09-10,7.28,7.28,7.17,7.22,169892.38,122332.678,0.010075
2019-09-11,7.25,7.5,7.2,7.37,313653.53,231359.721,0.018600000000000002
2019-09-12,7.37,7.39,7.28,7.36,163682.69,119887.992,0.009706
2019-09-16,7.44,7.44,7.18,7.24,214646.13,156681.742,0.012728999999999999
2019-09-17,7.19,7.23,6.93,6.99,219427.73,154716.62,0.013012
2019-09-18,6.98,7.03,6.86,6.91,157120.26,108768.4,0.009316999999999999
2019-09-19,6.92,6.94,6.78,6.87,161847.85,110664.637,0.009598
2019-09-20,6.9,7.09,6.88,6.96,227462.02,158778.007,0.013488
2019-09-23,6.89,6.94,6.78,6.82,182241.0,124347.391,0.010807
2019-09-24,6.85,6.99,6.75,6.88,212101.58,145708.18,0.012578
2019-09-25,6.81,6.81,6.65,6.66,207712.53,139068.716,0.012317
2019-09-26,6.66,6.69,6.32,6.32,216744.76,139935.921,0.012853000000000002
2019-09-27,6.32,6.43,6.32,6.37,98442.25,62847.534,0.0058379999999999994
2019-09-30,6.4,6.41,6.34,6.34,72564.9,46227.103,0.004303
2019-10-08,6.35,6.35,6.22,6.23,84768.24,53253.718,0.005027
2019-10-09,6.22,6.29,6.15,6.27,65841.66,41008.573,0.0039040000000000004
2019-10-10,6.27,6.37,6.25,6.34,83418.67,52770.768,0.004947
2019-10-11,6.32,6.37,6.27,6.32,76177.84,48165.943,0.004517
2019-10-14,6.37,6.44,6.34,6.43,113481.02,72671.663,0.006729000000000001
2019-10-15,6.47,6.71,6.43,6.54,177634.35,116562.441,0.010533999999999998
2019-10-16,6.56,6.6,6.35,6.37,112344.07,72301.528,0.006662
2019-10-17,6.34,6.43,6.32,6.37,55342.0,35298.224,0.0032819999999999998
2019-10-18,6.37,6.43,6.31,6.35,76237.1,48553.871,0.004521
2019-10-21,6.35,6.36,6.17,6.26,84876.25,52762.929,0.005032999999999999
2019-10-22,6.2,6.29,6.2,6.28,60031.27,37498.692,0.00356
2019-10-23,6.26,6.27,6.16,6.2,77668.75,48175.868,0.004606
2019-10-24,6.22,6.23,6.13,6.13,72052.5,44509.692,0.004273
2019-10-25,6.12,6.19,6.02,6.15,106867.27,65274.983,0.006337000000000001
2019-10-28,6.15,6.26,6.08,6.25,114627.59,71113.524,0.006797
2019-10-29,6.27,6.28,6.09,6.11,97269.0,59964.034,0.005768
2019-10-30,5.84,5.84,5.56,5.61,258262.9,146489.933,0.015315
2019-10-31,5.6,5.66,5.51,5.53,117814.6,65775.734,0.006986
2019-11-01,5.52,5.57,5.45,5.53,130622.19,72105.059,0.007745999999999999
2019-11-04,5.55,5.55,5.41,5.41,136810.95,74763.058,0.008113
2019-11-05,5.42,5.62,5.42,5.5,180195.15,99637.404,0.010686
2019-11-06,5.51,5.53,5.4,5.42,99045.04,54119.568,0.005873000000000001
2019-11-07,5.38,5.6,5.31,5.46,140703.18,76543.594,0.008344
2019-11-08,5.5,5.58,5.45,5.46,129056.74,71118.797,0.007653
2019-11-11,5.43,5.43,5.3,5.3,109550.87,58472.309,0.006495999999999999
2019-11-12,5.29,5.32,5.17,5.21,113182.3,59047.851,0.006712
2019-11-13,5.21,5.22,5.02,5.07,133286.12,67902.423,0.007904
2019-11-14,5.09,5.24,5.05,5.18,116721.06,60242.264,0.006922
2019-11-15,5.2,5.45,5.11,5.35,208380.73,110021.189,0.012357
2019-11-18,5.35,5.57,5.29,5.4,162506.57,88200.258,0.009637
2019-11-19,5.39,5.51,5.31,5.42,176540.56,95701.533,0.010469
2019-11-20,5.4,5.5,5.27,5.3,148236.22,79793.646,0.00879
2019-11-21,5.26,5.32,5.21,5.26,88420.76,46575.001,0.005243
2019-11-22,5.3,5.45,5.26,5.34,142542.81,76171.84,0.008453
2019-11-25,5.34,5.45,5.3,5.44,153465.82,82758.36,0.009101
2019-11-26,5.42,5.47,5.33,5.33,176110.0,94971.381,0.010443000000000001
2019-11-27,5.35,5.38,5.22,5.26,99129.57,52637.813,0.0058779999999999995
2019-11-28,5.24,5.29,5.15,5.17,72522.98,37768.55,0.004301
2019-11-29,5.18,5.24,5.13,5.21,82950.01,43048.145,0.004919
2019-12-02,5.24,5.73,5.24,5.73,362781.48,200701.372,0.021513
2019-12-03,5.73,6.16,5.59,5.99,551353.77,320289.143,0.032695
2019-12-04,5.87,5.94,5.73,5.76,363468.35,211126.596,0.021554000000000004
2019-12-05,5.73,5.8,5.65,5.76,244964.96,140158.962,0.014525999999999999
2019-12-06,5.75,5.77,5.61,5.69,198854.54,112782.049,0.011792
2019-12-09,5.68,5.93,5.61,5.86,292817.89,168646.366,0.017364
2019-12-10,5.8,5.89,5.73,5.83,213912.8,124387.747,0.012685
2019-12-11,5.8,6.36,5.73,6.14,420484.17,255000.009,0.024935
2019-12-12,6.13,6.32,6.0,6.19,350439.65,216858.767,0.020781
2019-12-13,6.17,6.21,6.06,6.14,287649.67,176697.741,0.017058
2019-12-16,6.03,6.14,6.01,6.09,204515.35,124541.446,0.012128000000000002
2019-12-17,6.08,6.29,6.06,6.15,255849.5,157934.429,0.015172000000000001
2019-12-18,6.15,6.24,6.08,6.1,197790.44,121438.603,0.011729
2019-12-19,6.1,6.12,6.02,6.06,164055.99,99508.61,0.009729
2019-12-20,6.11,6.21,5.97,5.98,200308.3,121877.942,0.011878
2019-12-23,5.95,5.99,5.65,5.68,204180.1,118164.943,0.012108
2019-12-24,5.71,5.9,5.68,5.85,156833.54,90678.385,0.009300000000000001
2019-12-25,5.89,6.02,5.76,5.81,144968.55,85309.241,0.008597
2019-12-26,5.81,5.87,5.72,5.8,120861.65,69642.065,0.007167
2019-12-27,5.8,5.93,5.74,5.75,141851.15,82616.315,0.008412
2019-12-30,5.7,5.84,5.5,5.79,159828.11,91210.138,0.009478
2019-12-31,5.88,6.05,5.8,5.84,175455.74,103754.973,0.010405
2020-01-02,6.02,6.02,5.88,5.98,173347.73,103443.088,0.010280000000000001
2020-01-03,5.99,6.18,5.94,6.08,258358.33,157013.97,0.015321
2020-01-06,6.08,6.23,5.97,6.11,231699.85,141253.971,0.01374
2020-01-07,6.15,6.2,6.09,6.13,176077.99,108040.121,0.010441
2020-01-08,6.12,6.28,6.06,6.09,194918.7,119933.42,0.011559
2020-01-09,6.18,6.35,6.16,6.21,222142.15,138558.762,0.013172999999999999
2020-01-10,6.27,6.27,6.07,6.08,169615.39,103892.695,0.010058000000000001
2020-01-13,6.55,6.69,6.45,6.69,650956.49,432057.139,0.038602
2020-01-14,6.82,6.92,6.46,6.49,710111.21,474298.964,0.04211
2020-01-15,6.4,6.47,6.2,6.24,325386.0,204408.514,0.019295
2020-01-16,6.32,6.86,6.25,6.86,621754.46,414684.283,0.03687
2020-01-17,7.0,7.49,6.7,7.12,894791.74,632328.731,0.053061
2020-01-20,7.05,7.19,6.84,7.01,530474.31,370898.179,0.031457
2020-01-21,6.9,6.91,6.53,6.63,442884.68,296344.36,0.026263
2020-01-22,6.58,6.96,6.43,6.79,404995.33,274444.253,0.024016000000000003
2020-01-23,6.68,6.83,6.34,6.48,321868.1,211782.748,0.019087
2020-02-03,5.83,5.83,5.83,5.83,54115.0,31549.045,0.002966
2020-02-04,5.37,6.05,5.37,5.77,310691.88,179240.375,0.017027
2020-02-05,5.92,6.11,5.81,5.86,320731.41,191270.333,0.017578
2020-02-06,5.73,5.92,5.72,5.88,238252.35,138658.392,0.013057000000000001
2020-02-07,5.82,6.47,5.78,6.47,411415.51,250948.033,0.022548
2020-02-10,6.5,6.68,6.36,6.55,361427.2,236255.34,0.019808
2020-02-11,6.56,6.56,6.34,6.35,222971.76,143231.969,0.01222
2020-02-12,6.33,6.56,6.29,6.45,231882.48,149758.808,0.012707999999999999
2020-02-13,6.43,6.75,6.32,6.6,372855.77,243786.917,0.020434
2020-02-14,6.5,6.56,6.38,6.45,213452.16,138349.733,0.011698
2020-02-17,6.43,6.68,6.43,6.63,315164.78,207931.142,0.017273
2020-02-18,6.66,6.85,6.58,6.73,290939.48,195324.571,0.015945
2020-02-19,6.77,6.89,6.55,6.56,271065.55,181183.828,0.014856000000000001
2020-02-20,6.58,6.84,6.5,6.75,346625.43,233542.149,0.018997
2020-02-21,6.95,7.08,6.66,6.92,496339.14,340006.031,0.027202
2020-02-24,6.78,6.91,6.71,6.81,341432.77,232077.527,0.018712
2020-02-25,6.61,7.49,6.36,7.13,695721.15,481992.914,0.038128999999999996
2020-02-26,6.98,7.25,6.81,6.83,462868.76,324811.373,0.025367
2020-02-27,6.83,7.0,6.65,6.74,281241.61,191667.867,0.015413
2020-02-28,6.5,6.64,6.25,6.43,276552.26,178324.246,0.015156000000000001
2020-03-02,6.47,6.69,6.41,6.61,222767.62,146637.805,0.012209000000000001
2020-03-03,6.79,6.98,6.66,6.85,488321.1,333145.24,0.026762
2020-03-04,6.79,6.93,6.61,6.73,318312.4,214352.919,0.017445
2020-03-05,6.81,6.85,6.62,6.75,362616.24,244750.884,0.019873000000000002
2020-03-06,6.64,6.64,6.51,6.53,265466.78,174329.305,0.014549000000000001
2020-03-09,6.32,6.43,6.06,6.06,326488.62,203033.652,0.017893
2020-03-10,6.0,6.2,5.84,6.2,263382.57,159338.662,0.014435
2020-03-11,6.22,6.29,6.07,6.09,176649.76,109423.355,0.009681
2020-03-12,6.02,6.17,5.8,6.04,254404.85,151599.187,0.013943
2020-03-13,5.71,6.1,5.71,5.98,205921.78,120800.137,0.011286000000000001
2020-03-16,6.0,6.0,5.6,5.61,200134.25,116082.039,0.010968
2020-03-17,5.57,5.75,5.46,5.6,126536.34,70652.72,0.006935
2020-03-18,5.65,5.79,5.4,5.42,173404.77,97052.833,0.009503000000000001
2020-03-19,5.44,5.54,5.28,5.31,265962.27,142438.781,0.014576
2020-03-20,5.37,5.42,5.19,5.21,253118.74,133604.285,0.013872
2020-03-23,5.06,5.1,4.81,4.83,267518.61,131862.002,0.014661
2020-03-24,4.91,5.31,4.83,5.31,341053.2,172193.533,0.018691
2020-03-25,5.39,5.78,5.31,5.61,472224.39,262299.586,0.02588
2020-03-26,5.52,5.55,5.37,5.47,247527.81,135026.838,0.013566
2020-03-27,5.53,5.71,5.48,5.5,263803.19,147548.3,0.014458
2020-03-30,5.45,5.84,5.37,5.73,382179.59,215849.388,0.020945000000000002
2020-03-31,5.81,6.02,5.65,5.99,439417.46,258156.985,0.024082
2020-04-01,6.07,6.26,5.72,5.75,609534.12,368400.233,0.033405
2020-04-02,5.6,5.65,5.51,5.63,327226.51,182081.689,0.017934000000000002
2020-04-03,5.6,5.62,5.42,5.51,219305.76,121243.957,0.012019
2020-04-07,5.58,5.87,5.5,5.7,293954.74,165499.027,0.01611
2020-04-08,5.63,5.79,5.54,5.58,259003.24,145895.325,0.014195
2020-04-09,5.65,5.88,5.6,5.82,398683.9,229893.119,0.02185
2020-04-10,5.7,5.74,5.47,5.48,302286.77,169167.112,0.016567000000000002
2020-04-13,5.46,5.46,5.3,5.33,146038.14,78253.764,0.008004
2020-04-14,5.35,5.51,5.35,5.49,137217.12,74651.186,0.00752
2020-04-15,5.5,5.65,5.44,5.46,136631.2,75661.48,0.007488
2020-04-16,5.38,5.6,5.36,5.52,139035.91,75823.617,0.00762
2020-04-17,5.52,5.57,5.45,5.47,139590.86,76872.648,0.0076500000000000005
2020-04-20,5.45,5.52,5.3,5.46,144649.67,78300.413,0.007928
2020-04-21,5.49,5.57,5.4,5.49,159069.03,87286.859,0.008718
2020-04-22,5.48,5.64,5.4,5.62,210531.25,117053.776,0.011538
2020-04-23,5.8,5.85,5.62,5.63,309111.28,176824.399,0.016940999999999998
2020-04-24,5.74,5.93,5.65,5.69,281949.34,163063.419,0.015451999999999999
2020-04-27,5.76,5.77,5.52,5.66,181437.78,102402.911,0.009944
2020-04-28,5.65,5.7,5.35,5.43,163057.47,89663.539,0.008936
2020-04-29,5.42,5.54,5.37,5.43,128391.27,69921.542,0.007036
2020-04-30,5.39,5.53,5.38,5.48,157265.72,86040.912,0.008619
2020-05-06,5.41,5.56,5.4,5.55,143380.51,78878.041,0.007858
2020-05-07,5.55,5.57,5.48,5.49,108810.73,59988.044,0.005963
2020-05-08,5.52,5.64,5.5,5.6,138545.6,77128.598,0.007593
2020-05-11,5.59,5.78,5.59,5.65,194981.93,110770.105,0.010686
2020-05-12,5.65,5.68,5.46,5.51,121814.63,67363.716,0.006676
2020-05-13,5.46,5.57,5.42,5.54,81841.97,45058.337,0.004485
2020-05-14,5.51,5.51,5.43,5.45,118891.3,64925.768,0.006515999999999999
2020-05-15,5.44,5.5,5.42,5.44,71021.4,38721.179,0.003892
2020-05-18,5.42,5.46,5.34,5.35,88734.28,47783.041,0.004863
2020-05-19,5.4,5.47,5.36,5.4,74408.99,40260.764,0.004078
2020-05-20,5.4,5.63,5.37,5.56,187768.06,104349.774,0.010291
2020-05-21,5.58,5.67,5.48,5.61,160856.59,89795.203,0.008816000000000001
2020-05-22,5.59,5.7,5.51,5.54,139965.76,78326.376,0.007671
2020-05-25,5.55,6.06,5.54,5.79,353033.28,205116.571,0.019348
2020-05-26,5.79,5.94,5.72,5.81,187323.36,109109.148,0.010265999999999999
2020-05-27,5.82,6.01,5.7,5.9,247791.25,145446.151,0.013580000000000002
2020-05-28,5.85,6.02,5.77,5.8,192180.85,113419.547,0.010532
2020-05-29,5.82,5.95,5.73,5.85,186327.83,108539.735,0.010212
2020-06-01,5.85,6.06,5.83,6.02,290457.14,173267.606,0.015918
2020-06-02,6.08,6.29,6.0,6.01,323971.93,197839.448,0.017755
2020-06-03,6.06,6.15,5.91,6.07,235757.89,141259.093,0.012921
2020-06-04,6.07,6.11,5.97,6.06,195147.68,118060.262,0.010695
2020-06-05,6.06,6.08,5.95,5.96,129587.42,77628.036,0.007102000000000001
2020-06-08,6.0,6.14,5.92,6.09,250020.22,151391.647,0.013702
2020-06-09,6.12,6.21,6.01,6.08,191028.39,116439.729,0.010469
2020-06-10,6.07,6.23,6.01,6.18,269516.57,165411.366,0.014771000000000001
2020-06-11,6.13,6.47,6.09,6.42,488861.03,310188.395,0.026791999999999996
2020-06-12,6.25,6.83,6.23,6.65,583566.75,385737.236,0.031982
2020-06-15,6.58,7.03,6.45,6.89,525551.32,356883.764,0.028803000000000002
2020-06-16,6.96,7.07,6.84,6.89,272602.13,188822.834,0.01494
2020-06-17,6.97,7.0,6.77,6.9,172222.65,118098.195,0.009439
2020-06-18,6.94,7.07,6.85,6.96,206987.97,144143.505,0.011344
2020-06-19,6.92,7.01,6.83,6.98,216559.25,149855.763,0.011869000000000001
2020-06-22,6.93,6.95,6.7,6.71,199413.68,135557.404,0.010929
2020-06-23,6.76,6.79,6.54,6.63,154287.56,102156.36,0.008456
2020-06-24,6.61,6.7,6.48,6.55,139209.56,91420.533,0.007629
2020-06-29,6.5,6.54,6.33,6.42,141762.76,90971.428,0.007769000000000001
2020-06-30,6.43,6.55,6.39,6.43,102716.91,66355.97,0.0056289999999999995
2020-07-01,6.49,6.49,6.33,6.46,100990.46,64787.426,0.005535
2020-07-02,6.45,6.61,6.39,6.46,165933.63,107719.879,0.009094
2020-07-03,6.54,6.76,6.52,6.7,249146.81,166207.68,0.013654
2020-07-06,6.66,7.06,6.65,6.9,275662.93,189484.556,0.015108
2020-07-07,7.0,7.59,6.99,7.59,342271.47,253311.811,0.018758
2020-07-08,7.87,7.95,7.51,7.71,630610.63,485909.463,0.034561
2020-07-09,7.64,7.91,7.56,7.7,466611.37,361628.108,0.025573000000000002
2020-07-10,7.7,8.03,7.6,7.61,541714.74,421495.314,0.029689
2020-07-13,7.44,7.76,7.43,7.68,450029.76,344215.406,0.024664000000000002
2020-07-14,7.7,7.74,7.35,7.58,386175.21,291919.705,0.021164000000000002
2020-07-15,7.57,7.76,7.2,7.45,499544.17,374013.686,0.027377
2020-07-16,7.3,7.46,6.82,6.85,340835.39,244886.599,0.018678999999999998
2020-07-17,6.87,6.9,6.51,6.58,284085.51,188768.683,0.015569
2020-07-20,6.62,6.95,6.47,6.76,310517.93,207073.022,0.017018
2020-07-21,6.8,6.95,6.68,6.83,286222.29,195133.264,0.015686
2020-07-22,6.76,6.95,6.68,6.79,236959.31,161588.194,0.012987
2020-07-23,6.75,6.85,6.5,6.82,245561.59,164605.933,0.013458000000000001
2020-07-24,6.8,6.93,6.51,6.51,237390.53,159236.889,0.013009999999999999
2020-07-27,6.5,6.75,6.43,6.67,204650.74,134805.331,0.011215999999999999
2020-07-28,6.98,6.99,6.68,6.84,219200.25,149185.464,0.012013000000000001
2020-07-29,6.78,6.89,6.68,6.85,197861.84,134639.933,0.010844
2020-07-30,6.88,6.9,6.66,6.7,180161.7,121791.809,0.009874
2020-07-31,6.72,6.96,6.68,6.79,222085.63,151778.451,0.012171000000000001
2020-08-03,6.85,6.98,6.77,6.98,265179.87,182778.198,0.014533
2020-08-04,7.25,7.55,7.19,7.3,531297.06,389606.764,0.029117999999999998
2020-08-05,7.15,7.22,7.05,7.12,245599.73,174667.339,0.013460000000000001
2020-08-06,7.13,7.58,7.1,7.46,453779.17,334923.571,0.024869
2020-08-07,7.38,7.46,7.16,7.2,291730.59,213449.164,0.015988
2020-08-10,7.18,7.32,7.09,7.14,188352.45,135016.168,0.010323
2020-08-11,7.15,7.54,7.1,7.23,370911.84,271242.439,0.020328
2020-08-12,7.1,7.2,6.66,6.93,321226.19,222135.13,0.017605
2020-08-13,6.95,7.23,6.9,6.99,248830.89,176523.087,0.013637
2020-08-14,6.99,7.05,6.81,6.9,198953.02,137382.861,0.010904
2020-08-17,7.0,7.13,6.83,7.1,227232.97,159294.176,0.012453
2020-08-18,7.1,7.58,7.09,7.29,447357.88,329008.16,0.024517
2020-08-19,7.45,7.55,7.23,7.3,329148.0,242475.15,0.018039
2020-08-20,7.19,7.2,6.91,6.97,308585.95,216832.613,0.016912
2020-08-21,6.96,7.04,6.75,6.81,258195.49,177342.317,0.014150000000000001
2020-08-24,6.74,6.76,6.54,6.7,197550.09,131546.154,0.010827
2020-08-25,6.68,6.75,6.62,6.73,124229.31,83096.143,0.006808
2020-08-26,6.79,6.82,6.46,6.46,178890.44,118239.026,0.009804
2020-08-27,6.64,6.84,6.54,6.62,237796.98,158770.903,0.013031999999999998
2020-08-28,6.36,6.6,6.32,6.53,203166.32,130881.886,0.011134999999999999
2020-08-31,6.55,6.62,6.45,6.45,153107.65,100187.58,0.008391
2020-09-01,6.4,6.8,6.4,6.7,191149.9,127057.945,0.010476000000000001
2020-09-02,6.68,6.71,6.51,6.57,146445.18,96315.337,0.008026
2020-09-03,6.55,6.64,6.53,6.58,90383.09,59395.75,0.004953
2020-09-04,6.48,6.7,6.44,6.7,154486.46,101728.013,0.008467
2020-09-07,6.71,6.76,6.56,6.58,101696.67,67495.86,0.005573
2020-09-08,6.56,6.74,6.53,6.7,118984.96,79285.927,0.006521
2020-09-09,6.65,6.82,6.61,6.7,150317.25,100808.596,0.008238
2020-09-10,6.67,6.7,6.41,6.45,137035.17,89695.227,0.00751
2020-09-11,6.48,6.61,6.41,6.46,85008.38,55225.232,0.004659
2020-09-14,6.48,6.49,6.07,6.16,208667.72,130054.764,0.011436
2020-09-15,6.15,6.4,6.06,6.19,139070.26,85923.601,0.007622
2020-09-16,6.18,6.25,6.1,6.2,101374.76,62502.197,0.005556
2020-09-17,6.17,6.46,6.12,6.35,181406.1,114541.211,0.009942
2020-09-18,6.33,6.53,6.25,6.3,150882.24,95623.42,0.008269
2020-09-21,6.31,6.41,6.17,6.22,127289.9,79654.746,0.0069759999999999996
2020-09-22,6.17,6.22,6.1,6.11,107363.64,65950.675,0.005884
2020-09-23,6.15,6.15,6.0,6.03,97620.28,59086.681,0.005350000000000001
2020-09-24,5.98,5.99,5.78,5.84,113149.84,66181.048,0.006201
2020-09-25,5.87,5.91,5.81,5.9,55914.11,32812.797,0.003064
2020-09-28,5.9,5.95,5.81,5.87,58685.94,34401.785,0.003216
2020-09-29,5.87,5.98,5.84,5.95,59745.27,35432.536,0.0032740000000000004
2020-09-30,5.95,5.98,5.85,5.9,79528.39,47041.551,0.004359
2020-10-09,5.97,6.21,5.96,6.12,137701.67,84478.695,0.007547000000000001
2020-10-12,6.22,6.3,6.18,6.22,131497.7,81891.44,0.007207
2020-10-13,6.15,6.36,6.08,6.29,162185.78,101010.901,0.008889000000000001
2020-10-14,6.26,6.3,6.14,6.15,108608.8,67305.387,0.005952
2020-10-15,6.28,6.41,6.22,6.23,213231.6,134224.093,0.011686
2020-10-16,6.18,6.22,6.01,6.02,127253.67,77377.216,0.006974
2020-10-19,6.04,6.15,5.97,6.04,94822.31,57314.465,0.005197
2020-10-20,6.05,6.36,6.0,6.29,184238.45,114118.662,0.010097
2020-10-21,6.29,6.44,6.23,6.37,199209.64,126362.592,0.010918
2020-10-22,6.33,6.42,6.25,6.26,123034.5,77660.268,0.006743
2020-10-23,6.24,6.79,6.17,6.51,317163.1,206561.493,0.017381999999999998
2020-10-26,6.54,6.72,6.42,6.56,220361.46,145464.157,0.012077
2020-10-27,6.53,6.56,6.38,6.45,122708.52,79174.489,0.006725
2020-10-28,6.44,6.6,6.36,6.49,157160.27,102010.542,0.008612999999999999
2020-10-29,6.41,6.8,6.36,6.62,289045.55,190015.796,0.015841
2020-10-30,6.52,6.95,6.46,6.64,400735.08,268133.548,0.021962000000000002
2020-11-02,6.59,6.99,6.51,6.92,427740.5,290675.08,0.023441999999999998
2020-11-03,6.89,6.92,6.63,6.75,392773.64,264510.541,0.021526
2020-11-04,6.68,6.97,6.68,6.92,370996.46,255052.45,0.020332
2020-11-05,7.01,7.45,6.89,7.26,630456.93,453844.593,0.034552
2020-11-06,7.25,7.54,7.05,7.17,502744.68,365489.552,0.027553
2020-11-09,7.21,7.38,7.0,7.21,502100.77,363503.046,0.027517999999999997
2020-11-10,7.18,7.88,7.04,7.6,720352.29,538391.55,0.039479
2020-11-11,7.45,7.61,6.88,6.94,540994.43,390592.498,0.029649000000000002
2020-11-12,7.13,7.16,6.76,6.83,365464.63,254748.005,0.020028999999999998
2020-11-13,7.03,7.16,6.87,7.05,281275.05,197354.725,0.015415000000000002
2020-11-16,6.93,7.0,6.7,6.89,267251.78,182794.32,0.014646999999999999
2020-11-17,6.89,7.58,6.89,7.58,422856.88,313031.32,0.023174999999999998
2020-11-18,7.74,7.79,7.35,7.66,841028.3,639143.923,0.046093
2020-11-19,7.65,7.93,7.28,7.37,557180.16,418974.484,0.030535999999999997
2020-11-20,7.4,7.88,7.38,7.74,799239.08,615599.754,0.043802
2020-11-23,7.87,8.51,7.55,8.51,1152743.17,940289.976,0.063176
2020-11-24,8.85,9.36,8.77,9.0,1549319.38,1413717.846,0.08491
2020-11-25,8.87,9.59,8.73,8.78,1258870.52,1145206.269,0.068992
2020-11-26,8.76,9.04,8.43,8.79,943553.81,825734.602,0.051711
2020-11-27,8.7,9.32,8.23,8.66,1179137.1,1037693.783,0.064623
2020-11-30,8.65,9.04,8.58,8.61,1018555.31,898324.91,0.055822000000000004
2020-12-01,8.44,8.88,8.28,8.71,857456.21,738296.32,0.046993
2020-12-02,8.73,9.58,8.73,9.58,1128543.76,1062507.593,0.061849999999999995
2020-12-03,10.2,10.54,9.27,10.2,2119377.83,2120026.993,0.11615199999999999
2020-12-04,9.78,10.28,9.18,9.18,1376749.44,1319980.63,0.075453
2020-12-07,8.87,9.15,8.48,8.53,968501.4,846007.095,0.053079
2020-12-08,8.65,8.8,8.39,8.44,887504.31,761623.346,0.048639999999999996
2020-12-09,8.42,8.7,8.16,8.17,654996.67,550920.252,0.035897
2020-12-10,8.03,8.23,7.66,8.11,786636.04,623723.995,0.043112000000000004
2020-12-11,8.08,8.26,7.81,7.81,564117.06,449373.568,0.030916000000000003
2020-12-14,7.86,8.23,7.66,8.14,653309.26,522613.4,0.035805
2020-12-15,8.07,8.65,8.04,8.5,736220.09,615224.535,0.040349
2020-12-16,8.48,8.48,7.83,8.07,608446.42,489490.203,0.033346
2020-12-17,7.9,8.18,7.82,8.03,368462.05,295003.714,0.020194
2020-12-18,7.95,8.39,7.86,8.23,563371.03,461992.798,0.030876
2020-12-21,8.09,8.52,7.82,8.3,774717.27,632516.222,0.042458
2020-12-22,8.18,8.22,7.87,7.91,607403.43,489135.535,0.033289
2020-12-23,7.81,8.53,7.81,8.28,740466.87,611716.467,0.040581
2020-12-24,8.22,9.11,8.07,8.75,908931.55,788729.339,0.049814
2020-12-25,8.67,9.48,8.21,8.94,1069323.99,938011.508,0.058604
2020-12-28,8.9,9.0,8.51,8.64,711392.51,619416.897,0.038988
2020-12-29,8.46,8.51,7.88,7.88,633611.94,516030.462,0.034725
2020-12-30,7.9,8.67,7.88,8.67,695982.8,582444.175,0.038142999999999996
2020-12-31,8.67,8.86,8.58,8.67,736812.34,643193.46,0.040381
2021-01-04,8.39,8.64,8.31,8.56,601099.68,510186.156,0.032943
2021-01-05,8.69,8.73,8.11,8.2,610939.38,508042.501,0.033483
2021-01-06,8.29,8.32,7.88,7.95,433012.55,347015.075,0.023731
2021-01-07,7.95,8.75,7.9,8.75,733827.3,613603.028,0.040217
2021-01-08,9.3,9.63,8.81,9.3,1941096.31,1817662.988,0.10638199999999999
2021-01-11,9.23,9.64,8.84,8.97,1330502.54,1225634.316,0.072918
2021-01-12,8.84,9.49,8.66,9.15,989915.99,901797.838,0.054252
2021-01-13,9.16,9.94,9.11,9.57,1123156.13,1070354.135,0.061555
2021-01-14,9.49,9.49,8.85,9.02,767642.88,698167.355,0.042071
2021-01-15,8.87,9.25,8.55,9.08,605511.34,537870.46,0.033185
2021-01-18,9.0,9.41,8.84,9.18,598794.85,551332.515,0.032817
2021-01-19,9.35,9.77,9.09,9.38,817058.03,771813.489,0.044779
2021-01-20,9.39,10.32,9.39,10.32,571521.79,579314.932,0.031322
2021-01-21,10.3,10.69,9.8,10.18,1254430.5,1282224.995,0.068749
2021-01-22,10.05,11.12,10.05,10.68,1154101.2,1222209.154,0.06325
2021-01-25,10.5,11.07,10.37,10.56,973793.8,1042746.776,0.053369
2021-01-26,10.75,10.76,9.9,9.96,780656.29,795085.796,0.042784
2021-01-27,10.02,10.24,9.72,9.76,579812.05,578015.116,0.031777
2021-01-28,9.53,9.75,9.16,9.2,535994.08,506689.649,0.029375
2021-01-29,9.25,9.35,8.63,8.74,535187.21,477879.968,0.029331
2021-02-01,8.22,8.57,8.03,8.27,706314.79,587156.646,0.03871
2021-02-02,8.36,8.58,8.31,8.4,541609.35,456532.193,0.029683
2021-02-03,8.38,9.03,8.16,8.71,723970.11,622817.687,0.039677
2021-02-04,8.5,8.69,8.39,8.48,385491.13,328415.687,0.021126999999999996
2021-02-05,8.61,8.85,8.4,8.49,428460.17,369327.948,0.023482
2021-02-08,8.64,8.97,8.55,8.86,377813.94,331346.424,0.020706000000000002
2021-02-09,8.76,9.32,8.66,9.18,454466.7,409478.072,0.024907
2021-02-10,9.12,9.29,9.08,9.14,295783.46,270961.272,0.01621
2021-02-18,9.26,9.26,8.73,8.93,435127.66,388986.035,0.023847
2021-02-19,8.86,8.96,8.64,8.89,280582.29,247313.558,0.015377
2021-02-22,8.94,9.15,8.31,8.35,581486.94,503321.719,0.031868
2021-02-23,8.15,8.43,8.09,8.38,340488.48,280926.664,0.01866
2021-02-24,8.38,8.56,8.14,8.24,300242.1,249123.551,0.016455
2021-02-25,8.3,8.35,7.96,7.98,265382.51,215372.461,0.014544
2021-02-26,7.78,8.78,7.68,8.62,838093.65,708642.963,0.045932
2021-03-01,8.22,8.32,7.91,8.27,614235.8,498683.807,0.033663
2021-03-02,8.24,9.08,8.06,8.84,736728.35,629876.482,0.040376
2021-03-03,8.59,9.56,8.53,9.19,767400.84,696560.217,0.042057000000000004
2021-03-04,9.07,9.45,9.04,9.11,612657.97,564535.333,0.033576999999999996
2021-03-05,8.98,9.38,8.93,9.19,509448.24,469005.618,0.027919999999999997
2021-03-08,9.19,9.24,8.76,8.83,425738.18,380375.186,0.023333
2021-03-09,8.8,8.9,8.25,8.32,444904.87,377119.09,0.024383
2021-03-10,8.49,8.51,8.1,8.22,235601.37,195223.685,0.012912
2021-03-11,8.23,8.52,8.1,8.39,257108.86,214378.907,0.014091
2021-03-12,8.38,8.78,8.23,8.54,363329.9,307930.982,0.019912
2021-03-15,8.41,8.87,8.31,8.69,338984.98,291922.009,0.018577999999999997
2021-03-16,8.61,8.91,8.55,8.68,292322.68,254908.839,0.016021
2021-03-17,8.66,8.95,8.57,8.76,330763.72,290750.412,0.018127
2021-03-18,8.86,8.9,8.44,8.44,326891.43,281063.768,0.017915
2021-03-19,8.29,8.44,8.2,8.38,201084.09,167533.252,0.01102
2021-03-22,8.4,9.14,8.31,8.98,617648.85,547455.793,0.03385
2021-03-23,9.06,9.09,8.71,8.82,376682.46,333836.863,0.020644
2021-03-24,8.72,9.05,8.34,8.48,441111.08,380140.298,0.024175
2021-03-25,8.37,8.62,8.23,8.55,229838.03,194201.76,0.012596000000000001
2021-03-26,8.51,8.65,8.26,8.44,429823.91,360063.552,0.023556
2021-03-29,8.36,8.63,8.13,8.38,347755.84,287838.145,0.019059
2021-03-30,8.32,8.49,8.26,8.37,214579.29,180062.648,0.01176
2021-03-31,8.65,8.83,8.4,8.46,369028.02,316756.057,0.020225
2021-04-01,8.33,8.86,8.31,8.51,451836.35,389652.8,0.024763
2021-04-02,8.36,8.92,8.36,8.8,553260.26,480901.558,0.030320999999999997
2021-04-06,9.0,9.53,8.92,9.24,836928.02,775031.744,0.045868
2021-04-07,9.6,9.93,9.03,9.63,1205305.99,1151820.94,0.06605699999999999
2021-04-08,9.46,10.59,9.46,10.15,1921707.5,1995860.238,0.105319
2021-04-09,9.89,10.45,9.72,10.06,1196959.16,1195485.084,0.065599
2021-04-12,10.25,10.54,9.92,10.2,1153238.29,1184185.051,0.063203
2021-04-13,10.29,10.34,9.39,10.09,1014406.72,1017509.924,0.055595
2021-04-14,10.14,10.88,10.06,10.42,1258671.57,1313319.766,0.068981
2021-04-15,10.31,11.46,10.0,11.37,1825659.03,1983398.68,0.10005499999999999
2021-04-16,12.0,12.51,11.87,12.51,679337.33,834128.914,0.037231
2021-04-19,13.76,13.76,13.76,13.76,121181.95,166746.363,0.006641
2021-04-20,15.14,15.14,15.14,15.14,192615.73,291620.215,0.010556000000000001
2021-04-21,15.39,16.48,14.46,15.38,4849294.68,7457149.625,0.265765
2021-04-22,14.94,15.8,14.01,14.37,3470814.86,5181650.715,0.190218
2021-04-23,13.72,15.01,13.72,14.42,2988884.86,4324475.169,0.163806
2021-04-26,14.42,15.5,13.95,14.5,3070960.38,4548876.397,0.168304
2021-04-27,14.12,14.13,13.05,13.05,2855968.98,3828132.494,0.15652100000000002
2021-04-28,12.8,14.36,12.65,14.36,2507320.9,3387115.762,0.137414
2021-04-29,14.6,14.85,13.66,13.79,2400939.61,3399851.443,0.131583
2021-04-30,13.68,14.24,13.53,13.81,1800802.24,2500574.535,0.098693
2021-05-06,13.7,15.19,13.51,14.96,2679862.62,3964034.622,0.14687
2021-05-07,14.93,14.99,13.66,13.95,1996534.62,2828138.651,0.10942
2021-05-10,13.8,15.17,13.41,14.6,2237336.8,3211321.081,0.12261699999999999
2021-05-11,14.59,15.86,13.96,14.41,2802935.43,4150132.86,0.153615
2021-05-12,14.13,15.85,14.11,15.85,2916426.19,4468783.55,0.159835
2021-05-13,16.06,16.25,14.89,14.97,2614493.24,4034754.704,0.143287
2021-05-14,15.0,16.28,14.62,15.7,2514782.29,3902280.109,0.137823
2021-05-17,15.73,17.27,15.63,17.27,2463514.14,4209647.456,0.135013
2021-05-18,17.3,18.66,17.03,18.4,2817951.85,5038716.83,0.154438
2021-05-19,18.29,18.93,17.38,18.06,2293127.75,4127821.342,0.125675
2021-05-20,18.9,19.87,18.32,19.2,2855988.97,5570587.329,0.156522
2021-05-21,18.32,19.37,17.95,18.89,2725166.33,5082531.831,0.14935299999999999
2021-05-24,18.26,18.27,17.0,17.0,1981185.15,3448012.039,0.10857900000000001
2021-05-25,16.34,16.74,15.82,16.18,1924545.63,3107778.766,0.105475
2021-05-26,16.09,16.5,15.99,16.23,1656859.6,2687564.589,0.090804
2021-05-27,16.8,16.98,15.99,16.07,1382722.47,2267482.255,0.07578
2021-05-28,15.8,16.67,15.63,16.25,1395005.96,2266291.205,0.076453
2021-05-31,15.88,16.2,15.03,16.02,1649863.8,2571575.242,0.090421
2021-06-01,15.96,17.09,15.7,16.9,2121724.65,3519643.767,0.116281
2021-06-02,16.81,17.62,16.7,17.24,1756859.35,3028728.696,0.09628500000000001
2021-06-03,17.47,17.48,16.51,16.52,1312798.5,2222166.091,0.071948
2021-06-04,16.1,16.45,15.86,15.91,1031273.16,1655899.292,0.05651900000000001
2021-06-07,15.75,16.02,15.26,15.31,1113385.14,1723561.733,0.061019
2021-06-08,15.2,15.85,15.04,15.47,1214833.11,1881274.209,0.066579
2021-06-09,15.35,15.72,15.01,15.48,839746.29,1297626.395,0.046022
2021-06-10,15.27,16.55,15.09,16.24,1499778.62,2374734.118,0.082195
2021-06-11,15.99,17.08,15.37,16.33,1785176.93,2894747.588,0.097837
2021-06-15,16.1,17.0,16.1,16.38,1270170.26,2099708.178,0.069612
2021-06-16,15.75,15.76,14.74,14.74,1438277.36,2172579.143,0.078825
2021-06-17,14.4,15.15,14.18,14.43,1099867.54,1603514.254,0.060278
2021-06-18,14.35,15.32,14.11,14.92,1509104.18,2222401.984,0.082706
2021-06-21,14.7,15.1,14.37,14.6,1132692.01,1669138.852,0.062077
2021-06-22,14.54,15.8,14.41,15.37,1713226.38,2596843.942,0.093893
2021-06-23,15.28,16.15,15.22,15.59,1727223.31,2711889.417,0.09466
2021-06-24,15.74,15.87,14.79,14.82,1347904.53,2050340.529,0.073872
2021-06-25,14.82,15.22,14.53,14.88,899272.0,1330582.144,0.049284999999999995
2021-06-28,14.8,15.59,14.68,14.91,984587.56,1485649.581,0.05396
2021-06-29,14.94,14.98,13.78,13.8,1430054.82,2027040.729,0.078374
2021-06-30,13.68,13.83,13.08,13.48,1169263.89,1564844.531,0.064081
2021-07-01,13.48,13.67,12.9,12.98,883748.95,1169332.808,0.048434
2021-07-02,12.99,13.16,12.45,12.55,850418.95,1085556.765,0.046607
2021-07-05,12.46,12.85,12.37,12.72,741941.29,939891.872,0.040662000000000004
2021-07-06,12.63,13.08,12.51,12.79,857159.76,1095775.552,0.046977000000000005
2021-07-07,12.78,13.45,12.58,13.26,1155147.74,1508536.778,0.063308
2021-07-08,13.13,13.26,12.76,12.84,880675.38,1142477.94,0.048265
2021-07-09,12.65,13.3,12.55,13.17,1069254.84,1400578.314,0.058600000000000006
2021-07-12,13.0,13.74,13.0,13.19,1361478.26,1822006.507,0.074616
2021-07-13,12.9,13.2,12.56,12.94,1067067.09,1367138.087,0.058481
2021-07-14,12.96,13.0,12.16,12.28,1103541.61,1369265.053,0.06048
2021-07-15,12.29,12.35,11.77,12.11,821724.52,989006.717,0.045035
2021-07-16,12.05,12.34,11.98,12.11,577638.25,702777.597,0.031657000000000005
2021-07-19,11.91,12.44,11.73,12.04,738564.41,889098.006,0.040477
2021-07-20,11.93,12.45,11.92,12.25,623055.38,762172.6,0.034147
2021-07-21,12.22,12.79,12.22,12.58,962030.85,1209413.637,0.052724
2021-07-22,12.64,12.75,12.33,12.4,699982.64,871848.045,0.038363
2021-07-23,12.4,13.2,12.25,12.59,1202712.15,1529366.06,0.065915
2021-07-26,12.55,12.55,11.43,11.57,1081611.16,1281513.704,0.059278000000000004
2021-07-27,11.44,12.38,11.29,11.69,1036991.65,1228601.249,0.056832
2021-07-28,11.5,11.98,11.3,11.38,673870.31,775818.979,0.036931
2021-07-29,11.55,12.12,11.4,11.9,877359.91,1031607.673,0.048083999999999995
2021-07-30,11.78,12.33,11.7,12.08,787879.54,950607.336,0.043179999999999996
2021-08-02,12.53,12.64,12.0,12.11,1006549.23,1232111.522,0.055164
2021-08-03,12.16,12.48,11.54,11.63,862351.07,1028772.985,0.047261
2021-08-04,11.56,12.39,11.56,12.26,1343976.85,1636908.595,0.073657
2021-08-05,12.15,12.32,11.95,12.1,823155.39,998633.651,0.045113
2021-08-06,12.24,12.44,11.91,12.0,900091.9,1092074.508,0.049329
2021-08-09,11.8,11.95,11.41,11.91,800736.77,935858.226,0.043884
2021-08-10,11.85,12.25,11.69,12.18,971229.54,1168715.77,0.053228
2021-08-11,12.1,12.35,12.03,12.29,988023.73,1205554.204,0.054149
2021-08-12,12.29,13.52,12.12,13.52,2058433.04,2677434.817,0.112812
2021-08-13,13.5,13.77,12.71,12.76,2126383.76,2795898.75,0.11653600000000001
2021-08-16,12.47,12.55,12.13,12.2,1226501.75,1507668.212,0.067218
2021-08-17,12.0,12.22,11.53,11.59,1046246.06,1238406.181,0.057339
2021-08-18,11.59,11.69,11.31,11.45,609972.24,698504.072,0.033429
2021-08-19,11.45,11.85,11.41,11.61,754908.23,880282.114,0.041373
2021-08-20,11.46,11.47,10.63,10.82,1010795.67,1102170.555,0.055397
2021-08-23,10.8,11.79,10.8,11.69,1145501.1,1306872.48,0.051677999999999995
2021-08-24,11.66,11.98,11.61,11.71,772384.71,908552.443,0.034845
2021-08-25,11.71,11.88,11.51,11.62,615308.84,717952.331,0.027759
2021-08-26,11.55,11.64,11.05,11.11,672744.75,760224.158,0.030350000000000002
2021-08-27,11.11,11.64,11.11,11.27,661200.84,752908.376,0.029828999999999998
2021-08-30,11.26,12.35,10.89,12.08,1387417.45,1654377.492,0.062592
2021-08-31,12.08,12.5,12.07,12.2,918468.12,1123118.813,0.041436
2021-09-01,12.63,13.1,12.2,12.35,1271520.02,1614440.236,0.057363
2021-09-02,12.64,12.87,12.36,12.53,819140.95,1031656.763,0.036955
2021-09-03,12.42,12.69,12.15,12.43,782582.06,971949.893,0.035305
2021-09-06,12.53,12.76,12.13,12.52,622235.85,774774.573,0.028072
2021-09-07,12.48,13.05,12.44,12.85,795473.89,1020027.82,0.035886999999999995
2021-09-08,12.85,13.5,12.75,12.98,1035913.32,1364736.315,0.046734
2021-09-09,12.92,13.65,12.62,13.42,1347639.27,1777675.469,0.060798
2021-09-10,13.47,14.56,13.39,14.18,1662867.83,2329638.346,0.075019
2021-09-13,14.19,14.33,13.45,13.55,1250060.34,1715581.462,0.056395
2021-09-14,13.53,13.75,13.06,13.1,909615.19,1215068.676,0.041036
2021-09-15,12.93,13.35,12.81,13.15,618095.04,808426.219,0.027885
2021-09-16,12.9,13.1,12.46,12.55,764442.44,971079.132,0.034487000000000004
2021-09-17,12.74,12.8,12.3,12.64,525626.3,659657.708,0.023713
2021-09-22,12.33,12.56,12.17,12.37,396420.7,492096.536,0.017884
2021-09-23,12.45,12.69,12.13,12.19,455430.41,561852.227,0.020546000000000002
2021-09-24,12.28,12.32,11.81,11.96,501065.96,601421.631,0.022605
2021-09-27,13.16,13.16,12.66,13.16,368018.52,483931.525,0.016603
2021-09-28,14.39,14.39,13.18,13.48,1881274.27,2574842.712,0.084872
2021-09-29,13.4,14.83,13.23,14.83,2626344.58,3788220.526,0.118485
2021-09-30,14.6,14.96,14.01,14.71,1968452.58,2859903.274,0.088805
2021-10-08,14.74,15.33,14.41,14.88,1556200.32,2310117.23,0.07020699999999999
2021-10-11,14.55,14.72,13.8,14.17,1231527.65,1753196.674,0.055559000000000004
2021-10-12,14.16,14.39,13.01,13.16,1272757.06,1741931.176,0.057419000000000005
2021-10-13,13.39,13.63,12.97,13.26,899854.42,1206406.754,0.04059599999999999
2021-10-14,13.16,13.39,12.7,13.1,836682.13,1091596.314,0.037746
2021-10-15,12.91,13.33,12.83,12.9,788306.12,1025074.781,0.035564
2021-10-18,12.84,13.54,12.77,13.44,1031576.85,1366635.458,0.046539000000000004
2021-10-19,13.4,13.68,13.2,13.37,656367.55,880462.576,0.029611000000000002
2021-10-20,13.3,14.17,13.22,13.98,1185861.26,1639151.901,0.053499
2021-10-21,13.99,13.99,13.46,13.49,920179.86,1256608.421,0.041513
2021-10-22,13.62,13.84,13.4,13.41,696312.98,946008.366,0.031414
2021-10-25,13.38,13.71,13.05,13.54,712898.42,963355.145,0.032162
2021-10-26,13.85,13.93,13.1,13.1,1024761.51,1380086.853,0.046231
2021-10-27,13.07,13.45,12.75,12.82,792011.15,1031383.62,0.035731
2021-10-28,13.18,14.1,12.93,14.1,2185360.81,3048633.336,0.098591
2021-10-29,14.0,14.32,13.76,14.1,2006660.76,2818338.802,0.090529
2021-11-01,13.96,14.01,12.91,13.13,1788982.45,2376637.017,0.080708
2021-11-02,13.09,13.26,12.41,12.59,1217970.65,1567129.332,0.054948
2021-11-03,12.42,12.65,12.18,12.52,737593.46,910836.127,0.033276
2021-11-04,12.57,12.75,12.44,12.58,750947.85,946463.742,0.033878
2021-11-05,12.4,12.65,12.1,12.14,773814.99,952686.083,0.034910000000000004
2021-11-08,12.0,12.44,11.93,12.25,633255.38,772804.479,0.028569
2021-11-09,12.3,12.3,12.1,12.19,477768.68,581257.296,0.021554000000000004
2021-11-10,12.08,12.09,11.65,11.98,718790.15,850491.605,0.032428
2021-11-11,11.9,12.29,11.86,12.07,670637.38,808658.336,0.030255
2021-11-12,12.01,12.32,11.97,12.3,641457.97,782164.498,0.028939
2021-11-15,12.23,12.34,11.87,11.97,603147.73,726165.818,0.02721
2021-11-16,11.94,12.07,11.71,11.8,464114.08,552738.66,0.020938
2021-11-17,11.72,12.34,11.71,12.15,661559.46,802635.197,0.029845999999999998
2021-11-18,12.15,12.42,11.98,12.28,561545.65,688423.799,0.025334
2021-11-19,12.3,12.34,11.73,11.97,899450.32,1076865.196,0.040578
2021-11-22,11.96,12.64,11.76,12.5,2105855.23,2584335.385,0.077937
2021-11-23,12.54,13.12,12.3,12.73,1836666.48,2321787.459,0.06797399999999999
2021-11-24,12.58,12.87,12.28,12.29,1175174.14,1471531.43,0.043493000000000004
2021-11-25,12.32,12.32,11.93,11.94,900710.5,1084811.21,0.033335
2021-11-26,12.0,12.37,11.92,12.18,813035.07,989905.786,0.03009
2021-11-29,11.9,12.39,11.83,12.16,722379.99,877190.463,0.026735000000000002
2021-11-30,12.31,12.31,11.88,11.96,917208.22,1106434.177,0.033946000000000004
2021-12-01,11.96,12.15,11.85,12.01,527161.72,631209.852,0.01951
2021-12-02,11.95,12.32,11.92,12.09,796452.3,967202.577,0.029476
2021-12-03,12.1,12.41,11.95,12.21,1032579.86,1261328.606,0.038215
2021-12-06,12.22,12.31,12.02,12.07,697942.0,849581.143,0.025831
2021-12-07,12.14,12.3,12.02,12.13,673456.3,818114.557,0.024923999999999998
2021-12-08,12.1,12.2,11.9,12.2,642768.86,774258.895,0.023788999999999998
2021-12-09,12.18,12.53,12.1,12.44,1048011.63,1292203.504,0.038786
2021-12-10,12.32,12.39,12.11,12.15,722332.81,884094.045,0.026732999999999996
2021-12-13,12.16,12.67,12.02,12.33,1101241.45,1355575.65,0.040757
2021-12-14,12.35,12.35,11.98,12.04,985582.06,1190727.193,0.036476
2021-12-15,11.99,12.1,11.85,11.93,675040.14,807556.505,0.024982999999999998
2021-12-16,11.82,11.91,11.42,11.53,1187351.75,1373662.182,0.043943
2021-12-17,11.43,11.63,11.4,11.48,448597.99,516303.22,0.016602
2021-12-20,11.43,11.51,11.0,11.02,640635.19,716505.149,0.02371
2021-12-21,11.0,11.18,10.95,11.09,447907.72,495987.386,0.016576999999999998
2021-12-22,11.11,11.21,11.01,11.08,401886.56,445568.022,0.014874
2021-12-23,11.15,11.24,11.06,11.1,559570.12,623317.767,0.020708999999999998
2021-12-24,11.14,11.14,10.17,10.41,1113581.52,1178046.831,0.041213
2021-12-27,10.3,10.48,10.04,10.11,676162.83,689932.516,0.025025
2021-12-28,10.2,10.33,10.1,10.28,422311.46,430938.732,0.015629999999999998
2021-12-29,10.27,10.27,10.05,10.11,416117.06,421689.753,0.0154
2021-12-30,10.08,10.16,10.05,10.06,420851.36,425186.608,0.015576000000000001
2021-12-31,10.13,10.17,10.0,10.02,461409.68,464397.81,0.017077
2022-01-04,10.06,10.45,10.06,10.39,764431.0,782522.235,0.028291
2022-01-05,10.37,10.38,10.11,10.15,448509.68,457333.635,0.016599
2022-01-06,10.17,10.24,10.07,10.14,353708.89,358948.061,0.013090999999999998
2022-01-07,10.1,10.17,9.6,9.6,890519.13,873413.864,0.032958
2022-01-10,9.6,9.65,9.42,9.49,460529.07,437876.187,0.017044
2022-01-11,9.46,9.55,9.26,9.35,480151.95,451464.732,0.017769999999999998
2022-01-12,9.5,9.63,9.46,9.62,516901.97,493082.942,0.01913
2022-01-13,9.62,9.68,9.38,9.38,504716.63,479140.875,0.018678999999999998
2022-01-14,9.25,9.44,9.24,9.31,323423.41,302271.279,0.011970000000000001
2022-01-17,9.38,9.54,9.31,9.49,385253.13,364886.821,0.014258
2022-01-18,9.47,9.52,9.33,9.42,359242.12,338593.281,0.013295
2022-01-19,9.4,9.47,9.21,9.26,409045.85,381215.841,0.015139
2022-01-20,9.21,9.25,8.94,9.03,525302.02,476580.798,0.019441
2022-01-21,9.05,9.08,8.96,8.98,276476.75,249150.125,0.010232000000000002
2022-01-24,9.0,9.18,8.98,9.04,357814.91,324522.979,0.013243
2022-01-25,9.1,9.84,9.04,9.27,935820.49,882157.395,0.034634
2022-01-26,9.37,9.37,8.96,9.0,537221.9,486064.98,0.019882
2022-01-27,8.96,8.98,8.41,8.42,659805.89,568858.493,0.024419
2022-01-28,8.33,8.92,8.31,8.71,635356.23,546156.622,0.023514
2022-02-07,8.85,8.92,8.6,8.62,459330.03,401367.32,0.017
2022-02-08,8.51,8.95,8.5,8.85,553964.35,488911.917,0.020502
2022-02-09,8.85,8.97,8.8,8.92,353887.2,314965.731,0.013097000000000001
2022-02-10,8.96,9.22,8.89,8.96,521595.52,470759.454,0.019303999999999998
2022-02-11,8.83,9.14,8.8,8.99,469599.32,424219.465,0.01738
2022-02-14,8.99,9.1,8.88,9.05,328746.93,296837.863,0.012166999999999999
2022-02-15,9.0,9.34,9.0,9.32,513974.82,471890.731,0.019021999999999997
2022-02-16,9.33,9.43,9.2,9.22,506992.06,471751.034,0.018764
2022-02-17,9.17,9.39,9.15,9.34,399258.52,371277.587,0.014776000000000001
2022-02-18,9.28,9.54,9.24,9.48,405465.12,383226.154,0.015005999999999999
2022-02-21,9.5,9.53,9.23,9.24,474707.88,442517.614,0.017568999999999998
2022-02-22,9.14,9.31,9.09,9.2,345934.1,318120.201,0.012803
2022-02-23,9.22,9.65,9.22,9.39,391931.18,368562.924,0.010075
2022-02-24,9.39,9.45,8.88,9.08,587219.02,537057.322,0.015095
2022-02-25,9.21,9.54,9.13,9.23,487144.69,453741.811,0.012522
2022-02-28,9.27,9.3,9.02,9.11,282515.63,257312.282,0.007261999999999999
2022-03-01,9.16,9.27,9.07,9.13,285097.93,261713.384,0.007329
2022-03-02,9.08,9.15,8.99,9.08,271674.54,245628.107,0.006984000000000001
2022-03-03,9.1,9.1,8.78,8.81,451587.71,401642.454,0.011608
2022-03-04,8.75,8.78,8.58,8.63,329947.53,286383.044,0.008482
2022-03-07,8.6,8.6,8.37,8.4,315725.54,267210.439,0.008116
2022-03-08,8.37,8.46,7.89,7.92,597901.34,483275.219,0.01537
2022-03-09,7.95,7.99,7.3,7.7,620332.69,476298.324,0.015946000000000002
2022-03-10,7.85,7.87,7.71,7.81,394097.39,307186.912,0.010131
2022-03-11,7.75,7.94,7.55,7.91,397805.94,306687.214,0.010225999999999999
2022-03-14,7.81,7.89,7.64,7.64,301619.2,234334.282,0.0077529999999999995
2022-03-15,7.53,7.63,7.13,7.13,529135.88,391137.756,0.013602000000000001
2022-03-16,7.29,7.44,6.95,7.44,613463.4,443279.814,0.015681
2022-03-17,7.51,7.63,7.44,7.44,524817.68,394483.864,0.013415
2022-03-18,7.38,7.58,7.35,7.54,362012.35,270594.874,0.009253
2022-03-21,7.55,7.68,7.38,7.45,428434.52,322076.161,0.010950999999999999
2022-03-22,7.43,7.5,7.34,7.41,251268.37,186250.206,0.006423
2022-03-23,7.44,7.48,7.33,7.35,379311.7,279820.22,0.009696
2022-03-24,7.37,7.37,7.17,7.22,327376.5,236419.167,0.008368
2022-03-25,7.21,7.26,7.01,7.03,425893.33,302771.597,0.010886
2022-03-28,7.03,7.73,6.96,7.37,1653464.51,1231977.086,0.042263999999999996
2022-03-29,7.36,7.48,7.01,7.04,1170133.05,841621.306,0.029910000000000003
2022-03-30,7.01,7.68,7.0,7.58,1548775.79,1150858.01,0.039588
2022-03-31,7.48,7.86,7.35,7.48,1262390.93,952287.394,0.032268
2022-04-01,7.42,7.7,7.4,7.55,906940.87,685880.956,0.023182
2022-04-06,7.61,7.78,7.45,7.5,772720.81,584725.177,0.019751
2022-04-07,7.41,7.54,7.18,7.19,710346.29,520734.434,0.018157
2022-04-08,7.33,7.56,7.16,7.22,761315.56,557318.418,0.019459999999999998
2022-04-11,7.15,7.2,6.63,6.7,970783.43,666294.291,0.024814
2022-04-12,6.6,7.18,6.59,7.16,1019942.59,708280.606,0.026071
2022-04-13,7.17,7.18,6.93,6.97,516467.16,361910.058,0.013201000000000001
2022-04-14,7.13,7.23,7.01,7.03,459089.14,326256.712,0.011735
2022-04-15,6.96,7.02,6.78,6.89,487899.82,336087.472,0.012471000000000001
2022-04-18,6.99,7.13,6.81,7.08,552105.05,387279.67,0.014112
2022-04-19,7.05,7.28,6.92,6.96,537004.64,380122.747,0.013726
2022-04-20,7.02,7.28,6.94,7.08,812229.62,580817.291,0.020760999999999998
2022-04-21,7.0,7.05,6.65,6.68,698739.5,476529.176,0.01786
2022-04-22,6.6,6.65,6.36,6.52,505966.28,328971.104,0.012932999999999998
2022-04-25,6.4,6.48,5.9,5.94,631909.8,392048.789,0.016152
2022-04-26,6.06,6.09,5.61,5.73,610280.4,357948.186,0.015599
2022-04-27,5.55,5.9,5.4,5.9,633074.61,357281.811,0.016182000000000002
2022-04-28,5.76,5.96,5.69,5.8,518536.89,300776.046,0.013253999999999998
2022-04-29,5.95,6.37,5.93,6.34,906899.48,560203.921,0.023180999999999997
2022-05-05,6.31,6.95,6.3,6.87,1146241.07,763905.797,0.029299
2022-05-06,6.71,7.05,6.65,7.02,1083096.35,748665.475,0.027685
2022-05-09,7.02,7.05,6.51,6.58,1054829.93,709001.811,0.026962
2022-05-10,6.32,6.57,6.28,6.47,605724.15,390163.526,0.015483
2022-05-11,6.45,7.05,6.45,6.74,1083975.56,735321.799,0.027707000000000002
2022-05-12,6.64,6.77,6.6,6.69,557166.99,372467.304,0.014242
2022-05-13,6.68,7.15,6.68,7.07,1217128.55,844815.629,0.031111
2022-05-16,7.08,7.08,6.81,6.83,877486.13,606464.166,0.022429
2022-05-17,6.82,7.51,6.81,7.34,1879838.18,1356002.904,0.048049999999999995
2022-05-18,7.2,7.61,7.06,7.27,1782545.09,1312079.112,0.045563
2022-05-19,7.1,7.37,7.08,7.29,1158384.67,835949.693,0.029609
2022-05-20,7.23,7.45,7.16,7.31,1014281.82,740642.657,0.025926
2022-05-23,7.31,7.75,7.19,7.63,1568455.42,1169783.646,0.040091
2022-05-24,7.64,7.82,7.17,7.19,1645296.59,1238897.79,0.042054999999999995
2022-05-25,7.07,7.46,7.01,7.34,1109253.33,801061.083,0.028353000000000003
2022-05-26,7.32,7.33,7.1,7.15,742357.2,533855.859,0.018975
2022-05-27,7.18,7.43,7.07,7.22,814818.22,590630.837,0.020827
2022-05-30,7.35,7.56,7.24,7.52,1267508.16,940984.287,0.032397999999999996
2022-05-31,7.48,7.48,7.24,7.33,870498.57,640069.134,0.022251
2022-06-01,7.4,7.95,7.39,7.71,1758094.98,1348944.138,0.044938000000000006
2022-06-02,7.68,8.48,7.65,8.48,2552599.39,2094180.222,0.065246
2022-06-06,8.82,8.82,8.34,8.36,3107295.8,2659717.792,0.079425
2022-06-07,8.28,8.32,7.85,7.89,1978090.57,1589548.15,0.050561999999999996
2022-06-08,7.94,8.29,7.92,8.25,1914679.21,1553702.943,0.048941
2022-06-09,8.1,8.1,7.71,7.74,1338263.35,1054153.482,0.034207
2022-06-10,7.65,8.16,7.61,7.98,1660748.97,1321901.356,0.04245
2022-06-13,7.86,8.36,7.86,8.19,1598484.05,1311577.307,0.040858
2022-06-14,8.04,9.01,7.95,9.01,3196470.8,2774944.692,0.08170400000000001
2022-06-15,9.0,9.55,8.9,9.02,3887101.22,3581034.209,0.099357
2022-06-16,8.92,9.3,8.81,9.09,2059003.78,1866662.775,0.052629999999999996
2022-06-17,8.92,9.35,8.79,9.2,2036929.79,1849355.926,0.052066
2022-06-20,9.18,9.32,9.01,9.2,1494793.99,1368332.852,0.038208
2022-06-21,9.35,9.75,9.16,9.43,2102469.92,1986698.802,0.053741000000000004
2022-06-22,9.31,9.5,8.98,8.99,1724807.53,1596466.514,0.044086999999999994
2022-06-23,9.11,9.67,9.11,9.49,2502907.83,2353617.078,0.06397599999999999
2022-06-24,9.4,10.31,9.17,10.0,2931625.71,2842430.864,0.074935
2022-06-27,10.15,10.21,9.74,10.01,2382327.14,2376941.239,0.060894000000000004
2022-06-28,9.81,10.65,9.79,10.27,2851193.41,2908336.269,0.072879
2022-06-29,10.12,10.2,9.24,9.24,2784866.5,2701023.957,0.071183
2022-06-30,9.1,9.48,9.09,9.27,1386646.09,1293891.626,0.035444
2022-07-01,9.2,9.42,8.85,9.27,1455401.62,1330380.642,0.037201
2022-07-04,9.3,9.3,8.95,9.13,966488.28,880216.863,0.024704
2022-07-05,9.28,9.66,9.16,9.43,1727711.18,1625364.215,0.044162
2022-07-06,9.3,9.46,9.16,9.34,952963.51,887312.808,0.024358
2022-07-07,9.34,9.88,9.28,9.73,1710344.66,1651118.927,0.04371800000000001
2022-07-08,9.65,9.68,9.25,9.27,1269897.95,1201498.708,0.03246
2022-07-11,9.19,9.19,8.5,8.71,1357701.76,1189964.959,0.034704
2022-07-12,8.68,8.85,8.4,8.41,930105.16,797988.667,0.023774000000000003
2022-07-13,8.41,8.65,8.29,8.61,750271.28,639648.39,0.019178
2022-07-14,8.54,8.81,8.53,8.6,566893.67,491684.407,0.014490000000000001
2022-07-15,8.5,8.82,8.32,8.32,1158590.94,996460.71,0.029613999999999998
2022-07-18,8.42,9.09,8.42,8.68,1118173.05,984039.096,0.028581
2022-07-19,8.69,8.94,8.48,8.85,1201590.81,1054024.567,0.030714
2022-07-20,8.83,8.84,8.53,8.57,895838.62,775442.953,0.022898
2022-07-21,8.53,8.55,8.35,8.37,629708.13,530734.249,0.016096
2022-07-22,8.45,8.55,8.34,8.4,522397.64,440935.491,0.013352999999999999
2022-07-25,8.33,8.33,8.0,8.08,692083.31,561730.427,0.017689999999999997
2022-07-26,8.08,8.25,8.06,8.13,485352.75,396121.779,0.012405999999999999
2022-07-27,8.13,8.19,8.0,8.07,422009.67,341645.278,0.010787
2022-07-28,8.12,8.21,8.03,8.07,541739.24,439383.057,0.013847
2022-07-29,8.03,8.2,7.98,8.09,661819.5,534675.69,0.016917
2022-08-01,8.07,8.28,7.86,8.24,915338.09,744245.51,0.023397
2022-08-02,8.14,8.14,7.5,7.71,990912.58,775021.421,0.025328
2022-08-03,7.71,8.07,7.71,7.8,949369.23,752824.103,0.024266999999999997
2022-08-04,7.86,7.88,7.45,7.61,671055.7,512049.344,0.017153
2022-08-05,7.58,7.78,7.45,7.64,636064.24,483871.888,0.016257999999999998
2022-08-08,7.64,7.75,7.49,7.7,414191.68,317575.574,0.010587
2022-08-09,7.74,8.08,7.64,7.9,850842.68,666974.606,0.021748
2022-08-10,7.8,8.1,7.74,7.89,630909.51,501103.918,0.016127
2022-08-11,7.9,7.95,7.75,7.9,563462.06,441805.736,0.014403
2022-08-12,7.88,7.97,7.85,7.86,355899.24,281164.628,0.009097
2022-08-15,7.84,7.88,7.76,7.78,366384.29,285711.347,0.009365
2022-08-16,7.7,7.92,7.68,7.78,424896.0,332281.132,0.010861
2022-08-17,7.79,7.96,7.61,7.9,723097.17,565909.982,0.018483
2022-08-18,7.92,8.13,7.88,7.91,686477.5,547834.185,0.017547
2022-08-19,7.88,7.9,7.7,7.71,442958.98,343967.472,0.011322
2022-08-22,7.76,7.99,7.69,7.92,588607.46,463696.785,0.015045
2022-08-23,7.88,7.92,7.77,7.78,395581.27,308951.812,0.010111000000000002
2022-08-24,7.78,7.81,7.37,7.38,617057.07,465488.689,0.015771999999999998
2022-08-25,7.4,7.47,7.21,7.31,360029.41,263177.079,0.009203
2022-08-26,7.3,8.04,7.29,8.04,1580372.42,1241487.615,0.040396
2022-08-29,7.86,8.59,7.86,8.42,2101229.7,1718973.195,0.053709
2022-08-30,8.26,8.55,8.19,8.26,1096743.21,913636.142,0.028034
2022-08-31,8.28,8.32,7.79,7.82,998763.2,798083.911,0.025529000000000003
2022-09-01,7.85,7.94,7.57,7.59,669895.54,518994.174,0.017123
2022-09-02,7.6,7.66,7.43,7.49,580259.0,436588.569,0.014832000000000001
2022-09-05,7.4,7.43,7.25,7.35,496067.68,363453.326,0.01268
2022-09-06,7.39,7.53,7.37,7.5,493612.09,368254.61,0.012617
2022-09-07,7.42,7.55,7.38,7.43,418348.62,311913.782,0.010693
2022-09-08,7.45,7.61,7.43,7.43,515856.11,386893.338,0.013186
2022-09-09,7.37,7.45,7.27,7.42,336671.4,248051.22,0.008606
2022-09-13,7.45,7.57,7.41,7.48,380223.04,284369.457,0.009719
2022-09-14,7.33,7.4,7.26,7.36,367414.57,269373.225,0.009391
2022-09-15,7.39,7.4,7.02,7.1,453475.37,326867.085,0.011591
2022-09-16,7.07,7.09,6.77,6.77,415861.84,286105.083,0.010629999999999999
2022-09-19,6.75,6.96,6.73,6.79,413918.76,282597.241,0.01058
2022-09-20,6.85,6.95,6.77,6.81,377374.14,259129.694,0.009646
2022-09-21,6.78,7.05,6.62,6.94,491457.75,336364.081,0.012562
2022-09-22,6.81,6.94,6.81,6.86,273950.2,188502.683,0.007002
2022-09-23,6.86,6.89,6.57,6.64,414107.07,277244.467,0.010585
2022-09-26,6.65,6.79,6.55,6.6,362207.82,241347.905,0.009257999999999999
2022-09-27,6.62,6.81,6.58,6.79,409545.29,274372.157,0.010468
2022-09-28,6.77,6.87,6.62,6.63,385135.36,260242.724,0.009844
2022-09-29,6.71,6.72,6.44,6.44,365362.26,240451.862,0.009339
2022-09-30,6.44,6.49,6.23,6.36,256950.11,164140.5,0.006568000000000001
2022-10-10,6.31,6.34,6.1,6.12,301819.65,187424.674,0.007715
2022-10-11,6.18,6.33,6.15,6.32,311251.36,194711.385,0.007956
2022-10-12,6.31,6.53,6.23,6.51,310982.05,198101.763,0.007949000000000001
2022-10-13,6.47,6.56,6.42,6.44,280045.14,182179.344,0.007158
2022-10-14,6.51,6.66,6.5,6.59,337014.51,222174.575,0.008614
2022-10-17,6.58,6.73,6.52,6.63,302376.85,200377.019,0.007729000000000001
2022-10-18,6.72,6.78,6.57,6.59,311112.87,206495.181,0.007952
2022-10-19,6.58,6.66,6.46,6.47,258924.63,169760.746,0.006618000000000001
2022-10-20,6.45,6.55,6.33,6.41,264090.27,169710.288,0.006750000000000001
2022-10-21,6.48,6.48,6.31,6.34,203298.04,129793.871,0.005195999999999999
2022-10-24,6.33,6.47,6.15,6.22,292074.69,184292.17,0.007466
2022-10-25,6.21,6.36,6.08,6.25,302054.59,187493.799,0.007721
2022-10-26,6.3,6.37,6.25,6.3,265453.72,167324.239,0.006785
2022-10-27,6.33,6.42,6.27,6.28,291901.0,185221.246,0.007461
2022-10-28,6.26,6.26,5.98,6.02,380935.44,231896.568,0.009737
2022-10-31,6.0,6.12,5.94,6.04,223980.12,135380.487,0.005725
2022-11-01,6.01,6.19,6.01,6.18,297801.19,182050.654,0.007612
2022-11-02,6.16,6.44,6.14,6.39,492310.68,310961.916,0.012584
2022-11-03,6.35,6.55,6.32,6.36,412620.23,265038.0,0.010546999999999999
2022-11-04,6.38,6.6,6.38,6.57,574283.97,374631.551,0.014679
2022-11-07,6.53,6.88,6.47,6.74,708834.18,470946.061,0.018118000000000002
2022-11-08,6.7,6.72,6.5,6.55,488840.79,321027.838,0.012495000000000001
2022-11-09,6.55,6.58,6.46,6.47,285533.35,185779.41,0.007298
2022-11-10,6.41,6.43,6.34,6.39,268715.47,171534.412,0.006868999999999999
2022-11-11,6.51,6.54,6.4,6.42,320325.61,206881.862,0.008187999999999999
2022-11-14,6.42,6.45,6.26,6.29,338053.36,214859.863,0.008641
2022-11-15,6.3,6.52,6.28,6.51,434103.6,279170.67,0.011096
2022-11-16,6.55,6.58,6.44,6.46,299699.23,195078.397,0.007661
2022-11-17,6.43,6.44,6.33,6.38,249825.54,159091.934,0.006385999999999999
2022-11-18,6.38,6.42,6.28,6.3,267982.98,170265.334,0.00685
2022-11-21,6.29,6.33,6.15,6.28,267792.03,166710.907,0.006845
2022-11-22,6.3,6.35,6.2,6.23,226036.74,141693.201,0.005778
2022-11-23,6.25,6.34,6.23,6.26,268867.61,168801.007,0.0068720000000000005
2022-11-24,6.3,6.43,6.28,6.36,278541.87,176617.698,0.00712
2022-11-25,6.32,6.34,6.2,6.21,237673.62,148587.385,0.0060750000000000005
2022-11-28,6.15,6.19,6.06,6.13,247501.98,151475.46,0.006326000000000001
2022-11-29,6.11,6.28,6.11,6.24,318094.51,197412.277,0.008131000000000001
2022-11-30,6.29,6.64,6.25,6.53,1055979.5,685156.148,0.026992
2022-12-01,6.73,6.73,6.44,6.45,722198.01,472193.238,0.01846
2022-12-02,6.44,6.45,6.38,6.39,326610.14,209223.885,0.008348
2022-12-05,6.56,6.59,6.44,6.48,393582.98,255619.839,0.01006
2022-12-06,6.48,6.62,6.41,6.51,428380.08,279516.217,0.01095
2022-12-07,6.5,6.62,6.47,6.52,499851.06,327459.053,0.012777
2022-12-08,6.5,6.54,6.4,6.42,378999.36,244597.688,0.009688
2022-12-09,6.46,6.47,6.34,6.37,287941.51,183658.367,0.00736
2022-12-12,6.33,6.33,6.23,6.24,295286.73,184997.815,0.007548
2022-12-13,6.19,6.32,6.16,6.19,311660.62,194285.029,0.007965999999999999
2022-12-14,6.17,6.21,6.1,6.11,320743.46,196967.471,0.008198
2022-12-15,6.12,6.31,6.1,6.3,453047.62,282170.696,0.01158
2022-12-16,6.25,6.26,6.14,6.16,263246.73,163002.142,0.006729000000000001
2022-12-19,6.18,6.28,6.1,6.13,338513.83,209533.854,0.008653
2022-12-20,6.09,6.15,6.01,6.15,233577.31,142115.579,0.00597
2022-12-21,6.11,6.15,6.03,6.08,190662.45,115907.225,0.004873
2022-12-22,6.1,6.21,6.05,6.06,240896.22,147134.511,0.006157
2022-12-23,6.0,6.01,5.88,5.91,293744.29,174378.003,0.007508
2022-12-26,5.89,5.97,5.89,5.97,187580.43,111401.517,0.004795
2022-12-27,5.97,6.0,5.88,6.0,265444.35,157684.068,0.006785
2022-12-28,5.93,5.95,5.86,5.86,246205.72,145144.419,0.006293
2022-12-29,5.85,5.85,5.69,5.69,314954.42,181420.818,0.00805
2022-12-30,5.88,6.15,5.88,5.95,602039.65,361584.903,0.015389
2023-01-03,5.94,6.03,5.87,5.99,367879.04,219450.059,0.009403
2023-01-04,5.94,5.98,5.86,5.9,266470.34,157855.459,0.006811
2023-01-05,5.96,6.01,5.93,5.98,287424.56,171638.731,0.007347
2023-01-06,5.96,6.06,5.95,5.97,260399.05,156306.096,0.006656
2023-01-09,5.98,6.08,5.97,6.05,318429.49,191738.477,0.008139
2023-01-10,6.03,6.66,5.94,6.66,942676.35,604271.243,0.024096000000000003
2023-01-11,6.66,6.97,6.54,6.68,2160448.94,1462221.944,0.055223
2023-01-12,6.62,7.08,6.5,6.91,1828436.65,1244457.167,0.04673600000000001
2023-01-13,6.81,6.9,6.66,6.72,949418.44,642128.731,0.024268
2023-01-16,6.68,6.75,6.55,6.65,738540.95,489711.24,0.018878
2023-01-17,6.66,6.95,6.57,6.74,873171.21,591947.609,0.022319
2023-01-18,6.72,6.84,6.61,6.62,582261.88,390365.894,0.014883
2023-01-19,6.64,6.68,6.59,6.6,401428.52,265796.233,0.010261
2023-01-20,6.6,6.68,6.6,6.64,401318.34,266398.738,0.010258
2023-01-30,6.86,6.95,6.73,6.74,812747.7,554731.334,0.020774
2023-01-31,6.62,6.79,6.6,6.67,628681.48,420474.537,0.01607
2023-02-01,6.74,6.81,6.69,6.79,619903.0,419163.165,0.015845
2023-02-02,6.76,6.95,6.73,6.86,761437.53,520902.855,0.019462999999999998
2023-02-03,6.9,6.99,6.79,6.9,739486.77,508485.577,0.018902000000000002
2023-02-06,6.94,7.03,6.79,6.79,578116.6,398006.444,0.014777
2023-02-07,6.8,6.84,6.73,6.81,352169.36,238877.757,0.009002
2023-02-08,6.81,6.81,6.69,6.7,409006.62,275405.053,0.010455
2023-02-09,6.7,6.76,6.68,6.74,294677.86,198264.315,0.007532
2023-02-10,6.74,6.74,6.58,6.58,551998.03,366277.929,0.014109
2023-02-13,6.59,6.67,6.53,6.65,306364.99,202916.6,0.007831
2023-02-14,6.65,6.68,6.55,6.6,290713.35,191851.947,0.007431
2023-02-15,6.63,6.72,6.58,6.6,377480.48,250693.73,0.009649
2023-02-16,6.57,6.68,6.35,6.41,574431.18,375532.306,0.014683
2023-02-17,6.43,6.48,6.35,6.36,342321.61,219221.373,0.00875
2023-02-20,6.38,6.42,6.3,6.42,277467.18,176754.931,0.007092
2023-02-21,6.45,6.58,6.42,6.53,367133.61,239205.398,0.009384
2023-02-22,6.5,6.52,6.45,6.48,208713.87,135189.59,0.0053349999999999995
2023-02-23,6.48,6.55,6.42,6.43,250640.15,162301.014,0.006407
2023-02-24,6.42,6.45,6.36,6.37,173388.24,110656.883,0.004432
2023-02-27,6.37,6.39,6.25,6.25,232636.81,146644.02,0.005946
2023-02-28,6.28,6.31,6.23,6.31,168373.56,105654.974,0.004304
2023-03-01,6.32,6.44,6.29,6.43,269357.14,171758.398,0.006885
2023-03-02,6.43,6.49,6.38,6.4,226028.56,145270.304,0.005777
2023-03-03,6.38,6.46,6.34,6.43,233170.93,149343.468,0.00596
2023-03-06,6.47,6.48,6.38,6.4,180535.0,115848.353,0.004615
2023-03-07,6.4,6.53,6.35,6.36,347459.51,223777.999,0.008881
2023-03-08,6.32,6.35,6.23,6.33,266456.08,167494.664,0.006811
2023-03-09,6.34,6.39,6.24,6.26,239469.82,151136.028,0.006121
2023-03-10,6.27,6.27,6.09,6.1,316393.21,194218.35,0.008087
2023-03-13,6.03,6.06,5.95,6.04,315427.92,189484.204,0.008063
2023-03-14,6.04,6.32,5.88,6.17,473453.31,289300.798,0.012102
2023-03-15,6.2,6.21,6.09,6.1,214644.89,131546.999,0.0054859999999999996
2023-03-16,6.05,6.2,6.01,6.08,200850.35,122774.049,0.005134
2023-03-17,6.13,6.15,6.08,6.11,189272.11,115576.69,0.004838
2023-03-20,6.1,6.24,6.02,6.18,334554.35,204611.519,0.008551
2023-03-21,6.18,6.23,6.15,6.22,237803.7,147342.379,0.006078
2023-03-22,6.22,6.28,6.18,6.21,246506.44,153455.435,0.006301
2023-03-23,6.18,6.21,6.15,6.19,178952.85,110454.712,0.004574
2023-03-24,6.19,6.22,6.11,6.14,222069.13,136836.762,0.005676
2023-03-27,6.12,6.16,6.06,6.08,200827.89,122189.402,0.0051329999999999995
2023-03-28,6.08,6.16,6.0,6.07,188794.04,114959.173,0.0048259999999999996
2023-03-29,6.07,6.11,6.05,6.11,172994.2,105216.353,0.004422
2023-03-30,6.1,6.11,6.0,6.06,172758.99,104602.588,0.004416
2023-03-31,6.05,6.11,6.02,6.04,223425.92,135414.509,0.005711000000000001
2023-04-03,6.07,6.14,6.03,6.09,268228.87,163103.401,0.006856
2023-04-04,6.07,6.08,5.98,5.99,293628.28,176642.4,0.0075049999999999995
2023-04-06,5.97,6.03,5.92,5.98,263874.33,157396.743,0.006745
2023-04-07,5.97,6.01,5.95,5.99,161336.36,96651.245,0.004124
2023-04-10,5.99,6.05,5.93,5.94,214039.09,127887.52,0.005471
2023-04-11,5.94,5.96,5.88,5.96,194837.27,115182.698,0.00498
2023-04-12,5.97,6.01,5.89,5.92,236177.85,140397.449,0.006037
2023-04-13,5.9,5.9,5.81,5.82,255774.64,149285.03,0.006538
2023-04-14,5.82,5.96,5.82,5.89,252669.0,149174.977,0.006458
2023-04-17,5.97,6.08,5.92,6.02,345899.19,208273.787,0.008841
2023-04-18,6.04,6.05,5.97,5.98,167338.18,100217.735,0.004277
2023-04-19,6.0,6.01,5.89,5.89,194915.97,115375.361,0.0049819999999999994
2023-04-20,5.85,5.86,5.8,5.81,194494.31,113113.7,0.004971
2023-04-21,5.8,5.87,5.58,5.59,330483.29,188418.398,0.008447
2023-04-24,5.59,5.69,5.56,5.62,208498.7,117223.81,0.005329
2023-04-25,5.62,5.63,5.4,5.43,263335.32,144003.472,0.006731
2023-04-26,5.43,5.52,5.41,5.48,181686.85,99632.544,0.004644
2023-04-27,5.5,5.54,5.44,5.44,171525.07,94040.741,0.004384
2023-04-28,5.47,5.53,5.46,5.52,251795.15,138407.468,0.006436
2023-05-04,5.51,5.59,5.44,5.46,344059.55,189360.542,0.008794
2023-05-05,5.44,5.45,5.2,5.23,553245.17,292173.639,0.014140999999999999
2023-05-08,5.24,5.4,5.24,5.3,397405.8,211720.891,0.010158
2023-05-09,5.28,5.3,5.18,5.2,377016.75,197282.325,0.009637
2023-05-10,5.19,5.37,5.13,5.35,526987.47,277700.523,0.01347
2023-05-11,5.33,5.39,5.26,5.32,318537.65,169412.16,0.008142
2023-05-12,5.3,5.35,5.2,5.22,245410.0,129013.931,0.006273
2023-05-15,5.22,5.27,5.19,5.27,204745.62,107111.319,0.005233
2023-05-16,5.28,5.29,5.19,5.21,181627.96,94868.955,0.0046429999999999996
2023-05-17,5.21,5.25,5.18,5.23,142176.25,74140.745,0.003634
2023-05-18,5.25,5.25,5.19,5.23,153458.66,79998.925,0.003922999999999999
2023-05-19,5.21,5.21,5.17,5.2,129709.9,67371.483,0.0033150000000000002
2023-05-22,5.3,5.65,5.27,5.48,624183.72,339569.464,0.015955
2023-05-23,5.47,5.47,5.34,5.35,291756.58,157696.051,0.007458
2023-05-24,5.33,5.42,5.3,5.33,216587.0,116132.836,0.005536
2023-05-25,5.34,5.41,5.25,5.3,245675.46,130789.601,0.00628
2023-05-26,5.28,5.67,5.21,5.5,529554.07,288823.774,0.013536
2023-05-29,5.46,5.49,5.36,5.39,274747.25,148471.311,0.007023000000000001
2023-05-30,5.37,5.53,5.37,5.47,337347.88,183811.974,0.008622999999999999
2023-05-31,5.5,5.73,5.48,5.61,637275.92,358263.798,0.016289
2023-06-01,5.58,6.05,5.54,5.83,988958.97,574342.913,0.025279
2023-06-02,5.8,5.9,5.76,5.84,511895.13,298821.766,0.013084
2023-06-05,5.84,5.84,5.63,5.64,627323.84,356809.423,0.016035
2023-06-06,5.65,5.67,5.46,5.47,408686.1,226430.28,0.010446
2023-06-07,5.47,5.48,5.32,5.36,356464.0,191898.043,0.009111000000000001
2023-06-08,5.38,5.42,5.32,5.33,237915.19,127380.45,0.006081
2023-06-09,5.43,5.54,5.43,5.45,421423.75,230507.021,0.010771999999999999
2023-06-12,5.45,5.62,5.38,5.56,495156.27,274733.835,0.012657
2023-06-13,5.55,5.6,5.49,5.51,343748.3,190175.62,0.008786
2023-06-14,5.49,5.6,5.48,5.51,352807.96,195366.259,0.009018
2023-06-15,5.49,5.65,5.45,5.56,504842.68,281286.307,0.012904
2023-06-16,5.61,5.66,5.51,5.54,384901.47,213572.878,0.009838
2023-06-19,5.53,5.68,5.51,5.64,600275.9,337019.596,0.015344
2023-06-20,5.66,5.72,5.56,5.61,449912.04,253688.319,0.0115
2023-06-21,5.58,5.66,5.52,5.54,392985.43,219661.419,0.010045
2023-06-26,5.5,5.73,5.49,5.49,545163.26,304918.191,0.013935
2023-06-27,5.47,5.52,5.34,5.5,363210.98,197581.094,0.009284
2023-06-28,5.48,5.58,5.37,5.42,304312.51,165390.576,0.007778
2023-06-29,5.42,5.45,5.35,5.35,254231.89,136851.725,0.006498
2023-06-30,5.36,5.44,5.32,5.38,307915.75,165617.118,0.007871
2023-07-03,5.49,5.77,5.45,5.64,936536.1,527634.724,0.023939
2023-07-04,5.66,5.86,5.63,5.76,964648.12,556177.736,0.024657
2023-07-05,5.76,5.82,5.65,5.67,551511.53,315445.07,0.014097
2023-07-06,5.63,5.71,5.59,5.68,446171.08,252656.112,0.011404000000000001
2023-07-07,5.66,5.86,5.63,5.65,532919.06,304787.86,0.013622
2023-07-10,5.67,5.77,5.57,5.63,464993.37,262897.689,0.011886
2023-07-11,5.63,5.88,5.6,5.8,946122.21,545790.455,0.024184
2023-07-12,5.82,5.89,5.71,5.73,743473.64,432125.455,0.019004
2023-07-13,5.7,5.75,5.61,5.64,557749.6,315218.03,0.014256999999999999
2023-07-14,5.64,5.64,5.55,5.56,480185.92,267910.254,0.012274
2023-07-17,5.48,5.5,5.36,5.45,458281.92,247654.248,0.011714
2023-07-18,5.42,5.63,5.36,5.53,455862.68,250052.098,0.011652000000000001
2023-07-19,5.49,5.9,5.46,5.72,1057419.52,607280.714,0.027028
2023-07-20,5.7,5.73,5.5,5.5,747593.76,419008.203,0.019109
2023-07-21,5.48,5.53,5.41,5.44,380468.57,207636.792,0.009725000000000001
2023-07-24,5.43,5.46,5.38,5.41,255957.99,138604.263,0.006542
2023-07-25,5.47,5.71,5.46,5.66,935208.73,526083.643,0.023905
2023-07-26,5.66,5.66,5.53,5.54,428488.49,238696.3,0.010952
2023-07-27,5.66,5.72,5.57,5.59,594496.5,335529.233,0.015196000000000001
2023-07-28,5.57,5.83,5.49,5.8,1314184.04,752790.175,0.033592
2023-07-31,5.85,6.08,5.82,5.98,1327910.47,793767.834,0.033942
2023-08-01,5.94,6.13,5.86,5.98,1112267.62,666606.717,0.02843
2023-08-02,5.97,6.21,5.9,6.06,1321523.66,802970.877,0.033778999999999997
2023-08-03,5.99,6.04,5.86,5.94,855511.98,506561.855,0.021868
2023-08-04,5.95,6.0,5.88,5.89,558825.32,331025.018,0.014283999999999998
2023-08-07,5.83,5.91,5.81,5.83,418866.25,244783.26,0.010707
2023-08-08,5.84,5.86,5.71,5.73,450136.84,259171.772,0.011506
2023-08-09,5.7,5.75,5.63,5.65,493883.17,280513.899,0.012624
2023-08-10,5.64,5.67,5.58,5.63,358459.62,201371.382,0.009163
2023-08-11,5.65,5.74,5.49,5.51,594467.46,331365.865,0.015195
2023-08-14,5.43,5.48,5.35,5.48,497100.94,268772.682,0.012706
2023-08-15,5.51,5.53,5.36,5.4,354217.69,192036.064,0.009054
2023-08-16,5.38,5.45,5.37,5.39,275091.96,148704.618,0.007032
2023-08-17,5.35,5.42,5.3,5.39,370693.55,198461.634,0.009475
2023-08-18,5.38,5.42,5.25,5.25,391564.0,208476.217,0.010008999999999999
2023-08-21,5.23,5.28,5.19,5.2,303284.01,158720.097,0.007752
2023-08-22,5.24,5.28,5.11,5.24,358605.78,186045.103,0.009166
2023-08-23,5.2,5.21,5.08,5.09,288217.56,148288.782,0.007367
2023-08-24,5.1,5.14,5.03,5.08,257853.05,131430.144,0.0065910000000000005
2023-08-25,5.05,5.08,4.91,4.94,380613.31,190255.207,0.009729
2023-08-28,5.21,5.24,4.97,4.99,433048.31,220332.196,0.011069
2023-08-29,5.0,5.15,4.98,5.14,404074.0,205818.345,0.010327999999999999
2023-08-30,5.17,5.23,5.13,5.16,359382.43,185813.075,0.009186
2023-08-31,5.16,5.16,5.01,5.14,581577.0,295874.714,0.014865999999999999
2023-09-01,5.11,5.25,5.08,5.16,433858.2,224326.99,0.01109
2023-09-04,5.16,5.25,5.13,5.23,499165.21,259383.204,0.012759
2023-09-05,5.2,5.21,5.11,5.12,371987.88,191650.718,0.009507999999999999
2023-09-06,5.12,5.16,5.09,5.13,281851.25,144514.51,0.007204
2023-09-07,5.11,5.11,5.0,5.01,360306.25,181720.646,0.009210000000000001
2023-09-08,4.98,5.03,4.96,4.99,254100.66,126784.544,0.006495
2023-09-11,5.0,5.13,4.98,5.1,396233.84,200964.895,0.010128
2023-09-12,5.13,5.16,5.09,5.12,326079.14,167065.828,0.008335
2023-09-13,5.11,5.11,4.99,5.03,349514.11,175986.972,0.008934
2023-09-14,5.0,5.11,4.96,5.04,331404.82,167017.145,0.008471
2023-09-15,5.04,5.08,4.99,5.08,311939.32,156875.094,0.007973000000000001
2023-09-18,5.03,5.23,5.02,5.17,565148.97,291377.343,0.014446
2023-09-19,5.13,5.14,5.08,5.09,317430.95,161906.22,0.008114
2023-09-20,5.06,5.11,5.0,5.0,292556.68,147636.25,0.007478
2023-09-21,5.0,5.04,4.97,4.98,241459.1,120791.219,0.0061719999999999995
2023-09-22,4.97,5.04,4.96,5.03,268210.97,134026.472,0.006856
2023-09-25,5.04,5.06,4.99,5.0,257272.63,128969.842,0.006575999999999999
2023-09-26,4.97,5.01,4.92,4.93,293319.0,145274.329,0.007497
2023-09-27,4.92,4.95,4.89,4.89,259782.68,127750.6,0.00664
2023-09-28,4.92,5.38,4.91,5.26,1305133.46,679603.987,0.03336
2023-10-09,5.38,5.66,5.35,5.59,1976286.7,1086632.766,0.050515
2023-10-10,5.54,5.65,5.39,5.52,1512277.59,831026.446,0.038655
2023-10-11,5.49,5.55,5.36,5.4,955363.54,520240.595,0.02442
2023-10-12,5.4,5.63,5.39,5.5,1064980.17,588363.095,0.027222
2023-10-13,5.47,5.67,5.42,5.59,1245489.71,695575.62,0.031836
2023-10-16,5.84,6.15,5.73,6.15,1700959.25,1026306.712,0.043478
2023-10-17,6.45,6.61,6.16,6.21,3576092.41,2266318.512,0.091408
2023-10-18,6.08,6.83,6.01,6.83,3812677.16,2504911.069,0.097455
2023-10-19,6.75,7.41,6.41,6.89,5184006.26,3527497.865,0.132507
2023-10-20,6.63,7.39,6.63,7.04,3959788.87,2819979.815,0.101215
2023-10-23,6.94,7.28,6.8,6.93,3522763.53,2496464.815,0.090045
2023-10-24,6.73,6.86,6.24,6.4,3594996.24,2325239.578,0.091891
2023-10-25,6.51,6.8,6.45,6.57,2925833.45,1945576.204,0.07478699999999999
2023-10-26,6.6,7.23,6.44,7.09,4379063.29,3023054.828,0.11193199999999999
2023-10-27,7.1,7.4,6.95,6.96,4286735.47,3076011.132,0.109572
2023-10-30,6.89,7.13,6.73,6.79,2651127.12,1823016.745,0.067765
2023-10-31,6.73,7.3,6.61,6.85,3531327.43,2472885.856,0.09026300000000001
2023-11-01,6.72,7.29,6.52,7.15,3768947.84,2615786.931,0.09633699999999999
2023-11-02,7.14,7.25,6.81,6.84,2728336.94,1902306.88,0.069738
2023-11-03,6.75,6.88,6.66,6.8,1809004.31,1225157.668,0.046239999999999996
2023-11-06,6.79,7.14,6.74,7.04,3037384.53,2119988.87,0.077638
2023-11-07,6.96,7.27,6.88,7.17,3312528.49,2355721.682,0.084671
2023-11-08,7.07,7.89,6.91,7.82,6584779.49,4969197.571,0.168312
2023-11-09,7.6,7.75,7.43,7.44,4429841.26,3364234.204,0.11323
2023-11-10,7.45,7.87,7.45,7.59,3464868.04,2651442.124,0.088565
2023-11-13,7.41,7.77,7.28,7.48,2416272.19,1812869.333,0.061762
2023-11-14,7.38,7.44,7.25,7.38,1974429.77,1451547.466,0.050468
2023-11-15,7.38,7.43,7.12,7.28,2445785.35,1777043.838,0.062516
2023-11-16,7.5,8.0,7.29,7.3,4756412.5,3612571.969,0.121578
2023-11-17,7.02,7.2,6.9,6.97,3088732.61,2167820.901,0.07894999999999999
2023-11-20,6.99,7.08,6.8,6.87,2316722.07,1601888.963,0.059217000000000006
2023-11-21,6.81,6.88,6.61,6.62,2528451.25,1697143.573,0.064629
2023-11-22,6.52,6.56,6.28,6.29,2286831.47,1461451.889,0.058453
2023-11-23,6.27,6.55,6.26,6.46,2167077.06,1393617.736,0.055392000000000004
2023-11-24,6.4,6.46,6.28,6.31,1360303.75,865418.229,0.034769999999999995
2023-11-27,6.41,6.54,6.1,6.26,2851090.52,1785420.028,0.062874
2023-11-28,6.26,6.87,6.18,6.78,5580157.22,3636872.126,0.123057
2023-11-29,6.6,6.77,6.5,6.51,3675943.79,2432404.917,0.08106400000000001
2023-11-30,6.45,6.53,6.28,6.48,2388777.23,1528001.302,0.052679000000000004
2023-12-01,6.5,6.54,6.33,6.39,1597346.83,1021097.115,0.035226
2023-12-04,6.48,6.54,6.4,6.42,2011461.34,1301047.926,0.044358
2023-12-05,6.37,6.63,6.34,6.4,2224438.54,1442192.669,0.049055
2023-12-06,6.33,6.47,6.31,6.35,1436578.21,915844.002,0.03168
2023-12-07,6.32,6.62,6.23,6.55,2817798.22,1824347.771,0.06214
2023-12-08,6.46,6.49,6.27,6.28,1839844.61,1169657.059,0.040573
2023-12-11,6.31,6.38,6.19,6.35,1396579.62,876226.775,0.030798000000000002
2023-12-12,6.31,6.41,6.28,6.35,1095593.15,695658.747,0.024161000000000002
2023-12-13,6.33,6.49,6.31,6.34,1419323.37,908524.233,0.0313
2023-12-14,6.34,6.38,6.14,6.14,1450641.83,903624.74,0.03199
2023-12-15,6.13,6.24,6.06,6.15,1030151.79,632920.614,0.022717
2023-12-18,6.1,6.17,6.04,6.05,920635.18,560257.618,0.020301999999999997
2023-12-19,6.01,6.07,5.92,5.97,1016852.89,608579.761,0.022424
2023-12-20,5.99,6.02,5.79,5.79,1098400.3,644080.287,0.024222999999999998
2023-12-21,5.74,5.94,5.74,5.92,1092860.91,640530.959,0.0241
2023-12-22,5.91,5.96,5.81,5.85,702682.93,413161.368,0.015496000000000001
2023-12-25,5.9,6.0,5.85,5.93,797388.01,471367.741,0.017584
2023-12-26,5.9,5.92,5.76,5.77,670947.46,389321.811,0.014796
2023-12-27,5.83,6.09,5.82,5.96,1739206.45,1033639.121,0.038354
2023-12-28,5.92,6.12,5.79,5.99,1798963.76,1068624.086,0.039672
2023-12-29,5.94,6.27,5.92,6.13,2213514.75,1352547.329,0.048814
2024-01-02,6.17,6.29,6.07,6.07,1525874.29,942403.125,0.033649
2024-01-03,6.03,6.07,5.91,5.96,852076.94,509532.092,0.01879
2024-01-04,5.92,5.95,5.82,5.82,730979.78,427784.796,0.016120000000000002
2024-01-05,5.84,5.88,5.64,5.66,818735.18,471491.366,0.018055
2024-01-08,5.66,5.66,5.53,5.55,764463.63,427330.497,0.016857999999999998
2024-01-09,5.54,5.61,5.49,5.56,649851.64,361280.809,0.014331
2024-01-10,5.57,5.63,5.47,5.56,556822.29,309332.94,0.012279
2024-01-11,5.56,5.69,5.53,5.66,642998.73,362120.565,0.01418
2024-01-12,5.68,5.69,5.55,5.55,575286.83,323374.941,0.012686999999999999
2024-01-15,5.53,5.6,5.47,5.54,455903.57,252422.485,0.010054
2024-01-16,5.4,5.44,5.2,5.38,1408264.12,750372.207,0.031056
2024-01-17,5.37,5.45,5.24,5.24,667700.24,356278.977,0.014724
2024-01-18,5.21,5.25,5.06,5.19,963562.84,495629.068,0.021248999999999997
2024-01-19,5.18,5.2,5.08,5.08,531756.08,273075.186,0.011727000000000001
2024-01-22,5.09,5.15,4.8,4.86,897403.54,447062.596,0.019790000000000002
2024-01-23,4.86,4.88,4.76,4.85,808071.95,390276.047,0.01782
2024-01-24,4.86,4.94,4.68,4.88,888027.09,426605.742,0.019583
2024-01-25,4.85,5.04,4.82,4.99,1089354.72,539035.783,0.024023
2024-01-26,5.0,5.06,4.93,4.95,830358.88,413970.449,0.018312
2024-01-29,4.99,5.02,4.78,4.78,656919.91,320366.834,0.014487000000000002
2024-01-30,4.78,4.83,4.64,4.66,585730.74,277661.074,0.012917000000000001
2024-01-31,4.62,4.66,4.36,4.39,945926.44,424040.202,0.02086
2024-02-01,4.35,4.47,4.26,4.33,797513.37,348056.584,0.017587
2024-02-02,4.33,4.42,3.99,4.12,1075001.86,452755.043,0.023707
2024-02-05,4.06,4.1,3.71,3.71,1528629.13,589433.568,0.03371
2024-02-06,3.6,3.99,3.56,3.95,1341973.14,505383.504,0.029594
2024-02-07,3.97,4.26,3.93,4.06,1530391.25,628524.534,0.033712
2024-02-08,4.09,4.2,3.93,4.17,1309803.31,532235.694,0.028852000000000003
2024-02-19,4.23,4.36,4.17,4.35,1348582.29,577527.984,0.029706999999999997
2024-02-20,4.36,4.65,4.28,4.44,1400408.44,624262.853,0.030848
2024-02-21,4.38,4.78,4.34,4.65,1797860.68,832238.839,0.039603
2024-02-22,4.62,4.83,4.55,4.78,1300662.63,616412.975,0.028651
2024-02-23,4.75,4.97,4.72,4.93,1495965.83,724676.201,0.032953
2024-02-26,5.13,5.42,5.13,5.42,2641766.51,1416779.363,0.058193
2024-02-27,5.4,5.75,5.32,5.74,3276880.91,1838364.021,0.072183
2024-02-28,5.75,6.06,5.48,5.53,3624327.07,2098970.135,0.07983699999999999
2024-02-29,5.49,6.06,5.49,5.95,3539336.24,2058928.417,0.077965
2024-03-01,5.99,6.45,5.84,6.38,3542309.55,2170722.597,0.07803
2024-03-04,6.21,6.3,5.97,6.07,2862060.95,1743746.202,0.06304599999999999
2024-03-05,5.91,6.38,5.73,6.12,3502535.43,2115790.244,0.077154
2024-03-06,5.96,6.18,5.88,6.05,2097360.06,1261068.623,0.046201
2024-03-07,6.1,6.35,6.05,6.06,2116194.35,1308909.056,0.046616
2024-03-08,6.06,6.13,5.97,6.11,1221628.97,741256.637,0.02691
2024-03-11,6.3,6.72,6.2,6.72,3899168.8,2551073.44,0.085891
2024-03-12,7.08,7.29,6.65,7.03,5189691.96,3607999.16,0.114319
2024-03-13,7.0,7.73,6.99,7.73,5525325.03,4196770.942,0.121712
2024-03-14,7.73,8.09,7.37,7.42,7048558.67,5446627.777,0.15526600000000002
2024-03-15,7.35,8.16,7.33,8.07,6476909.25,5104743.932,0.142674
2024-03-18,8.07,8.56,8.02,8.4,6143490.96,5121889.307,0.135329
2024-03-19,8.41,8.41,8.12,8.18,3970017.06,3264832.347,0.087452
2024-03-20,8.12,8.36,7.88,8.17,4730962.02,3826089.112,0.104214
2024-03-21,8.07,8.39,8.0,8.17,3881015.96,3187899.186,0.085491
2024-03-22,8.11,8.18,7.93,8.01,2786122.2,2236354.822,0.061373
2024-03-25,7.93,8.37,7.81,8.12,3937891.95,3202393.122,0.086744
2024-03-26,8.07,8.32,7.92,8.05,3166245.29,2566330.444,0.069746
2024-03-27,7.98,8.0,7.25,7.29,4580448.13,3463379.293,0.100898
2024-03-28,7.25,7.68,7.24,7.57,3186681.34,2389732.355,0.070196
2024-03-29,7.79,7.83,7.44,7.54,2703651.15,2055205.561,0.059556
2024-04-01,7.62,8.29,7.59,8.18,5417000.86,4370264.302,0.119326
2024-04-02,8.0,8.05,7.71,7.79,3861904.89,3021584.769,0.08506999999999999
2024-04-03,7.7,7.75,7.28,7.38,2930626.56,2177113.854,0.064556
2024-04-08,7.42,7.58,7.24,7.25,2350256.13,1733559.3,0.051772
2024-04-09,7.18,7.21,6.94,7.03,2486349.78,1750864.881,0.054769
2024-04-10,7.08,7.12,6.66,6.78,2110453.21,1436003.433,0.046489
2024-04-11,6.76,7.09,6.65,6.92,2245756.71,1550395.914,0.04947
2024-04-12,6.96,7.23,6.86,7.0,2351679.06,1665995.675,0.051803
2024-04-15,6.92,6.96,6.6,6.7,2041698.88,1376320.811,0.044974999999999994
2024-04-16,6.61,6.61,6.13,6.17,2672008.02,1687783.877,0.058859
2024-04-17,6.18,6.57,6.17,6.54,2244655.11,1444327.603,0.049444999999999996
2024-04-18,6.55,7.14,6.41,6.9,3473924.4,2377370.342,0.076524
2024-04-19,6.88,7.15,6.78,7.05,2666877.49,1861340.394,0.058746
2024-04-22,7.0,7.2,6.92,7.01,2037718.75,1440717.865,0.044886999999999996
2024-04-23,7.07,7.1,6.73,6.92,1787725.86,1232355.779,0.03938
2024-04-24,7.02,7.09,6.81,7.04,1911376.05,1330181.284,0.042104
2024-04-25,6.99,7.45,6.85,6.86,3052265.95,2155868.366,0.06723499999999999
2024-04-26,6.71,7.18,6.63,6.99,2875229.04,2008034.09,0.063336
2024-04-29,6.89,6.98,6.76,6.83,2884489.73,1976597.734,0.06354
2024-04-30,6.96,7.06,6.77,6.82,2514679.31,1742267.672,0.055393
2024-05-06,6.86,7.02,6.72,6.83,2221344.23,1527599.491,0.048932
2024-05-07,6.84,6.85,6.33,6.46,3017750.26,1960592.502,0.066475
2024-05-08,6.33,6.37,6.18,6.25,1586495.06,992491.08,0.034947
2024-05-09,6.22,6.3,6.2,6.23,1289794.66,805539.816,0.028412000000000003
2024-05-10,6.23,6.24,6.07,6.09,1270230.08,775616.51,0.027981
2024-05-13,6.02,6.16,5.92,6.01,1267019.32,768185.382,0.02791
2024-05-14,6.03,6.36,6.03,6.36,2465919.95,1538342.53,0.054319
2024-05-15,6.26,6.33,6.15,6.17,1322689.24,822484.442,0.029136000000000002
2024-05-16,6.16,6.41,6.1,6.24,1432686.92,893948.638,0.031559
2024-05-17,6.21,6.44,6.17,6.36,1736346.73,1101871.795,0.038248000000000004
2024-05-20,6.33,6.79,6.27,6.69,2527699.69,1670724.112,0.052140000000000006
2024-05-21,6.62,6.98,6.56,6.86,3039705.25,2072348.0,0.062701
2024-05-22,6.81,7.05,6.75,6.87,2404453.45,1658291.057,0.049598
2024-05-23,6.9,6.99,6.68,6.9,2225509.4,1527394.096,0.045906
2024-05-24,6.88,6.9,6.7,6.71,1393799.34,946764.976,0.02875
2024-05-27,6.77,7.1,6.76,6.95,2094961.95,1453052.534,0.043213999999999995
2024-05-28,6.95,7.45,6.78,7.3,3777524.24,2704995.731,0.07792099999999999
2024-05-29,7.2,7.43,7.16,7.3,2305717.14,1684178.603,0.047561
2024-05-30,7.43,7.8,7.42,7.57,3771103.23,2868923.41,0.07778800000000001
2024-05-31,7.58,7.6,7.31,7.39,2565047.35,1904970.606,0.052910000000000006
2024-06-03,7.53,7.62,7.06,7.18,2817887.64,2049962.895,0.058126
2024-06-04,7.05,7.15,6.89,7.01,2019359.68,1412335.324,0.041654
2024-06-05,7.08,7.19,6.96,7.05,1638581.69,1160047.891,0.0338
2024-06-06,7.0,7.05,6.8,6.83,1500550.99,1035131.198,0.030952
2024-06-07,6.88,6.98,6.77,6.92,1211773.25,834049.963,0.024996
2024-06-11,6.9,6.9,6.65,6.75,1220754.28,826596.456,0.025181
2024-06-12,6.68,7.03,6.65,6.99,1543424.19,1060953.858,0.031837
2024-06-13,6.93,7.39,6.92,7.29,2194075.79,1560696.181,0.045258
2024-06-14,7.23,7.4,7.17,7.3,1650890.67,1204758.776,0.034054
2024-06-17,7.33,7.54,7.27,7.43,1939117.37,1441031.947,0.039999
2024-06-18,7.45,7.88,7.36,7.77,2879998.09,2194963.441,0.059406999999999995
2024-06-19,7.77,7.84,7.57,7.67,2192765.2,1689763.255,0.045231
2024-06-20,7.63,7.77,7.48,7.73,2151516.22,1642797.277,0.044379999999999996
2024-06-21,7.66,8.1,7.62,8.01,2719888.45,2164087.574,0.056104
2024-06-24,8.07,8.3,7.71,7.72,3300238.37,2655322.843,0.068075
2024-06-25,7.84,8.0,7.32,7.8,4036134.76,3103819.385,0.083255
2024-06-26,7.62,7.75,7.39,7.68,2590102.89,1957280.789,0.053426999999999995
2024-06-27,7.56,7.94,7.56,7.74,2132025.89,1657167.554,0.043978
2024-06-28,7.65,8.27,7.61,8.08,3326161.63,2660949.399,0.06861
2024-07-01,8.17,8.89,8.01,8.86,5121430.48,4379180.944,0.105642
2024-07-02,8.81,9.03,8.68,8.88,4008078.56,3551468.594,0.082676
2024-07-03,8.87,8.93,8.6,8.67,2570942.85,2246394.183,0.053032
2024-07-04,8.78,8.87,8.28,8.3,3334341.95,2841544.639,0.068779
2024-07-05,8.25,9.13,8.12,9.12,4972621.88,4340535.252,0.102572
2024-07-08,9.09,9.73,9.01,9.6,5662807.02,5370462.384,0.116809
2024-07-09,9.55,9.78,9.36,9.63,4757980.52,4535023.322,0.09814500000000001
2024-07-10,9.42,9.73,9.27,9.47,4270179.85,4054115.625,0.088083
2024-07-11,9.62,9.99,9.38,9.41,4775505.12,4614442.893,0.098506
2024-07-12,9.35,10.24,9.28,10.18,6284505.26,6177040.245,0.129633
2024-07-15,10.17,10.33,9.95,10.0,4467613.37,4514035.696,0.092155
2024-07-16,9.96,10.61,9.83,10.39,4672473.59,4791784.427,0.096381
2024-07-17,10.27,10.57,10.19,10.43,3571773.24,3696978.855,0.073676
2024-07-18,10.3,10.36,10.01,10.23,3033122.78,3096978.975,0.062565
2024-07-19,10.24,10.46,9.21,9.21,5431635.54,5327800.276,0.112041
2024-07-22,8.98,9.59,8.94,9.32,5575979.57,5215105.289,0.115018
2024-07-23,9.24,9.35,8.79,8.86,4676285.19,4220912.139,0.09646
2024-07-24,8.8,8.89,8.48,8.51,3772005.0,3236061.081,0.077807
2024-07-25,8.5,8.73,8.35,8.51,3196141.27,2727289.972,0.065928
2024-07-26,8.52,9.16,8.31,9.05,4958528.56,4335251.553,0.102282
2024-07-29,9.07,9.33,8.98,9.1,3681276.58,3363508.403,0.075935
2024-07-30,9.06,9.08,8.68,8.72,3060844.73,2689319.382,0.063137
2024-07-31,8.6,9.59,8.57,9.59,4801841.18,4435122.172,0.09905
2024-08-01,9.55,9.75,9.41,9.58,3957760.78,3787725.164,0.081638
2024-08-02,9.52,9.87,9.48,9.75,3808736.1,3692159.748,0.078564
2024-08-05,9.75,9.86,8.97,9.11,3864344.52,3589265.475,0.079711
2024-08-06,9.2,9.75,8.82,9.22,3836544.12,3560621.976,0.079138
2024-08-07,9.22,9.57,8.94,9.08,3477353.07,3200147.613,0.071729
2024-08-08,8.3,8.55,8.17,8.17,4286182.29,3552629.704,0.088413
2024-08-09,7.96,8.17,7.57,8.02,4765000.62,3735852.576,0.09829
2024-08-12,7.88,7.89,7.53,7.62,3005957.88,2309699.804,0.062005
2024-08-13,7.6,7.77,7.37,7.73,2966734.99,2245012.492,0.061196
2024-08-14,7.64,7.8,7.57,7.59,1945253.35,1490693.211,0.040126
2024-08-15,7.58,7.75,7.55,7.62,1965759.74,1500254.873,0.040549
2024-08-16,7.6,7.67,7.45,7.46,2231675.49,1681989.116,0.046034
2024-08-19,7.41,7.49,7.22,7.25,2502218.96,1830992.482,0.05161400000000001
2024-08-20,7.25,7.47,7.07,7.4,3489499.43,2542344.692,0.071979
2024-08-21,7.31,7.32,7.08,7.1,2187732.31,1567063.032,0.045127
2024-08-22,7.08,7.23,6.97,7.0,2064015.31,1458988.679,0.042575
2024-08-23,6.98,7.1,6.95,6.98,1525481.03,1070239.154,0.031467
2024-08-26,7.0,7.16,6.96,7.05,1772066.08,1251163.642,0.036553
2024-08-27,6.98,7.12,6.72,6.79,2175618.53,1488641.084,0.044877
2024-08-28,6.73,6.78,6.41,6.42,2382829.19,1552072.801,0.049151999999999994
2024-08-29,6.36,6.54,6.3,6.43,1759978.83,1131654.97,0.036303999999999996
2024-08-30,6.44,6.84,6.4,6.71,2616932.38,1746926.405,0.053981
2024-09-02,6.72,6.82,6.6,6.61,1661701.22,1110731.596,0.034277
2024-09-03,6.72,7.02,6.72,6.8,2198692.82,1501393.128,0.045353000000000004
2024-09-04,6.8,7.12,6.76,7.03,3067177.09,2138126.182,0.063268
2024-09-05,7.04,7.04,6.83,6.96,1986820.34,1377554.712,0.040983
2024-09-06,6.93,7.3,6.89,7.09,3003504.89,2135514.352,0.061955
2024-09-09,6.99,6.99,6.74,6.77,2037113.39,1389789.879,0.04202
2024-09-10,6.76,6.84,6.62,6.82,1368964.08,920792.101,0.028238
2024-09-11,6.74,6.85,6.7,6.78,901511.85,611082.083,0.018595999999999998
2024-09-12,6.79,6.92,6.66,6.69,1231182.69,837270.359,0.025396000000000002
2024-09-13,6.67,6.77,6.56,6.57,1234162.4,821427.708,0.025457999999999998
2024-09-18,6.57,6.64,6.4,6.49,1034343.78,672209.667,0.021336
2024-09-19,6.53,6.69,6.44,6.6,1241884.1,815410.421,0.025617
2024-09-20,6.59,6.7,6.42,6.46,1344160.81,876722.505,0.027596
2024-09-23,6.4,6.58,6.38,6.5,1300823.52,846952.329,0.026705999999999997
2024-09-24,6.45,6.73,6.3,6.68,2508514.69,1637021.236,0.051500000000000004
2024-09-25,6.7,7.18,6.7,6.89,3278589.5,2281153.457,0.06730900000000001
2024-09-26,6.82,7.05,6.74,7.04,2351759.21,1625361.577,0.048282
2024-09-27,7.1,7.35,7.06,7.34,1800160.14,1297006.689,0.036957
2024-09-30,7.7,8.07,7.48,8.07,4815636.16,3783138.372,0.098865
2024-10-08,8.88,8.88,7.53,8.38,6081006.5,5103208.27,0.124843
2024-10-09,8.13,8.14,7.54,7.54,3844835.54,2972226.883,0.078934
2024-10-10,7.38,7.59,7.11,7.33,2856745.82,2105101.585,0.05864899999999999
2024-10-11,7.3,7.55,7.12,7.43,2557079.26,1880550.181,0.052496999999999995
2024-10-14,7.44,7.51,7.21,7.47,2230684.56,1647743.892,0.045796
2024-10-15,7.37,7.45,7.19,7.2,1916988.34,1402378.302,0.039356
2024-10-16,7.08,7.25,7.01,7.1,1760574.2,1250700.97,0.036145000000000004
2024-10-17,7.18,7.38,7.14,7.23,2343632.05,1702529.658,0.048115
2024-10-18,7.25,7.6,7.11,7.49,3627720.71,2700145.394,0.074477
2024-10-21,7.49,7.49,7.32,7.37,2699870.54,1991611.482,0.055428
2024-10-22,7.33,7.8,7.31,7.74,3756600.94,2860521.002,0.077123
2024-10-23,7.85,8.37,7.6,8.03,4750127.77,3799749.766,0.09752000000000001
2024-10-24,8.0,8.02,7.66,7.67,2728426.08,2119480.834,0.056014999999999995
2024-10-25,7.65,7.88,7.64,7.68,2203260.55,1702291.081,0.045232999999999995
2024-10-28,7.67,8.08,7.57,7.98,3278431.0,2575929.154,0.067306
2024-10-29,8.04,8.4,7.86,8.03,4045411.9,3289697.024,0.08305199999999999
2024-10-30,7.96,8.39,7.72,8.35,4478857.51,3666451.936,0.091951
2024-10-31,8.2,8.5,7.96,8.24,4882582.21,4004642.856,0.100239
2024-11-01,8.1,8.18,7.71,7.75,3508000.14,2773235.605,0.072019
2024-11-04,7.88,8.53,7.87,8.53,4848289.31,4035133.296,0.099535
2024-11-05,8.65,9.1,8.4,8.81,6885309.84,6023562.29,0.141355
2024-11-06,8.7,9.69,8.67,9.69,8567531.45,8091850.206,0.175891
2024-11-07,9.6,9.85,9.2,9.76,6910878.92,6575459.487,0.14188
2024-11-08,9.76,10.59,9.54,9.69,6334586.14,6352423.45,0.130049
2024-11-11,9.61,10.55,9.6,10.3,5679817.83,5826880.026,0.116607
2024-11-12,10.3,10.45,9.7,9.9,4946849.07,4968943.041,0.10155900000000001
2024-11-13,9.81,9.82,9.28,9.66,3772527.55,3595855.758,0.07745
2024-11-14,9.46,9.63,9.13,9.16,3020225.12,2814199.051,0.062005
2024-11-15,9.12,9.24,8.76,8.77,3110199.82,2802674.149,0.063852
2024-11-18,8.82,8.95,8.38,8.44,2857742.12,2450175.489,0.058669
2024-11-19,8.46,8.68,8.36,8.63,2480418.97,2115946.946,0.050922999999999996
2024-11-20,8.64,8.81,8.55,8.74,2232069.03,1941150.987,0.045824
2024-11-21,8.7,8.95,8.62,8.7,2289715.69,2009351.437,0.047008
2024-11-22,8.67,9.27,8.57,8.78,3847004.46,3444075.804,0.078979
2024-11-25,8.96,9.6,8.52,9.41,4466079.72,4087517.702,0.091689
2024-11-26,9.22,9.34,8.96,8.97,2690450.11,2461980.781,0.055235000000000006
2024-11-27,8.82,9.29,8.58,9.18,2914397.88,2634724.464,0.059833
2024-11-28,9.09,9.43,9.06,9.1,2292240.66,2113534.658,0.047060000000000005
2024-11-29,9.1,9.2,8.88,9.14,2360352.44,2141994.067,0.048457999999999994
2024-12-02,9.18,9.37,9.17,9.26,2443833.41,2260770.22,0.050172
2024-12-03,9.29,9.35,9.01,9.1,1970079.93,1800560.698,0.040446
2024-12-04,9.04,9.14,8.7,8.74,2146048.43,1906993.847,0.044058
2024-12-05,8.68,8.96,8.65,8.87,1640256.95,1447018.007,0.033674
2024-12-06,8.88,8.9,8.66,8.8,1396303.51,1225440.142,0.028666
2024-12-09,8.78,8.86,8.64,8.78,1559790.11,1364531.126,0.032022
2024-12-10,9.04,9.14,8.69,8.71,2098040.32,1860460.544,0.043073
2024-12-11,8.64,8.89,8.57,8.85,1870257.21,1630961.326,0.038396
2024-12-12,8.78,8.9,8.66,8.84,1406028.45,1235619.27,0.028866
2024-12-13,8.78,8.84,8.52,8.52,1538761.54,1330038.71,0.031591
2024-12-16,8.53,8.58,8.26,8.29,1260744.19,1057551.219,0.025883
2024-12-17,8.3,8.72,8.27,8.43,1576439.76,1341718.727,0.032364000000000004
2024-12-18,8.46,8.64,8.32,8.55,1330163.99,1133546.298,0.027308
2024-12-19,8.51,8.6,8.36,8.41,1127643.84,952676.753,0.023151
2024-12-20,8.36,8.39,8.22,8.23,1285045.0,1062170.245,0.026382
2024-12-23,8.18,8.29,7.88,7.92,1447270.54,1165198.993,0.029712000000000002
2024-12-24,7.96,7.98,7.84,7.95,958182.98,758792.224,0.019671
2024-12-25,8.25,8.35,8.06,8.08,1614015.45,1324806.854,0.03304
2024-12-26,8.03,8.64,7.98,8.47,2418183.56,2029475.489,0.049500999999999996
2024-12-27,8.43,8.47,8.3,8.33,1372331.13,1151074.952,0.028092000000000002
2024-12-30,8.33,8.37,8.16,8.17,927408.16,761533.65,0.018984
2024-12-31,8.22,8.3,7.97,8.0,961825.98,778592.936,0.019689
2025-01-02,8.0,8.13,7.67,7.78,1360846.04,1074534.714,0.027857
2025-01-03,7.75,7.77,7.37,7.37,1414054.62,1062564.66,0.028946
2025-01-06,7.32,7.39,7.13,7.2,1084291.79,786538.078,0.022195999999999997
2025-01-07,7.21,7.35,7.19,7.35,907894.8,661678.387,0.018585
2025-01-08,7.34,7.34,7.03,7.23,1021274.9,733407.746,0.020905999999999998
2025-01-09,7.18,7.3,7.15,7.25,656433.25,475859.194,0.013437
2025-01-10,7.24,7.32,7.06,7.06,885385.68,638696.696,0.018124
2025-01-13,6.96,7.09,6.94,7.03,704489.64,494541.244,0.014421
2025-01-14,7.09,7.73,7.07,7.73,2023846.94,1514034.465,0.041429
2025-01-15,7.73,7.98,7.73,7.84,1799129.56,1415735.914,0.036829
2025-01-16,7.86,8.15,7.79,7.92,1420422.21,1130935.54,0.029077000000000002
2025-01-17,7.9,8.12,7.86,7.96,1040064.25,830082.121,0.021291
2025-01-20,8.09,8.15,7.85,7.9,1053887.67,838925.485,0.021574
2025-01-21,7.95,7.97,7.81,7.83,732976.53,576784.77,0.015004
2025-01-22,7.8,7.9,7.7,7.82,825070.99,642585.925,0.016890000000000002
2025-01-23,7.92,8.04,7.7,7.7,971148.75,764562.785,0.01988
2025-01-24,7.7,7.73,7.58,7.63,928366.79,709887.336,0.019004
2025-01-27,7.6,8.14,7.59,7.94,2019476.92,1601683.684,0.04134
2025-02-05,8.0,8.25,7.88,8.17,1495704.43,1213200.651,0.030618
2025-02-06,8.14,8.3,8.03,8.28,1527961.03,1249369.682,0.031278
2025-02-07,8.3,8.79,8.27,8.75,3170304.28,2731104.789,0.064897
2025-02-10,8.98,9.55,8.95,9.13,3385548.84,3099189.968,0.06930399999999999
2025-02-11,9.06,9.08,8.82,8.85,1907421.84,1699375.367,0.039046
2025-02-12,8.78,9.07,8.55,8.83,2628594.82,2299842.366,0.053807999999999995
2025-02-13,8.86,8.97,8.51,8.52,1749491.21,1523174.577,0.035813000000000005
2025-02-14,8.49,9.26,8.48,8.8,3199730.84,2878177.376,0.0655
2025-02-17,8.84,9.0,8.68,8.72,1709806.46,1501509.346,0.035
2025-02-18,8.72,8.72,8.33,8.36,1544757.57,1307706.318,0.031622
2025-02-19,8.4,8.61,8.4,8.48,1099419.53,933860.597,0.022505999999999998
2025-02-20,8.55,8.7,8.39,8.52,1149105.41,978410.52,0.023523000000000002
2025-02-21,8.53,8.57,8.23,8.4,1581505.2,1319784.536,0.032374
2025-02-24,8.36,8.4,8.2,8.22,1235958.61,1023769.765,0.025301
2025-02-25,8.15,8.37,8.1,8.25,1064691.19,880203.656,0.021795
2025-02-26,8.31,8.44,8.26,8.3,1242964.04,1036952.349,0.025444
2025-02-27,8.35,8.5,8.1,8.25,1175112.97,972376.606,0.024055
2025-02-28,8.2,8.24,7.88,7.89,1195697.17,959943.525,0.024476
2025-03-03,7.95,8.18,7.91,7.99,1011579.05,813292.661,0.020707
2025-03-04,7.92,8.07,7.89,8.06,691704.48,553493.932,0.014159
2025-03-05,8.01,8.2,8.01,8.13,823911.62,667609.953,0.016866000000000003
2025-03-06,8.16,8.27,8.13,8.21,1089963.77,895213.512,0.022312
2025-03-07,8.19,8.19,8.01,8.04,915453.0,740909.434,0.01874
2025-03-10,8.04,8.07,7.92,8.01,595205.29,475628.297,0.012183999999999999
2025-03-11,7.92,8.02,7.89,8.02,567725.42,451173.352,0.011621999999999999
2025-03-12,8.12,8.24,8.1,8.1,968174.64,789678.109,0.019819
2025-03-13,8.07,8.1,7.85,7.96,858561.92,682748.801,0.017575
2025-03-14,8.05,8.37,8.04,8.36,2105387.15,1747446.195,0.043098
2025-03-17,8.5,8.57,8.3,8.44,1289486.91,1084671.392,0.026396000000000003
2025-03-18,8.44,8.55,8.36,8.47,990719.75,836261.912,0.02028
2025-03-19,8.52,8.6,8.36,8.38,1106033.77,936706.77,0.022641
2025-03-20,8.31,8.54,8.24,8.43,1124009.12,945584.818,0.023008999999999998
2025-03-21,8.85,8.95,8.49,8.54,2376443.67,2058748.522,0.048647
2025-03-24,8.51,8.75,8.3,8.58,1711442.68,1459911.48,0.035034
2025-03-25,8.5,8.58,8.2,8.23,1375241.57,1151871.253,0.028152
2025-03-26,8.2,8.65,8.13,8.52,1667255.36,1390441.991,0.034129
2025-03-27,8.4,8.55,8.31,8.32,1105081.52,931144.873,0.022621000000000002
2025-03-28,8.32,8.88,8.26,8.67,2722050.36,2367502.494,0.055721999999999994
2025-03-31,8.63,8.83,8.5,8.6,1742118.5,1506282.316,0.035662
2025-04-01,8.59,8.88,8.53,8.71,1744029.83,1526610.081,0.035701000000000004
2025-04-02,8.81,8.93,8.54,8.77,1947189.11,1710151.122,0.03986
2025-04-03,8.65,8.75,8.45,8.48,1438469.21,1232366.864,0.029446
2025-04-07,7.7,7.96,7.63,7.63,1313054.18,1012544.992,0.026879
2025-04-08,7.59,7.69,7.0,7.26,2220180.67,1613361.397,0.045448
2025-04-09,7.04,7.5,6.57,7.38,2020725.24,1433069.376,0.041365
2025-04-10,7.55,7.77,7.45,7.59,1605176.69,1225063.177,0.032859
2025-04-11,7.53,7.87,7.51,7.75,1431381.79,1113435.351,0.029301
2025-04-14,7.9,8.53,7.89,8.45,2911219.19,2425560.368,0.059593999999999994
2025-04-15,8.4,8.49,8.26,8.36,1539037.07,1287225.896,0.031505
2025-04-16,8.42,8.5,8.18,8.25,1338267.0,1110812.246,0.027395
2025-04-17,8.0,8.08,7.67,7.71,2359778.34,1844046.601,0.048305999999999995
2025-04-18,7.61,7.72,7.55,7.64,977535.05,744403.051,0.020011
2025-04-21,7.74,7.86,7.7,7.81,1001940.66,779377.805,0.02051
2025-04-22,7.79,7.83,7.69,7.69,739408.53,571714.357,0.015136
2025-04-23,7.8,8.08,7.75,7.76,1026672.32,807184.351,0.021016
2025-04-24,7.83,7.85,7.58,7.59,897296.23,686914.267,0.018368
2025-04-25,7.58,7.63,7.51,7.55,662339.89,500996.767,0.013557999999999999
2025-04-28,7.51,7.55,7.42,7.45,601495.63,449890.798,0.012313000000000001
2025-04-29,7.38,7.4,7.16,7.2,1310337.0,951190.655,0.026823
2025-04-30,7.17,7.4,7.17,7.39,984471.28,718989.126,0.020152999999999997
2025-05-06,7.45,7.58,7.44,7.55,917311.21,689051.38,0.018778
2025-05-07,7.62,7.8,7.53,7.57,1170242.41,895846.772,0.023955
2025-05-08,7.55,7.59,7.51,7.58,677165.33,511280.323,0.013862000000000001
2025-05-09,7.55,7.63,7.46,7.46,703246.37,528191.234,0.014395999999999999
2025-05-12,7.55,7.8,7.51,7.66,1286755.55,987720.977,0.02634
2025-05-13,7.74,7.78,7.53,7.56,856624.52,653236.526,0.017535000000000002
2025-05-14,7.58,7.58,7.46,7.55,662233.79,498564.721,0.013555999999999999
2025-05-15,7.54,7.54,7.34,7.36,777516.72,576255.778,0.015916
2025-05-16,7.33,7.49,7.33,7.43,548678.85,407246.539,0.011231999999999999
2025-05-19,7.53,7.56,7.36,7.42,531568.5,394435.344,0.010881
2025-05-20,7.41,7.47,7.38,7.46,607263.29,451087.468,0.012431000000000001
2025-05-21,7.45,7.64,7.4,7.58,1184201.5,891431.037,0.024241000000000002
2025-05-22,7.53,7.62,7.41,7.45,862783.0,649003.502,0.017662
2025-05-23,7.42,7.74,7.41,7.58,1890864.74,1443222.632,0.038707
2025-05-26,7.5,7.54,7.31,7.39,1227229.27,906988.07,0.025122
2025-05-27,7.37,7.42,7.22,7.27,773261.26,562453.178,0.015829
2025-05-28,7.25,7.33,7.17,7.2,542980.09,392041.88,0.011115
2025-05-29,7.21,7.32,7.2,7.29,624775.75,455347.592,0.012789
2025-05-30,7.25,7.28,7.18,7.23,539840.26,389680.312,0.011051
2025-06-03,7.2,7.22,7.12,7.15,592571.25,423626.487,0.01213
2025-06-04,7.18,7.2,7.15,7.19,379126.67,271970.114,0.0077610000000000005
2025-06-05,7.25,7.27,7.19,7.23,453871.93,327473.591,0.009291
2025-06-06,7.23,7.25,7.15,7.18,384892.54,276137.267,0.007879
2025-06-09,7.2,7.38,7.16,7.33,986520.58,720159.421,0.020194
2025-06-10,7.33,7.35,7.17,7.24,727529.48,527538.506,0.014893
2025-06-11,7.21,7.53,7.21,7.4,1214771.95,902009.599,0.024867
2025-06-12,7.39,7.65,7.32,7.46,1332787.04,999658.793,0.027282999999999998
2025-06-13,7.4,7.42,7.23,7.25,783275.27,571374.172,0.016034
2025-06-16,7.25,7.32,7.21,7.29,446051.56,324244.061,0.009131
2025-06-17,7.3,7.35,7.23,7.26,390838.53,283772.538,0.008001000000000001
2025-06-18,7.28,7.29,7.2,7.22,389185.2,280873.03,0.007967
2025-06-19,7.22,7.25,7.12,7.12,515814.0,369231.144,0.010559
2025-06-20,7.1,7.16,7.05,7.07,480990.35,341274.235,0.009846
2025-06-23,7.0,7.11,6.95,7.11,422409.89,297554.812,0.008647
2025-06-24,7.16,7.28,7.16,7.25,643567.17,465365.33,0.013173999999999998
2025-06-25,7.3,7.36,7.22,7.3,738315.54,537728.571,0.015114
2025-06-26,7.28,7.31,7.23,7.24,547929.79,397670.796,0.011215999999999999
2025-06-27,7.3,7.34,7.23,7.26,534537.36,388546.597,0.010942
2025-06-30,7.28,7.39,7.25,7.37,756701.7,556308.361,0.015489999999999999
2025-07-01,7.33,7.41,7.3,7.35,550052.89,404084.945,0.01126
2025-07-02,7.37,7.54,7.32,7.33,864713.0,640260.727,0.017701
2025-07-03,7.35,7.38,7.27,7.33,520860.26,381287.873,0.010662
2025-07-04,7.36,7.55,7.3,7.38,1052955.48,781050.358,0.021554000000000004
2025-07-07,7.38,7.43,7.32,7.43,780552.67,575732.502,0.015978000000000003
2025-07-08,7.42,7.54,7.37,7.49,1181981.63,882805.892,0.024196
2025-07-09,7.52,7.53,7.37,7.44,1025985.83,762010.845,0.021002
2025-07-10,7.4,7.42,7.32,7.36,649622.07,477741.728,0.013298
2025-07-11,7.35,7.35,7.28,7.31,695128.76,508516.304,0.01423
2025-07-14,7.32,7.39,7.26,7.33,701922.95,513693.413,0.014369
2025-07-15,7.3,7.76,7.28,7.62,2762319.63,2089757.393,0.056546000000000006
2025-07-16,7.61,7.84,7.55,7.76,1874973.72,1447381.325,0.038382
2025-07-17,7.8,7.88,7.71,7.85,1593249.32,1241860.991,0.032614000000000004
2025-07-18,7.91,8.02,7.82,8.0,1653741.79,1313376.497,0.033853
2025-07-21,8.05,8.06,7.86,7.87,1211001.64,958312.133,0.02479
2025-07-22,7.85,7.9,7.7,7.85,1301806.34,1013936.422,0.026649
2025-07-23,7.8,8.19,7.74,7.91,1713786.22,1367776.797,0.035082
2025-07-24,7.88,8.0,7.85,7.98,995855.07,790509.906,0.020386
2025-07-25,7.99,8.17,7.94,7.97,1145743.51,921146.416,0.023454000000000003
2025-07-28,7.97,8.12,7.94,8.04,1043449.77,838701.088,0.02136
2025-07-29,8.08,8.23,8.04,8.22,1356448.73,1107065.304,0.027767
2025-07-30,8.19,8.31,8.08,8.14,1366116.24,1118883.518,0.027965
2025-07-31,8.1,8.52,8.08,8.12,1927347.5,1597717.538,0.039453999999999996
2025-08-01,8.2,8.93,8.19,8.8,4063013.81,3543704.622,0.083172
2025-08-04,8.65,8.72,8.48,8.54,2160108.4,1851315.054,0.044218
2025-08-05,8.55,8.82,8.54,8.75,1786361.6,1552028.422,0.036568
2025-08-06,8.85,9.23,8.78,9.08,2632411.67,2370640.37,0.053887
2025-08-07,9.0,9.08,8.88,8.99,1636132.52,1467080.32,0.033492
2025-08-08,9.02,9.12,8.78,9.01,1623469.86,1455548.369,0.033233
2025-08-11,9.03,9.12,8.92,8.98,1528225.43,1378990.552,0.031283
2025-08-12,8.93,9.0,8.78,8.85,1433155.09,1269360.385,0.029337
2025-08-13,8.87,8.98,8.75,8.85,1352129.92,1194091.1,0.027679
2025-08-14,8.85,8.98,8.62,8.62,1683836.23,1471079.22,0.034469
2025-08-15,8.59,8.96,8.57,8.92,1446268.16,1275586.361,0.029606
2025-08-18,8.96,9.68,8.9,9.43,3489711.97,3232890.759,0.071436
2025-08-19,9.36,9.46,9.15,9.2,2157664.41,2003411.488,0.044168000000000006
2025-08-20,9.16,9.38,8.97,9.35,2041854.79,1873240.289,0.041798
2025-08-21,9.3,9.45,9.16,9.2,1321596.4,1227120.715,0.027054
2025-08-22,9.24,9.43,9.08,9.38,2087328.52,1933452.49,0.042728
2025-08-25,9.37,9.37,9.03,9.14,2665496.28,2445603.867,0.054564
2025-08-26,9.06,9.08,8.87,8.99,1901792.63,1704856.14,0.03893
2025-08-27,8.98,9.15,8.65,8.67,1844263.03,1640906.577,0.037753
2025-08-28,8.68,8.78,8.41,8.72,1503974.0,1298714.757,0.030787
2025-08-29,8.73,8.99,8.61,8.84,1607879.45,1418804.523,0.032914
2025-09-01,8.87,8.89,8.68,8.84,1356654.24,1194061.433,0.027771
2025-09-02,8.85,8.89,8.53,8.59,1382718.17,1198360.785,0.028304999999999997
2025-09-03,8.59,8.73,8.36,8.4,1211661.73,1033731.686,0.024803000000000002
2025-09-04,8.4,8.55,8.2,8.3,1266300.1,1062861.361,0.025922
2025-09-05,8.33,8.45,8.29,8.43,1073107.83,899568.156,0.021967
2025-09-08,8.43,8.54,8.25,8.46,1282676.36,1075672.797,0.026257000000000003
2025-09-09,8.42,8.71,8.41,8.49,1776133.29,1525457.668,0.036358
2025-09-10,8.48,8.68,8.41,8.45,1167603.25,997958.363,0.023901
2025-09-11,8.42,8.75,8.25,8.75,1787881.91,1531086.175,0.036599
2025-09-12,8.75,8.97,8.69,8.72,1465785.12,1293209.442,0.030005
2025-09-15,8.82,8.88,8.68,8.79,1435558.74,1259841.179,0.029386000000000002
2025-09-16,8.86,9.08,8.68,8.87,2175436.73,1919805.859,0.044531999999999995
2025-09-17,8.87,8.9,8.52,8.58,2370782.98,2049659.941,0.048531000000000005
2025-09-18,8.45,8.59,8.04,8.16,2730499.13,2271625.949,0.055894000000000006
2025-09-19,8.14,8.14,7.92,7.94,1661955.61,1328098.008,0.034020999999999996
2025-09-22,8.02,8.25,7.96,8.06,1670217.37,1351513.012,0.03419
2025-09-23,8.08,8.09,7.71,7.84,1362683.98,1069967.151,0.027895
2025-09-24,7.82,7.93,7.76,7.92,882539.19,695717.512,0.018066
2025-09-25,7.88,7.94,7.81,7.84,986981.55,776569.948,0.020204
2025-09-26,7.8,8.08,7.76,7.76,1586155.68,1255615.949,0.032469
2025-09-29,7.86,7.92,7.76,7.9,1078372.02,844500.578,0.022075
2025-09-30,7.91,8.13,7.9,8.08,1426170.41,1146338.742,0.029194
2025-10-09,8.26,8.26,7.96,7.99,1470402.2,1182730.002,0.0301
2025-10-10,7.99,8.11,7.9,7.91,1206070.42,962780.805,0.024689000000000003
2025-10-13,7.59,7.8,7.54,7.77,1078689.15,830050.349,0.022081
2025-10-14,7.78,7.91,7.65,7.68,1068360.32,831253.308,0.021869999999999997
2025-10-15,7.69,7.92,7.59,7.87,1110265.23,862781.423,0.022728
2025-10-16,7.87,8.21,7.85,8.04,2147207.9,1737551.186,0.04395400000000001
2025-10-17,7.95,7.97,7.63,7.65,1522493.03,1182116.498,0.031166
2025-10-20,7.73,7.75,7.56,7.62,700190.63,534495.71,0.014333
2025-10-21,7.61,7.78,7.58,7.78,772924.34,594481.985,0.015801
2025-10-22,7.78,8.0,7.71,7.93,1145744.24,907595.304,0.023422000000000002
2025-10-23,7.9,7.91,7.74,7.86,665735.91,519454.452,0.013609
2025-10-24,7.87,8.02,7.86,7.95,875950.61,696877.656,0.017907
2025-10-27,8.05,8.14,8.02,8.06,1049867.69,,0.021462
2025-10-28,8.1,8.43,8.05,8.21,1920719.61,,0.039265
2025-10-29,8.27,8.34,8.15,8.27,1115054.19,,0.022795
2025-10-30,8.27,8.36,8.18,8.35,1331640.29,,0.027222
2025-10-31,8.28,8.4,8.26,8.35,1011249.23,,0.020673
2025-11-03,8.5,8.56,8.32,8.46,1170945.96,,0.023937
2025-11-04,8.41,8.54,8.27,8.32,998930.44,,0.020421
2025-11-05,8.19,8.54,8.16,8.45,1117684.95,,0.022848999999999998
2025-11-06,8.45,8.47,8.22,8.25,1004408.09,,0.020533000000000003
2025-11-07,8.23,8.29,8.13,8.13,787369.37,,0.016096
