Date,Open,High,Low,Close,Volume,Amount,TurnoverRate
2023-02-01,9.9,11.88,9.9,11.88,77071.46,91160.849,0.023765
2023-02-02,13.07,13.07,13.07,13.07,20844.47,27243.722,0.0064280000000000006
2023-02-03,14.38,14.38,14.38,14.38,24438.98,35143.253,0.007536
2023-02-06,15.82,15.82,15.82,15.82,57728.16,91325.949,0.017801
2023-02-07,17.4,17.4,17.4,17.4,62481.28,108717.427,0.019267
2023-02-08,19.14,19.14,19.14,19.14,144062.32,275735.28,0.044423000000000004
2023-02-09,21.05,21.05,19.97,21.04,2548843.99,5231504.459,0.7859529999999999
2023-02-10,20.18,20.3,18.94,18.95,1523330.2,2984053.851,0.469729
2023-02-13,18.7,19.15,18.68,18.9,734931.15,1389333.704,0.226621
2023-02-14,18.85,18.94,18.45,18.67,709345.13,1324485.243,0.218731
2023-02-15,18.6,18.96,18.4,18.8,629196.02,1176569.337,0.19401700000000002
2023-02-16,18.67,19.66,18.5,18.69,1053524.53,2017756.064,0.324861
2023-02-17,18.39,18.47,17.31,17.31,938576.13,1672975.646,0.289416
2023-02-20,17.58,18.13,17.29,17.88,761465.3,1348476.675,0.23480299999999998
2023-02-21,17.77,18.05,17.46,17.9,557379.44,988401.727,0.171872
2023-02-22,17.8,18.14,17.65,17.65,364016.03,649150.904,0.112247
2023-02-23,17.65,18.18,17.64,17.74,490026.77,877014.65,0.15110300000000002
2023-02-24,17.75,18.45,17.66,17.98,717010.26,1295328.753,0.221095
2023-02-27,17.51,17.79,17.32,17.75,452948.16,795750.654,0.13966900000000002
2023-02-28,17.72,17.81,17.41,17.8,375297.59,662516.634,0.115725
2023-03-01,17.7,18.47,17.6,18.31,643539.82,1158206.184,0.19844
2023-03-02,18.12,18.34,17.75,17.76,497513.89,897454.985,0.153412
2023-03-03,17.76,18.05,17.43,17.96,543656.36,965007.516,0.16763999999999998
2023-03-06,17.78,17.9,17.42,17.66,438260.8,771702.178,0.13514099999999998
2023-03-07,17.56,17.81,16.92,16.94,426196.61,742992.014,0.13141999999999998
2023-03-08,16.73,16.92,16.53,16.8,326889.01,546960.105,0.100798
2023-03-09,16.77,16.85,16.45,16.46,291383.05,483463.325,0.08985
2023-03-10,16.42,16.85,16.39,16.49,316001.08,523930.072,0.097441
2023-03-13,16.42,16.59,16.27,16.51,244087.08,401079.731,0.075266
2023-03-14,16.45,16.49,15.87,16.04,274186.75,443362.899,0.08454700000000001
2023-03-15,16.2,16.47,16.02,16.04,245916.99,399765.475,0.07583000000000001
2023-03-16,15.82,16.09,15.6,15.62,233575.54,369740.893,0.07202499999999999
2023-03-17,15.8,16.05,15.78,15.84,275591.17,438271.091,0.08498
2023-03-20,15.81,15.96,15.49,15.54,234260.14,368004.959,0.07223600000000001
2023-03-21,15.56,15.72,15.51,15.64,182571.08,284792.004,0.056297
2023-03-22,15.75,16.25,15.72,16.07,387784.64,621829.049,0.11957599999999999
2023-03-23,15.9,16.27,15.85,16.25,356005.46,571924.307,0.109777
2023-03-24,16.34,16.41,16.01,16.05,336608.45,545169.635,0.103795
2023-03-27,16.02,16.2,15.66,15.97,336939.26,536987.457,0.10389699999999999
2023-03-28,15.97,16.01,15.53,15.54,215041.49,338332.539,0.06630899999999999
2023-03-29,15.6,15.64,15.09,15.21,259073.21,396332.945,0.079887
2023-03-30,15.29,15.92,15.08,15.57,385849.08,597184.07,0.118979
2023-03-31,15.45,15.55,15.27,15.35,241181.06,371172.968,0.07437
2023-04-03,15.3,16.82,15.3,16.29,780161.67,1259371.371,0.240568
2023-04-04,16.18,16.51,16.07,16.49,508179.65,828335.774,0.1567
2023-04-06,16.41,16.7,16.12,16.63,470651.91,775206.328,0.145129
2023-04-07,16.6,18.0,16.41,17.12,784076.78,1352295.659,0.241775
2023-04-10,17.41,17.74,16.7,16.81,614997.78,1060702.485,0.189639
2023-04-11,17.0,17.43,16.7,16.87,489543.26,836190.456,0.150954
2023-04-12,16.7,17.13,16.52,16.82,385446.17,646876.434,0.118855
2023-04-13,16.71,16.83,16.12,16.24,376704.08,619885.575,0.116159
2023-04-14,16.35,16.88,16.32,16.71,422611.47,704485.505,0.130315
2023-04-17,16.66,17.57,16.62,17.05,631995.83,1084162.476,0.19488
2023-04-18,16.88,17.21,16.38,16.49,453261.24,755135.135,0.139766
2023-04-19,16.32,16.4,15.66,15.71,410958.41,654436.243,0.126722
2023-04-20,15.61,15.87,15.51,15.79,234944.67,369776.853,0.072447
2023-04-21,15.7,15.7,14.58,14.68,417252.08,629159.006,0.128662
2023-04-24,14.49,14.72,14.32,14.59,203094.74,294508.865,0.062626
2023-04-25,14.6,14.67,13.96,14.39,247486.94,355194.627,0.076314
2023-04-26,14.31,14.53,14.21,14.38,166316.78,239345.517,0.051285
2023-04-27,14.31,14.51,14.26,14.4,184753.59,266050.292,0.05697
2023-04-28,14.61,14.82,14.48,14.62,236310.66,345629.039,0.072868
2023-05-04,14.49,14.81,14.41,14.66,169704.62,247988.656,0.052329999999999995
2023-05-05,14.67,15.14,14.64,14.7,278790.34,415201.548,0.085967
2023-05-08,14.67,16.16,14.34,15.4,539820.51,824023.461,0.16645700000000002
2023-05-09,15.45,16.94,15.32,16.21,1127293.42,1861115.602,0.34760800000000003
2023-05-10,16.0,16.1,15.1,15.31,685358.14,1068443.724,0.21133500000000002
2023-05-11,15.37,16.5,15.36,15.88,635787.61,1016340.573,0.196049
2023-05-12,15.6,15.92,15.46,15.52,330175.78,516471.257,0.101812
2023-05-15,15.53,15.84,14.88,15.68,396435.0,607411.695,0.12224299999999999
2023-05-16,15.6,15.85,15.31,15.34,224975.37,349070.983,0.06937299999999999
2023-05-17,15.27,15.42,15.12,15.17,171132.91,260858.556,0.052770000000000004
2023-05-18,15.2,15.24,14.92,14.96,224555.21,338109.996,0.069243
2023-05-19,14.91,14.98,14.58,14.58,221685.38,327111.285,0.068358
2023-05-22,14.56,14.65,14.48,14.64,116469.45,169732.675,0.035914
2023-05-23,14.64,14.74,14.52,14.52,145388.88,212789.712,0.044832000000000004
2023-05-24,14.47,14.66,14.41,14.51,122309.41,177966.397,0.037715
2023-05-25,14.5,15.0,14.44,14.95,353914.23,524511.873,0.10913199999999999
2023-05-26,14.8,14.89,14.55,14.72,237945.79,349850.345,0.073372
2023-05-29,14.75,14.75,14.32,14.37,198508.56,288528.307,0.061211
2023-05-30,14.31,14.65,14.26,14.62,161714.1,234551.648,0.049866
2023-05-31,14.52,14.66,14.49,14.57,120939.36,176157.815,0.037292
2023-06-01,14.53,14.73,14.43,14.57,149995.41,219284.564,0.046252
2023-06-02,14.67,14.86,14.58,14.78,193547.79,284967.787,0.059682000000000006
2023-06-05,14.73,14.84,14.56,14.58,163412.27,239884.31,0.050388999999999996
2023-06-06,14.46,14.55,14.07,14.08,209513.16,299860.013,0.064605
2023-06-07,14.05,14.63,14.05,14.28,177909.58,254922.835,0.05486
2023-06-08,14.24,14.98,14.17,14.63,326488.23,477010.392,0.10067500000000001
2023-06-09,14.58,14.68,14.42,14.58,186627.99,271222.084,0.057548
2023-06-12,14.5,14.51,14.31,14.4,119057.27,171544.557,0.036711999999999995
2023-06-13,14.4,15.16,14.37,14.94,413701.17,615965.438,0.127567
2023-06-14,14.94,15.17,14.74,14.82,309640.78,463134.147,0.09548
2023-06-15,14.84,15.29,14.75,15.1,391085.0,587543.345,0.120594
2023-06-16,15.07,15.14,14.86,15.03,232126.61,347593.182,0.071578
2023-06-19,14.96,14.98,14.83,14.86,170224.68,253369.126,0.052489999999999995
2023-06-20,14.8,14.92,14.67,14.68,164607.09,243106.738,0.050758
2023-06-21,14.64,14.78,14.26,14.29,186749.8,271473.308,0.057586000000000005
2023-06-26,14.11,14.22,14.06,14.09,110937.6,156703.134,0.034207999999999995
2023-06-27,14.13,14.25,14.12,14.2,89493.88,127025.331,0.027596
2023-06-28,14.15,14.19,13.61,13.88,139569.5,193915.822,0.043037
2023-06-29,13.71,13.97,13.71,13.8,83413.21,115459.374,0.025720999999999997
2023-06-30,13.88,14.47,13.88,14.26,226468.15,323149.85,0.06983299999999999
2023-07-03,14.12,14.39,14.1,14.3,140671.97,200698.152,0.043377
2023-07-04,14.28,14.34,14.15,14.23,95553.47,135961.85,0.029464999999999998
2023-07-05,14.23,14.24,14.04,14.06,94110.37,132872.346,0.02902
2023-07-06,14.0,14.12,13.95,13.99,76634.19,107356.273,0.023631000000000003
2023-07-07,13.93,14.19,13.93,14.04,91501.02,128676.674,0.028215
2023-07-10,14.06,14.14,13.97,14.0,72144.0,101378.206,0.022246000000000002
2023-07-11,13.97,14.1,13.94,14.1,68762.02,96436.257,0.021203
2023-07-12,14.1,14.21,13.93,13.95,105648.02,148705.239,0.032576999999999995
2023-07-13,14.04,14.3,14.0,14.2,154313.88,219239.444,0.047584
2023-07-14,14.19,14.22,14.08,14.14,95833.56,135581.69,0.029550999999999997
2023-07-17,14.12,14.12,13.93,14.01,76531.59,107070.911,0.023599000000000002
2023-07-18,14.02,14.53,13.97,14.25,183080.3,261191.206,0.056454000000000004
2023-07-19,14.13,14.58,14.11,14.48,225946.97,325059.034,0.069672
2023-07-20,14.5,14.54,14.21,14.28,149374.45,214291.094,0.046061
2023-07-21,14.25,14.37,14.21,14.3,94942.0,135753.072,0.029276
2023-07-24,14.23,14.57,14.1,14.36,118510.56,170320.09,0.036543
2023-07-25,15.5,15.8,15.1,15.62,815837.51,1265557.554,0.251569
2023-07-26,15.43,15.64,15.11,15.28,552312.77,848114.906,0.170309
2023-07-27,15.15,15.25,14.78,14.85,317162.88,475445.262,0.097799
2023-07-28,14.89,16.34,14.86,16.34,888116.09,1411090.249,0.273856
2023-07-31,17.54,17.97,17.18,17.18,1937310.95,3437849.539,0.597382
2023-08-01,16.87,17.68,16.46,16.93,1202470.29,2052592.651,0.370789
2023-08-02,16.98,17.8,16.87,17.28,857250.94,1485661.263,0.264339
2023-08-03,17.56,18.53,16.89,18.16,1128243.62,2003435.248,0.347901
2023-08-04,18.71,19.98,18.16,19.98,1755660.23,3440631.027,0.541369
2023-08-07,19.18,21.48,18.92,20.99,1689014.51,3389509.319,0.5208189999999999
2023-08-08,20.0,20.0,18.89,18.89,1072373.14,2066296.789,0.33067300000000005
2023-08-09,18.36,19.17,18.0,18.36,814349.0,1517651.673,0.25111
2023-08-10,18.68,20.14,18.68,19.79,1184156.07,2277573.816,0.365142
2023-08-11,19.03,19.08,18.09,18.12,846680.43,1568424.99,0.261079
2023-08-14,17.48,19.18,17.41,18.54,888302.41,1642960.058,0.273914
2023-08-15,18.23,19.71,18.14,19.38,897589.82,1681285.727,0.276778
2023-08-16,18.73,21.32,18.52,21.2,1692918.7,3481175.921,0.522022
2023-08-17,20.8,23.32,20.7,22.36,1886496.55,4235807.446,0.581713
2023-08-18,22.01,22.55,20.1,20.4,1426451.17,2969572.189,0.439855
2023-08-21,20.05,20.46,19.68,20.02,846473.81,1696154.532,0.261016
2023-08-22,19.73,22.02,19.21,21.75,1558307.99,3239544.818,0.480514
2023-08-23,21.11,22.47,20.92,21.49,1416443.49,3079531.44,0.43677
2023-08-24,21.7,21.99,20.21,20.25,1189934.33,2520491.43,0.366924
2023-08-25,20.01,21.76,20.01,20.95,948105.9,1996865.681,0.292355
2023-08-28,23.05,23.05,21.35,21.42,1458857.88,3274386.956,0.449848
2023-08-29,21.63,22.4,20.83,22.1,1177505.4,2552326.598,0.363091
2023-08-30,21.6,21.6,20.18,20.45,954222.86,1969384.564,0.294241
2023-08-31,20.2,20.58,19.33,19.33,725712.0,1431159.498,0.223778
2023-09-01,19.5,19.58,18.35,18.41,777661.18,1462998.958,0.239797
2023-09-04,18.4,18.54,18.09,18.28,467210.45,854557.619,0.144067
2023-09-05,18.13,18.6,18.04,18.41,504258.12,923596.867,0.155491
2023-09-06,18.2,18.46,18.05,18.17,386209.22,704462.116,0.11909
2023-09-07,18.11,19.12,18.11,18.71,780862.91,1452402.254,0.240784
2023-09-08,18.47,18.7,18.1,18.33,480738.6,881646.485,0.148239
2023-09-11,18.28,18.3,17.02,18.22,604697.33,1078231.776,0.18646200000000002
2023-09-12,18.05,18.3,17.86,17.88,328496.82,591904.363,0.10129400000000001
2023-09-13,17.85,17.95,17.37,17.48,276240.72,485301.288,0.085181
2023-09-14,17.44,17.59,17.17,17.25,216622.65,375706.502,0.06679700000000001
2023-09-15,17.4,17.57,17.15,17.26,277367.82,480785.863,0.08552799999999999
2023-09-18,17.1,17.29,16.98,17.03,213488.29,365421.25,0.06583
2023-09-19,17.0,17.29,16.93,16.97,250608.06,429063.84,0.077277
2023-09-20,16.93,17.25,16.91,16.98,232326.36,397151.587,0.071639
2023-09-21,16.89,17.2,16.82,16.87,196063.16,332666.642,0.060457000000000004
2023-09-22,17.0,18.18,16.87,17.93,744926.12,1316287.461,0.22970300000000002
2023-09-25,17.48,17.67,17.3,17.35,397103.97,694161.912,0.12244999999999999
2023-09-26,17.38,17.87,17.31,17.5,330706.47,582498.626,0.101975
2023-09-27,17.52,17.64,17.22,17.27,288459.28,501879.624,0.088948
2023-09-28,17.45,17.61,17.07,17.18,268452.29,463801.885,0.082779
2023-10-09,16.89,16.94,16.44,16.55,313491.67,519234.816,0.096667
2023-10-10,16.63,16.73,16.42,16.5,185364.87,306286.941,0.057158
2023-10-11,16.51,16.6,16.32,16.4,182978.84,300533.047,0.056422999999999994
2023-10-12,16.86,16.98,16.25,16.49,290111.64,479362.167,0.089458
2023-10-13,16.06,16.33,15.96,16.18,221501.87,358275.106,0.068302
2023-10-16,16.08,16.62,16.06,16.27,243832.38,398227.429,0.075187
2023-10-17,16.27,17.08,16.14,16.71,547637.38,918283.037,0.16886800000000002
2023-10-18,16.45,17.28,16.4,16.91,512733.71,870488.581,0.158105
2023-10-19,16.85,17.65,16.8,17.03,568473.16,980406.093,0.175292
2023-10-20,16.95,17.39,16.87,17.21,461226.52,790495.138,0.14222200000000002
2023-10-23,17.01,17.03,16.31,16.76,371338.0,622635.754,0.114504
2023-10-24,16.86,17.87,16.81,17.57,672445.52,1166401.325,0.20735299999999998
2023-10-25,17.67,17.7,17.0,17.05,528445.0,912314.411,0.16294899999999998
2023-10-26,16.9,17.16,16.78,16.98,312342.74,528964.024,0.096313
2023-10-27,16.81,16.89,16.52,16.84,265591.64,444139.538,0.081897
2023-10-30,16.76,17.39,16.7,17.26,341034.99,583684.463,0.10516
2023-10-31,17.19,17.39,16.98,17.11,236311.58,404687.738,0.072868
2023-11-01,17.27,17.38,17.0,17.2,211415.36,363226.273,0.065191
2023-11-02,17.05,17.23,16.66,16.68,241317.3,409343.402,0.074412
2023-11-03,16.67,16.97,16.46,16.67,236979.68,396212.972,0.073074
2023-11-06,17.12,17.72,16.98,17.57,628580.84,1088368.992,0.193827
2023-11-07,17.45,19.32,17.35,18.5,873597.64,1609326.44,0.269379
2023-11-08,18.43,18.92,18.33,18.53,582030.32,1081213.394,0.179473
2023-11-09,18.4,19.31,18.39,18.87,580009.27,1099675.242,0.17885
2023-11-10,18.5,19.0,18.44,18.73,452569.72,846013.008,0.13955299999999998
2023-11-13,18.5,18.55,17.98,18.14,354511.38,644975.877,0.109316
2023-11-14,18.05,19.41,17.95,18.85,608178.91,1137970.22,0.18753599999999998
2023-11-15,19.16,20.74,19.12,19.93,1063548.62,2154330.473,0.327952
2023-11-16,19.79,20.59,19.61,19.79,738814.89,1481385.833,0.227818
2023-11-17,19.6,20.01,19.41,19.7,446652.58,878832.784,0.137728
2023-11-20,19.51,20.11,19.06,19.95,533673.77,1056333.274,0.16456199999999999
2023-11-21,20.1,20.48,19.48,19.54,512246.29,1020834.594,0.157954
2023-11-22,19.3,19.69,18.9,18.94,421278.31,809970.017,0.129904
2023-11-23,19.03,19.09,18.63,18.9,259655.9,489446.471,0.080067
2023-11-24,18.85,18.89,18.5,18.69,236045.89,440873.101,0.072786
2023-11-27,18.69,18.87,18.34,18.61,238790.03,443470.315,0.073632
2023-11-28,18.6,19.18,18.6,18.89,323633.54,611756.795,0.099794
2023-11-29,18.7,18.79,18.41,18.41,244256.87,453039.068,0.075318
2023-11-30,18.41,19.78,18.41,19.55,642193.76,1242875.632,0.19802499999999998
2023-12-01,19.35,19.79,19.29,19.6,446698.47,873421.028,0.137742
2023-12-04,19.48,19.69,19.18,19.5,289327.67,563545.384,0.089216
2023-12-05,19.4,21.19,19.2,20.16,771671.39,1553903.308,0.23795000000000002
2023-12-06,20.05,20.72,19.73,19.75,554437.13,1112219.64,0.170964
2023-12-07,19.7,20.89,19.5,20.43,690470.36,1405674.429,0.212911
2023-12-08,20.19,21.18,20.17,20.3,692867.5,1432737.343,0.21364999999999998
2023-12-11,20.3,22.29,19.7,21.59,791302.19,1663694.602,0.24400300000000003
2023-12-12,21.27,21.67,20.91,21.1,482457.38,1025203.825,0.14876899999999998
2023-12-13,21.0,21.46,20.86,21.1,363589.74,769959.236,0.11211499999999999
2023-12-14,21.2,21.25,20.56,20.58,334409.48,696063.386,0.103117
2023-12-15,20.55,21.47,20.35,20.96,405525.03,852454.971,0.125046
2023-12-18,20.99,21.45,20.8,21.2,285495.95,602575.153,0.088035
2023-12-19,21.03,21.4,19.08,19.34,684537.92,1375679.802,0.211082
2023-12-20,19.22,19.41,18.46,18.61,474761.44,893711.68,0.146396
2023-12-21,18.61,18.79,17.9,18.12,406057.76,742939.447,0.12521100000000002
2023-12-22,18.02,18.15,17.75,17.9,237408.65,425875.636,0.073206
2023-12-25,17.52,17.72,17.21,17.25,250556.22,435800.985,0.077261
2023-12-26,17.24,17.79,17.22,17.48,300145.26,526120.692,0.09255200000000001
2023-12-27,17.4,18.4,17.38,17.94,415776.06,746282.596,0.12820700000000002
2023-12-28,17.67,18.5,17.62,18.26,405084.24,737561.395,0.12491
2023-12-29,18.04,18.19,17.85,17.99,293717.3,528512.36,0.09057
2024-01-02,17.88,17.97,17.57,17.63,185961.64,329362.65,0.057342000000000004
2024-01-03,17.51,17.78,17.44,17.59,155591.63,273845.254,0.04797799999999999
2024-01-04,17.5,17.64,17.13,17.39,165634.25,286648.358,0.051074
2024-01-05,17.31,17.58,16.96,17.01,226395.81,388982.772,0.069811
2024-01-08,16.92,17.03,16.79,16.82,135004.85,227747.537,0.04163
2024-01-09,16.8,16.98,16.29,16.45,218363.37,361560.168,0.06733399999999999
2024-01-10,16.36,16.51,16.17,16.27,137805.54,225237.673,0.042492999999999996
2024-01-11,16.23,16.78,16.19,16.75,211266.34,350484.832,0.065145
2024-01-12,16.56,16.99,16.54,16.58,164595.81,275441.458,0.050754
2024-01-15,16.45,16.75,16.28,16.51,132248.97,217706.72,0.040780000000000004
2024-01-16,16.41,16.96,16.4,16.84,265202.26,442615.307,0.081777
2024-01-17,16.66,16.66,16.3,16.3,171632.56,283091.144,0.052924
2024-01-18,16.35,17.49,16.26,17.36,497633.13,838793.712,0.153448
2024-01-19,17.03,17.23,16.87,17.07,276411.26,470968.199,0.085233
2024-01-22,16.93,17.98,16.91,17.3,514076.21,898926.086,0.158519
2024-01-23,17.16,18.35,17.14,18.06,583974.19,1046391.238,0.180072
2024-01-24,17.9,19.81,17.4,18.93,807252.08,1490072.368,0.248921
2024-01-25,18.5,18.89,18.19,18.37,614178.68,1136237.838,0.189386
2024-01-26,18.05,18.28,17.48,17.74,502717.19,894820.898,0.155016
2024-01-29,17.86,18.06,15.97,15.97,508499.26,866582.764,0.156799
2024-01-30,15.01,15.9,14.97,15.05,511334.79,783791.644,0.157673
2024-01-31,15.0,15.85,14.93,15.22,400162.71,616333.611,0.123393
2024-02-01,15.17,15.87,15.1,15.34,373963.78,580002.323,0.054071999999999995
2024-02-02,15.28,15.34,13.87,14.3,533503.36,769746.136,0.07714
2024-02-05,14.09,14.15,13.35,13.43,382751.77,525413.332,0.055343
2024-02-06,13.21,14.27,13.15,14.1,388703.86,536011.503,0.056204000000000004
2024-02-07,13.92,14.26,13.61,13.86,374224.04,523140.421,0.05411
2024-02-08,14.0,14.43,13.97,14.41,381567.16,543925.452,0.055172
2024-02-19,14.33,14.41,13.59,14.41,329299.4,466041.802,0.047614000000000004
2024-02-20,14.31,15.39,14.18,15.15,556947.24,824742.937,0.08053
2024-02-21,14.75,15.86,14.69,15.2,602986.05,923767.037,0.087187
2024-02-22,15.0,15.67,14.94,15.55,445028.46,684528.298,0.064348
2024-02-23,15.57,15.9,15.44,15.66,432153.29,676984.699,0.062486
2024-02-26,15.53,15.89,15.46,15.6,336457.73,526094.534,0.048649
2024-02-27,15.58,16.22,15.58,16.22,390621.47,619813.445,0.056481
2024-02-28,16.53,17.83,16.22,16.33,866475.22,1475297.871,0.125286
2024-02-29,16.03,16.84,16.03,16.84,564410.05,928386.377,0.081609
2024-03-01,16.75,17.03,16.54,16.85,422884.14,709104.645,0.061146000000000006
2024-03-04,16.7,16.81,16.27,16.61,304708.71,504380.927,0.044059
2024-03-05,16.48,16.72,16.21,16.32,274639.52,452644.269,0.039710999999999996
2024-03-06,16.32,16.68,16.15,16.51,292170.31,480297.354,0.042246
2024-03-07,16.33,16.45,15.92,15.99,319423.64,516395.321,0.046186
2024-03-08,15.99,16.08,15.81,16.0,161246.07,257363.316,0.023315000000000002
2024-03-11,16.07,16.34,16.03,16.31,209604.59,339946.092,0.030307
2024-03-12,16.54,16.6,16.19,16.31,268971.64,440015.198,0.038891
2024-03-13,16.3,16.31,16.05,16.12,201443.08,325245.708,0.029127
2024-03-14,16.05,16.2,15.85,16.01,175389.97,281163.086,0.02536
2024-03-15,16.01,16.15,15.78,16.15,195163.92,312038.338,0.028218999999999998
2024-03-18,16.22,16.86,16.22,16.67,463137.06,767670.117,0.066966
2024-03-19,16.57,16.57,16.09,16.11,294320.94,480994.457,0.042557
2024-03-20,16.1,16.2,15.96,16.14,213687.37,343788.871,0.030898
2024-03-21,16.14,16.46,16.11,16.28,289206.83,470851.086,0.041817
2024-03-22,16.24,16.31,15.99,16.08,226377.4,364719.99,0.032732000000000004
2024-03-25,15.79,15.79,15.35,15.35,262953.14,409330.852,0.038021
2024-03-26,15.38,15.47,15.16,15.25,153746.43,234758.705,0.022231
2024-03-27,15.41,15.66,15.0,15.0,262429.21,404848.837,0.037945
2024-03-28,14.92,15.28,14.86,15.17,234735.01,353781.041,0.033941
2024-03-29,15.03,15.18,14.79,15.16,178930.75,268185.962,0.025872000000000003
2024-04-01,15.44,15.48,15.15,15.25,183879.05,280798.168,0.026587
2024-04-02,15.2,15.33,15.06,15.1,140681.17,213454.898,0.020341
2024-04-03,15.03,15.12,14.85,14.87,115869.24,173274.242,0.016754
2024-04-08,14.74,15.26,14.62,14.8,227766.88,341354.882,0.032933
2024-04-09,14.79,14.89,14.69,14.84,173981.23,257297.597,0.025156
2024-04-10,14.87,14.89,14.36,14.43,158168.95,229895.765,0.022869999999999998
2024-04-11,14.34,14.58,14.26,14.35,156135.89,225031.363,0.022576
2024-04-12,14.3,14.38,14.08,14.11,130007.74,184686.803,0.018798
2024-04-15,14.4,15.35,14.15,14.96,582759.75,863685.758,0.08426299999999999
2024-04-16,14.61,15.16,14.27,14.38,371554.36,549814.313,0.053724
2024-04-17,14.34,14.74,14.21,14.66,284641.98,413762.947,0.041157000000000006
2024-04-18,14.55,15.07,14.41,14.75,329674.18,486603.814,0.047668
2024-04-19,14.6,14.93,14.55,14.69,197501.71,291330.972,0.028557000000000003
2024-04-22,14.61,14.95,14.55,14.64,182133.56,268243.405,0.026335
2024-04-23,14.77,14.82,14.48,14.57,142516.04,208403.911,0.020607
2024-04-24,14.58,14.66,14.05,14.34,233604.46,335850.34,0.033777
2024-04-25,14.32,14.54,14.21,14.36,153652.7,220915.036,0.022216999999999997
2024-04-26,14.96,15.78,14.6,15.59,773807.48,1175694.646,0.11188700000000001
2024-04-29,15.46,16.05,15.21,15.66,799859.33,1249625.649,0.115653
2024-04-30,15.5,16.05,15.47,15.72,600225.4,948965.72,0.086788
2024-05-06,16.03,16.08,15.59,15.67,416081.28,657274.144,0.06016200000000001
2024-05-07,15.6,15.84,15.5,15.67,309126.03,483983.151,0.044696999999999994
2024-05-08,15.53,15.58,15.3,15.31,233472.81,359449.33,0.033757999999999996
2024-05-09,15.46,16.46,15.36,15.96,611286.45,971440.265,0.088387
2024-05-10,15.88,16.01,15.7,15.9,365297.35,578498.635,0.052819000000000005
2024-05-13,15.78,16.03,15.51,15.97,372052.55,589272.527,0.053796
2024-05-14,15.9,16.37,15.71,16.34,447687.85,716813.798,0.064732
2024-05-15,16.45,16.5,15.34,15.37,490466.84,774291.821,0.070918
2024-05-16,15.4,15.54,15.1,15.22,308900.44,472676.98,0.044664999999999996
2024-05-17,15.15,15.52,14.9,15.48,360509.1,547309.257,0.052127
2024-05-20,15.33,15.61,15.28,15.37,237539.21,366787.978,0.034346
2024-05-21,15.31,15.37,15.14,15.24,147487.6,224897.954,0.021326
2024-05-22,15.22,15.38,15.18,15.29,131137.63,200529.58,0.018961
2024-05-23,15.24,15.25,14.82,14.85,209307.6,314478.686,0.030264000000000003
2024-05-24,14.8,14.92,14.64,14.67,145282.88,214554.278,0.021006999999999998
2024-05-27,14.7,14.9,14.56,14.87,126223.5,185617.193,0.018251
2024-05-28,14.8,14.86,14.6,14.61,110506.88,162528.114,0.015978000000000003
2024-05-29,14.6,14.72,14.54,14.65,106371.2,155572.351,0.01538
2024-05-30,14.6,14.79,14.5,14.74,159669.52,234050.008,0.023087
2024-05-31,14.74,14.81,14.68,14.75,119629.0,176211.133,0.017297
2024-06-03,14.74,14.98,14.66,14.88,227864.65,339465.282,0.032947000000000004
2024-06-04,14.85,15.17,14.84,15.15,242642.19,366070.0,0.035084
2024-06-05,15.08,15.17,14.92,15.08,164878.08,248409.118,0.02384
2024-06-06,15.08,15.21,14.86,14.89,196613.99,295024.89,0.028429000000000003
2024-06-07,14.89,14.99,13.77,14.48,282700.97,409475.158,0.040876
2024-06-11,14.27,14.68,14.26,14.65,159934.09,232048.144,0.023125
2024-06-12,14.6,15.28,14.6,15.16,280192.96,422659.791,0.040514
2024-06-13,15.15,15.53,15.11,15.36,333143.93,512839.843,0.048170000000000004
2024-06-14,15.23,16.06,15.23,15.4,873548.99,1369671.266,0.126308
2024-06-17,15.13,15.51,14.78,15.45,295747.07,451435.107,0.042763
2024-06-18,15.41,15.54,15.28,15.41,222707.44,342983.049,0.032202
2024-06-19,15.42,15.49,15.03,15.06,158833.0,241514.185,0.022966
2024-06-20,15.0,15.13,14.71,14.74,151928.42,226403.548,0.021968
2024-06-21,14.83,14.92,14.67,14.76,117055.76,173055.366,0.016925
2024-06-24,14.6,14.96,14.55,14.6,165100.7,244458.093,0.023872
2024-06-25,14.6,14.68,14.28,14.44,141133.99,203718.986,0.020407
2024-06-26,14.38,14.68,14.35,14.66,119406.63,173822.322,0.017265
2024-06-27,14.55,14.79,14.4,14.4,112018.33,163025.635,0.016197
2024-06-28,14.41,14.59,14.09,14.21,148245.98,212893.797,0.021435
2024-07-01,14.13,14.28,13.91,14.26,111222.57,156918.019,0.016082
2024-07-02,14.25,14.36,14.11,14.13,91780.0,130518.672,0.013271
2024-07-03,14.14,14.22,14.05,14.13,74339.0,105097.874,0.010749
2024-07-04,14.12,14.22,13.98,13.98,120134.0,169336.942,0.01737
2024-07-05,13.98,14.24,13.88,14.07,102701.73,144541.369,0.01485
2024-07-08,14.0,14.0,13.6,13.66,101833.69,140268.062,0.014724
2024-07-09,13.73,13.96,13.46,13.96,134922.83,185690.871,0.019509000000000002
2024-07-10,13.82,14.06,13.8,13.82,88226.4,122666.924,0.012757000000000001
2024-07-11,13.97,14.05,13.8,13.99,119923.07,167239.338,0.01734
2024-07-12,13.93,14.04,13.85,13.9,79930.16,111335.094,0.011557
2024-07-15,13.87,13.93,13.67,13.72,84391.21,116336.462,0.012202
2024-07-16,13.73,13.86,13.65,13.74,69411.5,95473.081,0.010036
2024-07-17,13.76,13.79,13.68,13.74,78197.83,107481.356,0.011307000000000001
2024-07-18,13.66,13.79,13.46,13.75,100750.83,137214.178,0.014568000000000001
2024-07-19,13.7,14.28,13.66,14.06,184627.18,258831.606,0.026696
2024-07-22,14.28,14.35,13.93,14.11,174877.0,247026.953,0.025286
2024-07-23,14.04,14.15,13.64,13.66,128428.0,178393.537,0.01857
2024-07-24,13.56,13.69,13.21,13.25,133536.26,179020.968,0.019308000000000002
2024-07-25,13.23,13.51,13.21,13.43,118379.0,158716.203,0.017117
2024-07-26,13.41,13.94,13.41,13.72,134087.58,184247.674,0.019388000000000002
2024-07-29,13.66,13.69,13.43,13.45,93884.57,127131.532,0.013574999999999999
2024-07-30,13.42,13.57,13.36,13.46,71965.0,96927.356,0.010406
2024-07-31,13.46,14.81,13.45,14.76,549158.9,794341.261,0.079404
2024-08-01,14.55,14.72,14.35,14.4,369705.98,536400.22,0.053457
2024-08-02,14.53,14.55,13.91,13.97,223572.98,316464.394,0.032327
2024-08-05,13.93,14.14,13.68,13.72,214206.98,297968.187,0.030973
2024-08-06,14.03,14.09,13.6,13.85,188987.0,260684.563,0.027326000000000003
2024-08-07,13.75,13.99,13.68,13.8,125798.0,173674.453,0.018189
2024-08-08,13.88,14.02,13.72,13.8,214209.0,296685.438,0.030973
2024-08-09,13.9,13.96,13.52,13.55,179327.25,245529.299,0.025929
2024-08-12,13.44,13.59,13.35,13.51,109494.45,147521.779,0.015832
2024-08-13,13.56,13.75,13.48,13.7,126348.88,171969.522,0.018269
2024-08-14,13.63,13.8,13.6,13.62,116780.67,159994.049,0.016886
2024-08-15,13.54,13.97,13.54,13.75,174804.0,241091.753,0.025275
2024-08-16,13.7,13.79,13.57,13.63,93534.0,127834.496,0.013524000000000001
2024-08-19,13.56,13.69,13.54,13.58,71054.0,96676.4,0.010274
2024-08-20,13.63,13.63,13.3,13.34,98492.0,132127.261,0.014240999999999998
2024-08-21,13.3,13.3,13.05,13.13,80365.86,105646.252,0.011619999999999998
2024-08-22,13.22,13.26,12.3,12.36,265214.86,334536.235,0.038348
2024-08-23,12.31,12.42,11.98,11.99,190553.6,232552.939,0.027553
2024-08-26,12.0,12.32,11.91,12.19,135978.11,164355.365,0.019660999999999998
2024-08-27,12.09,12.17,12.0,12.01,82193.4,99251.897,0.011885
2024-08-28,12.17,12.8,12.09,12.38,219758.59,273180.917,0.031775000000000005
2024-08-29,12.28,12.6,12.28,12.46,184105.76,229467.785,0.026619999999999998
2024-08-30,12.48,13.1,12.42,12.8,255285.58,327972.034,0.036912
2024-09-02,12.7,12.79,12.28,12.31,144174.0,180251.403,0.020846
2024-09-03,12.33,12.51,12.3,12.45,83919.0,104096.716,0.012134
2024-09-04,12.36,12.58,12.33,12.44,84389.0,105194.578,0.012202
2024-09-05,12.44,12.54,12.42,12.48,75349.75,93966.985,0.010894999999999998
2024-09-06,12.78,12.9,12.41,12.45,215321.51,272011.048,0.031134
2024-09-09,12.21,12.63,12.18,12.54,142942.76,178462.941,0.020668000000000002
2024-09-10,12.5,12.57,12.21,12.44,100261.0,124013.581,0.014497
2024-09-11,12.38,12.56,12.35,12.45,72626.75,90359.985,0.010501
2024-09-12,12.45,12.56,12.39,12.39,80307.34,100150.979,0.011612
2024-09-13,12.4,12.54,12.27,12.31,83301.0,103352.815,0.012044999999999998
2024-09-18,12.27,12.4,12.12,12.32,83342.18,102116.404,0.012051000000000001
2024-09-19,12.39,12.73,12.27,12.56,151700.25,190292.061,0.021934999999999996
2024-09-20,12.51,12.7,12.41,12.7,121654.2,152472.745,0.017589999999999998
2024-09-23,12.7,12.71,12.5,12.57,112429.0,141305.059,0.016256
2024-09-24,12.75,13.5,12.55,13.46,475386.8,625204.787,0.068737
2024-09-25,13.64,14.09,13.57,13.59,565145.74,782225.478,0.081716
2024-09-26,13.59,14.46,13.46,14.35,522021.99,729005.929,0.07548
2024-09-27,14.9,15.53,14.6,15.5,512024.84,770157.622,0.074035
2024-09-30,17.04,17.05,16.13,17.05,898980.99,1512259.318,0.129986
2024-10-08,18.76,18.76,17.39,18.76,894633.03,1661884.914,0.129357
2024-10-09,17.81,18.49,16.88,16.88,979597.11,1717677.348,0.141642
2024-10-10,16.9,17.15,15.42,15.75,635517.91,1014561.645,0.091891
2024-10-11,15.49,16.14,15.36,15.62,474095.16,744031.046,0.06855
2024-10-14,16.31,16.31,14.91,15.7,489993.54,759231.232,0.070849
2024-10-15,15.41,15.69,15.06,15.1,360208.91,555299.782,0.052083000000000004
2024-10-16,14.9,15.48,14.85,15.11,317091.16,479827.629,0.045849
2024-10-17,15.26,15.38,14.87,14.88,271820.87,410354.905,0.039303
2024-10-18,14.8,16.12,14.77,15.48,567558.84,874683.467,0.082065
2024-10-21,15.28,15.41,15.08,15.17,429520.5,654376.863,0.062104999999999994
2024-10-22,15.17,15.48,15.11,15.42,292040.31,446562.885,0.042226999999999994
2024-10-23,15.44,15.67,15.26,15.36,333141.83,515283.153,0.048170000000000004
2024-10-24,15.29,15.69,15.24,15.51,361976.6,559449.768,0.052339000000000004
2024-10-25,15.41,15.78,15.31,15.6,358217.88,557443.342,0.051795999999999995
2024-10-28,15.55,15.67,15.41,15.64,272820.88,425157.373,0.039448
2024-10-29,15.65,15.88,15.18,15.21,350323.64,542545.622,0.050654000000000005
2024-10-30,15.15,15.37,14.97,15.16,247389.87,374780.951,0.035771000000000004
2024-10-31,14.99,15.68,14.88,15.31,415004.17,637760.1,0.060006000000000004
2024-11-01,15.31,15.37,14.9,14.94,333599.09,504801.442,0.048236
2024-11-04,15.1,16.1,15.03,16.05,710283.77,1114163.553,0.10270200000000002
2024-11-05,16.0,16.66,15.71,16.55,882414.85,1438954.257,0.12759
2024-11-06,16.65,17.1,16.26,16.48,804028.88,1338107.525,0.116256
2024-11-07,16.28,17.53,16.18,17.4,830503.91,1400792.661,0.120084
2024-11-08,17.6,17.68,16.67,16.69,646872.45,1100264.002,0.093533
2024-11-11,16.49,17.21,16.36,17.05,478175.03,809076.356,0.06914
2024-11-12,17.0,17.19,16.33,16.54,414946.98,696341.607,0.059997999999999996
2024-11-13,16.43,16.97,16.41,16.74,386498.16,644597.59,0.055885
2024-11-14,16.64,16.87,16.21,16.29,319349.94,528619.017,0.046176
2024-11-15,16.28,16.38,15.57,15.58,317821.05,507515.622,0.045953999999999995
2024-11-18,15.55,15.7,15.07,15.19,265405.0,408318.995,0.038376
2024-11-19,15.3,15.65,15.23,15.56,233205.12,359636.008,0.03372
2024-11-20,15.5,15.59,15.37,15.47,198049.44,306413.8,0.028635999999999998
2024-11-21,15.48,15.57,15.31,15.44,228474.38,352761.432,0.033035999999999996
2024-11-22,15.44,15.45,14.68,14.71,274518.65,413564.205,0.039693
2024-11-25,14.75,14.8,14.45,14.71,206263.01,301593.051,0.029824000000000003
2024-11-26,14.64,14.98,14.61,14.67,202527.0,299156.562,0.029283999999999998
2024-11-27,14.7,15.04,14.6,15.02,265212.74,393138.973,0.038348
2024-11-28,15.02,15.09,14.84,14.87,187500.18,279898.399,0.027111
2024-11-29,14.87,15.5,14.8,15.19,328697.93,498351.482,0.047527
2024-12-02,15.11,15.45,14.99,15.39,274884.87,421056.232,0.039746000000000004
2024-12-03,15.34,15.48,15.18,15.37,199728.61,306086.266,0.028879000000000002
2024-12-04,15.37,15.45,15.04,15.15,183262.0,279904.994,0.026498
2024-12-05,15.05,15.44,15.05,15.38,187389.65,287225.255,0.027094999999999998
2024-12-06,15.35,15.66,15.23,15.48,289937.62,449167.396,0.041923
2024-12-09,15.44,15.55,15.18,15.36,174033.01,267217.112,0.025164
2024-12-10,16.1,16.13,15.54,15.6,492496.9,779774.877,0.071211
2024-12-11,15.65,16.11,15.53,15.96,366752.49,581262.676,0.05303
2024-12-12,16.0,16.68,15.91,16.36,588295.94,958964.908,0.085063
2024-12-13,16.17,16.24,15.69,15.73,400911.54,637391.908,0.057969
2024-12-16,15.63,15.73,15.35,15.46,213025.14,329306.923,0.030802
2024-12-17,15.33,15.51,15.27,15.32,206879.0,318011.227,0.029913
2024-12-18,15.35,15.41,15.14,15.27,164200.0,250788.303,0.023742
2024-12-19,15.05,15.3,14.99,15.26,147487.85,223632.218,0.021326
2024-12-20,15.27,15.47,15.23,15.33,156953.57,240890.996,0.022694000000000002
2024-12-23,15.2,15.33,14.9,14.93,196975.91,297209.47,0.028481
2024-12-24,14.99,15.2,14.95,15.19,149118.9,225282.409,0.021561
2024-12-25,15.21,16.08,15.21,15.72,665200.22,1048034.866,0.09618299999999999
2024-12-26,15.71,16.24,15.61,16.11,573800.86,919283.61,0.082967
2024-12-27,15.99,16.37,15.91,16.06,504409.0,812380.687,0.072934
2024-12-30,15.95,16.19,15.91,16.03,309823.05,496861.324,0.044798
2024-12-31,16.03,16.03,14.97,14.98,419386.31,646966.065,0.06064
2025-01-02,14.87,14.98,14.12,14.27,416006.98,607102.95,0.060151
2025-01-03,14.3,14.37,13.8,13.85,288922.0,404433.246,0.041776
2025-01-06,13.76,14.26,13.7,14.05,212888.87,296284.931,0.030781999999999997
2025-01-07,14.05,14.12,13.81,14.08,185917.75,260016.851,0.026882000000000003
2025-01-08,14.0,14.08,13.57,13.91,204631.62,282694.242,0.029588
2025-01-09,13.88,13.97,13.73,13.76,132710.89,183716.17,0.019189
2025-01-10,13.73,13.84,13.41,13.41,149918.17,204119.681,0.021677
2025-01-13,13.24,13.54,13.21,13.46,127877.58,171362.558,0.01849
2025-01-14,13.44,13.93,13.44,13.9,256499.26,352642.543,0.037088
2025-01-15,13.86,13.88,13.67,13.72,130947.28,179948.418,0.018934
2025-01-16,13.8,13.94,13.55,13.66,157468.17,216355.482,0.022768999999999998
2025-01-17,13.6,13.74,13.57,13.63,122636.92,167520.422,0.017732
2025-01-20,13.74,13.84,13.62,13.67,137621.0,189063.131,0.019899
2025-01-21,13.78,13.8,13.53,13.68,106881.0,145796.332,0.015454
2025-01-22,13.59,13.69,13.54,13.65,100010.0,136000.841,0.014461
2025-01-23,13.89,14.12,13.65,13.65,236066.32,327748.016,0.034133
2025-01-24,13.65,13.77,13.61,13.74,153315.84,209963.352,0.022168
2025-01-27,13.82,13.84,13.25,13.27,184720.88,249543.268,0.026709
2025-02-05,13.37,13.44,13.27,13.38,126180.14,168564.726,0.018245
2025-02-06,13.35,13.92,13.32,13.84,270112.88,370070.849,0.039056
2025-02-07,13.77,14.3,13.75,14.03,327665.5,459042.784,0.047378
2025-02-10,13.98,14.1,13.96,14.06,180891.0,253887.262,0.026154999999999998
2025-02-11,14.05,14.06,13.81,13.92,145665.0,202470.778,0.021061999999999997
2025-02-12,13.86,14.12,13.84,14.12,175992.58,245908.338,0.025447
2025-02-13,14.12,14.23,13.91,13.96,229737.0,322438.533,0.033218
2025-02-14,13.96,14.11,13.91,14.02,144721.89,202753.658,0.020926
2025-02-17,15.0,15.42,14.72,15.04,1237003.47,1882188.007,0.178861
2025-02-18,14.55,16.16,14.55,15.3,1083578.41,1650880.537,0.156677
2025-02-19,15.17,16.83,15.17,16.35,1376698.1,2221903.335,0.19906
2025-02-20,16.04,16.93,15.89,16.57,1139324.06,1880642.206,0.16473700000000002
2025-02-21,16.6,16.99,16.16,16.44,1037613.62,1707851.157,0.150031
2025-02-24,16.2,16.53,15.79,16.0,682515.84,1098070.644,0.09868700000000001
2025-02-25,15.8,16.42,15.74,15.83,580030.11,931290.146,0.083868
2025-02-26,16.0,16.92,15.68,16.73,932843.9,1514829.16,0.134882
2025-02-27,16.29,16.68,16.0,16.44,885089.56,1443939.385,0.127977
2025-02-28,16.34,17.2,15.8,15.8,814968.24,1339009.933,0.117838
2025-03-03,16.05,16.58,15.79,16.0,621296.69,1004933.367,0.089835
2025-03-04,15.78,16.24,15.78,15.97,405372.12,649532.692,0.058614
2025-03-05,15.88,16.08,15.75,15.89,407929.42,647525.844,0.058983
2025-03-06,15.96,17.1,15.84,16.73,1022997.64,1694486.504,0.147918
2025-03-07,16.48,16.85,16.23,16.36,614999.38,1011208.853,0.088924
2025-03-10,16.22,16.35,16.02,16.13,329170.58,530723.416,0.047596
2025-03-11,15.98,16.49,15.95,16.22,472473.23,768188.14,0.068316
2025-03-12,16.27,16.95,16.24,16.54,820986.75,1364657.697,0.118708
2025-03-13,16.36,17.39,16.36,16.78,843409.77,1423852.758,0.121951
2025-03-14,16.95,18.46,16.8,18.46,1300992.35,2344712.248,0.188113
2025-03-17,18.46,18.46,17.64,17.67,1264990.41,2264859.836,0.18290800000000002
2025-03-18,17.8,18.45,17.72,17.87,990279.22,1782133.141,0.143187
2025-03-19,17.92,18.38,17.7,18.18,893990.69,1612472.635,0.129264
2025-03-20,17.95,18.02,17.56,17.65,644020.17,1141832.041,0.09312
2025-03-21,17.52,18.07,17.37,17.49,662623.0,1172687.311,0.09580999999999999
2025-03-24,17.4,17.69,17.08,17.37,505619.11,873068.018,0.07310900000000001
2025-03-25,17.3,17.3,16.6,16.75,513794.34,865063.746,0.074291
2025-03-26,16.6,16.87,16.6,16.61,334184.7,558793.703,0.048320999999999996
2025-03-27,16.56,16.98,16.35,16.66,372354.07,621207.899,0.053840000000000006
2025-03-28,16.62,16.99,16.57,16.74,353616.54,592408.46,0.05113
2025-03-31,16.65,16.74,16.08,16.2,401017.77,653953.747,0.057984
2025-04-01,16.3,16.39,15.88,16.0,316927.0,509315.291,0.045825
2025-04-02,15.93,16.12,15.88,15.97,212625.0,339877.981,0.030743999999999997
2025-04-03,15.78,16.08,15.76,15.91,203673.24,324298.676,0.029449999999999997
2025-04-07,14.9,15.17,14.32,14.32,477801.27,691611.523,0.069086
2025-04-08,14.56,14.65,14.03,14.31,399380.19,570720.699,0.057747
2025-04-09,14.0,14.65,13.71,14.5,457257.55,653402.497,0.06611600000000001
2025-04-10,14.8,14.99,14.59,14.67,381098.69,563474.727,0.055104
2025-04-11,14.79,15.27,14.62,15.05,461992.78,693067.073,0.066801
2025-04-14,15.06,15.11,14.88,14.95,284781.47,426090.835,0.041177
2025-04-15,14.92,14.95,14.79,14.91,184752.0,274357.388,0.026714
2025-04-16,14.92,14.92,14.55,14.75,204942.0,301349.604,0.029633
2025-04-17,14.65,14.88,14.64,14.73,153121.24,226046.962,0.02214
2025-04-18,14.67,14.91,14.65,14.82,177761.0,262841.302,0.025703
2025-04-21,14.7,14.9,14.59,14.88,158597.25,235009.25,0.022932
2025-04-22,14.85,14.95,14.78,14.85,163458.7,242717.626,0.023635000000000003
2025-04-23,14.88,15.06,14.76,14.83,165713.0,246137.269,0.023961
2025-04-24,14.97,15.43,14.97,15.07,553907.61,841117.552,0.080091
2025-04-25,14.85,15.1,14.78,14.94,333753.51,498409.719,0.048258
2025-04-28,14.85,14.88,14.6,14.66,223693.0,329034.196,0.032344
2025-04-29,14.66,14.77,14.56,14.69,126659.58,185941.552,0.018314
2025-04-30,14.73,14.8,14.53,14.55,218014.6,319299.798,0.031522999999999995
2025-05-06,14.62,14.99,14.6,14.99,321343.0,476962.189,0.046464
2025-05-07,15.62,15.7,14.95,15.05,424484.2,646245.406,0.061376999999999994
2025-05-08,14.96,15.22,14.92,15.13,247242.0,373483.168,0.035749
2025-05-09,15.25,15.38,14.96,15.07,347421.0,526243.867,0.050233999999999994
2025-05-12,15.22,15.42,15.05,15.37,343323.0,523309.414,0.049642
2025-05-13,15.45,15.45,15.1,15.12,251390.0,383317.551,0.036349
2025-05-14,15.1,15.79,15.0,15.57,533837.1,822890.787,0.077189
2025-05-15,15.38,15.46,15.1,15.11,271618.76,414182.771,0.039274
2025-05-16,15.09,15.38,15.05,15.15,242239.9,368342.486,0.035026
2025-05-19,15.29,15.31,15.0,15.16,183258.42,277857.753,0.026498
2025-05-20,15.15,15.22,15.05,15.14,165733.0,250714.025,0.023964
2025-05-21,15.1,15.15,15.01,15.06,146642.0,220899.419,0.021203
2025-05-22,15.0,15.03,14.74,14.8,182340.02,271115.587,0.026365
2025-05-23,14.76,14.86,14.49,14.5,206124.0,302119.317,0.029804
2025-05-26,14.44,14.53,14.35,14.53,120230.08,173792.369,0.017384
2025-05-27,14.5,14.51,14.38,14.47,102445.0,147947.406,0.014813
2025-05-28,14.46,14.5,14.32,14.35,98758.0,142158.39,0.01428
2025-05-29,14.37,14.59,14.34,14.56,163709.52,237405.145,0.023671
2025-05-30,14.52,14.52,14.38,14.38,117632.0,169626.325,0.017009
2025-06-03,14.32,14.56,14.3,14.48,122880.37,177512.045,0.017768
2025-06-04,14.46,14.73,14.44,14.64,178260.0,260673.896,0.025775000000000003
2025-06-05,14.6,14.77,14.6,14.74,202808.14,297837.643,0.029324
2025-06-06,14.75,14.78,14.55,14.58,127588.0,186331.342,0.018448
2025-06-09,15.18,16.04,15.08,16.04,1437708.52,2278353.586,0.207882
2025-06-10,16.0,16.22,15.48,15.58,958932.77,1509966.396,0.138654
2025-06-11,15.66,17.14,15.6,16.57,1538987.09,2572522.92,0.222526
2025-06-12,16.1,16.75,16.1,16.31,971322.07,1589333.714,0.14044600000000002
2025-06-13,16.25,16.35,15.91,15.99,707165.99,1139723.278,0.102251
2025-06-16,15.9,16.3,15.9,16.24,520244.98,840414.308,0.075223
2025-06-17,16.21,16.97,16.21,16.74,871287.7,1452110.788,0.125981
2025-06-18,16.6,16.77,16.26,16.4,531012.31,871987.053,0.07678
2025-06-19,16.24,16.46,15.87,15.93,471246.3,757639.07,0.068139
2025-06-20,15.95,16.08,15.72,15.77,275653.0,436324.98,0.039857000000000004
2025-06-23,15.64,16.13,15.64,16.0,361463.0,576892.836,0.052265
2025-06-24,15.96,16.76,15.95,16.53,775097.65,1276455.582,0.112073
2025-06-25,16.53,18.0,16.53,17.58,1388939.74,2421065.229,0.20082999999999998
2025-06-26,17.58,17.65,17.05,17.2,846351.3,1462172.06,0.122376
2025-06-27,17.22,17.51,16.9,16.91,770729.0,1323088.494,0.111441
2025-06-30,16.91,17.32,16.72,17.1,525192.08,892655.773,0.07593899999999999
2025-07-01,17.1,17.1,16.8,16.93,331499.0,560380.192,0.047931999999999995
2025-07-02,16.93,16.95,16.67,16.75,262048.0,439581.785,0.03789
2025-07-03,16.76,16.87,16.66,16.8,255433.87,428512.146,0.036934
2025-07-04,16.72,17.07,16.5,16.51,520751.0,871770.429,0.075297
2025-07-07,16.42,16.67,16.4,16.55,233288.37,386086.188,0.033732000000000005
2025-07-08,16.58,17.05,16.51,17.0,526743.81,891135.343,0.076163
2025-07-09,17.02,17.12,16.73,16.82,383852.0,648537.898,0.055502
2025-07-10,16.75,16.98,16.64,16.86,381429.72,642376.625,0.055152
2025-07-11,16.93,17.5,16.75,17.13,824278.42,1418078.042,0.119184
2025-07-14,17.21,17.27,16.73,16.8,415667.0,700656.146,0.060102
2025-07-15,16.92,17.05,16.56,16.69,324054.99,542962.379,0.046856
2025-07-16,16.69,16.77,16.55,16.66,201272.7,335571.266,0.029102000000000003
2025-07-17,16.68,16.84,16.62,16.83,259384.75,433743.288,0.037505000000000004
2025-07-18,16.84,16.87,16.71,16.76,203603.14,341565.709,0.029439000000000003
2025-07-21,16.72,16.94,16.67,16.89,282319.3,475617.667,0.040820999999999996
2025-07-22,16.84,16.9,16.58,16.82,319887.35,535503.174,0.046253
2025-07-23,16.82,17.17,16.79,16.84,575146.1,975340.826,0.083162
2025-07-24,16.8,17.18,16.75,17.14,577026.92,984610.855,0.08343400000000001
2025-07-25,17.15,17.29,17.03,17.06,398634.56,683067.556,0.057638999999999996
2025-07-28,17.02,17.38,16.93,17.13,359668.93,617213.398,0.052004999999999996
2025-07-29,17.03,17.18,16.7,17.18,385230.42,652050.471,0.055701
2025-07-30,17.19,17.19,16.69,16.81,377155.64,639414.923,0.054534
2025-07-31,16.77,16.85,16.24,16.33,371279.01,614250.893,0.053684
2025-08-01,16.29,16.41,16.14,16.25,205562.06,334562.654,0.029723000000000003
2025-08-04,16.16,16.48,16.14,16.47,200198.79,326832.533,0.028946999999999997
2025-08-05,16.6,18.1,16.59,17.46,1101496.37,1942475.92,0.159268
2025-08-06,17.55,18.44,17.22,18.06,1044247.96,1856767.643,0.15099
2025-08-07,18.05,18.26,17.78,17.88,649955.35,1166971.994,0.093979
2025-08-08,17.9,17.95,17.51,17.62,376862.13,666262.638,0.054491
2025-08-11,17.51,18.06,17.51,17.75,468104.54,834458.63,0.067684
2025-08-12,17.8,18.04,17.68,17.82,392925.68,700145.705,0.056814
2025-08-13,17.84,18.34,17.6,18.13,742078.53,1338812.532,0.107299
2025-08-14,18.18,18.35,17.7,17.82,535803.28,963297.682,0.077473
2025-08-15,17.7,18.57,17.69,18.38,771039.42,1405959.119,0.111486
2025-08-18,18.44,18.99,18.15,18.53,949920.08,1765525.815,0.137351
2025-08-19,18.4,18.55,18.11,18.14,504951.68,924187.664,0.073012
2025-08-20,18.09,18.24,17.78,18.19,379449.73,684548.391,0.054865000000000004
2025-08-21,18.3,18.38,17.83,17.93,329840.49,595524.243,0.047692
2025-08-22,17.87,19.72,17.85,19.72,1444077.61,2790310.143,0.208802
2025-08-25,20.7,21.69,19.79,19.99,1940441.24,4006828.909,0.280573
2025-08-26,19.7,19.96,19.39,19.47,976081.6,1915409.35,0.141134
2025-08-27,19.43,19.75,18.8,18.8,919278.49,1779222.087,0.13292099999999998
2025-08-28,19.05,20.15,19.05,20.0,1317542.45,2588935.325,0.19050599999999998
2025-08-29,20.0,20.0,19.5,19.65,821689.35,1618773.793,0.11881
2025-09-01,19.65,19.79,19.36,19.46,466158.53,908762.663,0.067403
2025-09-02,19.58,20.18,19.35,19.91,1154644.45,2280820.479,0.166953
2025-09-03,19.98,20.17,18.45,18.57,889588.96,1713609.052,0.128628
2025-09-04,18.49,19.26,18.46,18.84,715591.2,1354843.309,0.10346899999999999
2025-09-05,18.84,18.93,18.28,18.93,512602.15,958460.302,0.074118
2025-09-08,18.78,18.99,18.6,18.83,339668.22,638522.642,0.049113
2025-09-09,18.81,18.96,18.51,18.58,364041.48,681245.711,0.052638
2025-09-10,18.72,19.22,18.59,18.82,408959.33,772576.486,0.059132
2025-09-11,18.64,19.3,18.52,19.29,555893.65,1057594.743,0.080378
2025-09-12,19.29,19.63,19.03,19.14,462184.41,888279.13,0.066828
2025-09-15,19.14,19.48,19.06,19.28,416072.25,802865.123,0.060161
2025-09-16,19.26,19.65,19.09,19.52,438098.15,848109.71,0.063346
2025-09-17,19.3,20.39,19.27,20.05,755394.35,1511495.952,0.109224
2025-09-18,19.82,19.84,18.95,19.19,685015.92,1331222.295,0.099048
2025-09-19,19.13,19.26,18.73,18.98,345220.71,654274.013,0.049916
2025-09-22,18.92,19.23,18.8,19.21,287609.4,547079.519,0.041586
2025-09-23,19.0,19.02,18.4,18.67,350245.43,654022.326,0.050643
2025-09-24,18.6,18.91,18.45,18.8,282999.2,529443.306,0.040919
2025-09-25,18.75,18.87,18.56,18.56,222445.97,416066.879,0.032164
2025-09-26,18.53,18.7,18.37,18.37,201994.13,373986.434,0.029207
2025-09-29,18.31,19.64,18.3,19.35,605826.42,1159296.829,0.08759800000000001
2025-09-30,19.26,19.46,19.16,19.22,358907.39,691720.031,0.051895
2025-10-09,19.12,19.43,18.93,19.36,341929.6,657731.41,0.04944
2025-10-10,19.26,19.65,19.2,19.34,373919.03,728083.852,0.054066
2025-10-13,18.79,19.6,18.75,19.51,384756.68,741623.726,0.055633
2025-10-14,19.48,19.65,19.16,19.24,337998.85,654723.394,0.048872
2025-10-15,19.46,20.44,19.4,19.91,776851.45,1553491.985,0.112327
2025-10-16,19.97,20.84,19.81,20.33,847977.66,1730316.346,0.12261100000000001
2025-10-17,20.21,20.79,20.0,20.0,748756.21,1522291.589,0.108264
2025-10-20,20.4,20.5,19.76,19.91,471670.18,945954.929,0.0682
2025-10-21,19.74,19.97,19.55,19.75,461836.77,911838.502,0.066778
2025-10-22,19.61,19.64,19.28,19.42,272604.16,528946.752,0.039416
2025-10-23,19.38,19.55,18.91,19.55,304771.73,585552.161,0.044067999999999996
2025-10-24,19.45,19.68,19.35,19.55,279676.0,545087.945,0.040438999999999996
2025-10-27,19.79,20.15,19.62,20.03,543363.37,,0.078566
2025-10-28,19.95,20.57,19.85,20.27,490816.67,,0.070968
2025-10-29,19.69,20.42,19.52,20.34,591343.09,,0.085504
2025-10-30,20.22,20.25,19.53,19.56,416011.62,,0.060152000000000004
2025-10-31,19.63,19.7,19.09,19.11,352198.03,,0.050925000000000005
2025-11-03,19.02,19.03,18.5,18.87,293886.67,,0.042494
2025-11-04,18.8,18.83,18.55,18.68,199611.43,,0.028862000000000002
2025-11-05,18.42,18.74,18.42,18.63,147259.74,,0.021293000000000003
2025-11-06,18.72,18.86,18.6,18.71,166105.57,,0.024018
2025-11-07,18.55,19.05,18.54,18.81,237257.33,,0.034306
