Date,Open,High,Low,Close,Volume,Amount,TurnoverRate
2000-05-10,20.7,20.7,19.5,19.57,4114.0,8247.758,
2000-05-11,19.57,19.8,18.9,19.5,14216.0,27523.581,
2000-05-12,19.5,20.01,19.5,19.8,24167.0,47974.271,
2000-05-15,19.8,19.98,19.08,19.5,3571.0,6901.617,
2000-05-16,19.4,19.75,19.4,19.5,1447.0,2838.418,
2000-05-17,19.54,19.97,19.5,19.73,1706.0,3354.862,
2000-05-18,19.66,20.08,19.6,20.01,5923.0,11781.038,
2000-05-19,20.08,20.49,20.05,20.47,7069.0,14321.924,
2000-05-22,20.48,20.9,20.18,20.85,8033.0,16617.146,
2000-05-23,20.9,21.1,20.2,20.4,6531.0,13375.973,
2000-05-24,20.51,21.82,20.42,21.66,35047.0,75491.007,0.03374
2000-05-25,21.96,22.28,21.51,21.95,38657.0,84391.472,0.037215
2000-05-26,22.18,23.78,21.81,23.48,46827.0,107323.333,0.04508
2000-05-29,23.8,23.94,22.82,23.5,41013.0,95632.794,0.039483000000000004
2000-05-30,23.48,24.2,23.13,24.2,52946.0,124048.282,0.050971
2000-05-31,24.0,24.0,23.0,23.0,43146.0,100990.335,0.041536
2000-06-01,23.28,23.98,23.2,23.39,9971.0,23613.632,0.009599
2000-06-02,23.5,25.18,22.5,25.02,97717.0,231239.183,0.09407199999999999
2000-06-05,25.08,26.5,24.75,25.97,45502.0,117237.38,0.043805
2000-06-06,25.05,26.05,25.05,25.99,54651.0,139083.114,0.052612
2000-06-07,26.0,27.88,25.5,27.65,63764.0,166692.352,0.061384999999999995
2000-06-08,27.0,28.13,27.0,28.0,34456.0,95213.868,0.033171
2000-06-09,28.48,28.97,27.5,28.29,35616.0,99652.033,0.034287
2000-06-12,29.08,30.88,27.77,28.0,92905.0,272435.075,0.08943899999999999
2000-06-13,27.55,28.0,26.8,27.58,14968.0,41019.685,0.014410000000000001
2000-06-14,27.78,27.98,26.8,27.5,14008.0,38217.971,0.013485
2000-06-15,27.65,27.7,26.95,27.47,8873.0,24113.267,0.008542
2000-06-16,27.4,27.59,26.2,27.19,14294.0,38510.053,0.013761
2000-06-19,26.68,26.8,25.35,25.4,9352.0,24204.902,0.009003
2000-06-20,25.21,25.28,23.79,24.0,24190.0,59076.559,0.023288000000000003
2000-06-21,23.8,24.09,23.45,24.0,17299.0,41179.358,0.016654
2000-06-22,24.08,24.68,23.8,24.0,33702.0,80962.901,0.032445
2000-06-23,23.8,24.2,23.8,24.03,14282.0,34267.777,0.013749
2000-06-26,24.03,24.5,23.55,23.88,21404.0,51079.454,0.020606
2000-06-27,23.58,23.8,22.9,23.6,13902.0,32575.893,0.013383
2000-06-28,23.6,24.4,23.4,24.35,31274.0,74993.702,0.030107
2000-06-29,24.35,24.5,23.75,24.45,26027.0,62866.269,0.025056
2000-07-03,24.45,24.45,23.35,23.68,15533.0,37007.501,0.014954
2000-07-04,23.68,24.35,23.39,23.55,4418.0,10475.336,0.004253
2000-07-05,23.55,23.9,23.28,23.6,6347.0,14888.964,0.00611
2000-07-06,23.6,24.0,23.39,23.6,3668.0,8663.062,0.0035310000000000003
2000-07-07,23.6,24.1,23.28,24.1,9759.0,22991.659,0.009395
2000-07-10,24.0,24.0,23.7,23.82,3116.0,7422.724,0.003
2000-07-11,24.0,24.37,23.8,23.96,9246.0,22196.878,0.008901
2000-07-12,23.96,24.0,23.0,23.1,31951.0,74458.138,0.030758999999999998
2000-07-13,23.18,23.5,22.6,23.14,34376.0,79390.942,0.033094
2000-07-14,23.2,24.0,23.0,23.9,38545.0,89864.924,0.037107
2000-07-17,23.88,24.28,23.6,23.68,19349.0,46326.576,0.018627
2000-07-18,23.7,23.9,22.98,23.52,23274.0,53879.201,0.022406000000000002
2000-07-19,23.44,23.65,23.0,23.47,11239.0,26156.418,0.010820000000000001
2000-07-20,23.47,23.57,22.99,23.3,11040.0,25536.286,0.010628
2000-07-21,23.39,23.43,23.0,23.39,8294.0,19207.637,0.007984999999999999
2000-07-24,23.25,23.5,23.01,23.3,5058.0,11759.268,0.004869
2000-07-25,23.3,23.4,23.0,23.3,5839.0,13494.492,0.005621
2000-07-26,23.38,23.5,23.18,23.27,3511.0,8187.218,0.00338
2000-07-27,23.3,23.35,23.19,23.28,3998.0,9300.171,0.003849
2000-07-28,23.28,24.2,23.28,24.2,14996.0,35803.157,0.014437
2000-07-31,24.28,24.34,23.9,24.08,9834.0,23670.17,0.009467
2000-08-01,24.1,24.53,23.93,24.03,13002.0,31664.087,0.012517
2000-08-02,24.39,24.58,24.2,24.36,5354.0,13050.542,0.005154
2000-08-03,24.4,24.5,24.1,24.4,4498.0,10934.347,0.00433
2000-08-04,24.3,24.5,23.94,24.11,4668.0,11288.565,0.004494000000000001
2000-08-07,24.11,24.18,23.66,23.7,5642.0,13468.99,0.005432
2000-08-08,23.75,23.85,23.48,23.5,48877.0,115071.557,0.047054
2000-08-09,23.68,24.15,23.51,24.0,44245.0,105253.261,0.042594
2000-08-10,24.3,24.3,23.61,23.72,11743.0,28018.703,0.011305
2000-08-11,23.8,24.48,23.8,24.02,38561.0,93065.681,0.037122999999999996
2000-08-14,24.62,24.85,24.2,24.4,33419.0,81475.339,0.032172
2000-08-15,24.45,24.5,23.81,24.13,16525.0,40039.645,0.015909
2000-08-16,24.18,24.2,23.82,23.89,5246.0,12565.926,0.00505
2000-08-17,23.9,24.0,23.7,23.8,7496.0,17889.804,0.007216
2000-08-18,24.2,24.2,23.69,23.78,5649.0,13460.074,0.005437999999999999
2000-08-21,23.41,23.7,23.01,23.26,9816.0,22814.513,0.00945
2000-08-22,23.2,23.58,22.98,23.05,7959.0,18454.697,0.0076619999999999995
2000-08-23,23.0,23.5,22.51,23.11,8306.0,19176.697,0.007996
2000-08-24,23.42,23.95,23.2,23.3,8655.0,20372.738,0.008332
2000-08-25,23.4,23.7,23.15,23.49,5886.0,13736.485,0.005666
2000-08-28,23.5,23.82,23.37,23.59,5464.0,12885.798,0.00526
2000-08-29,23.59,23.69,23.25,23.4,2511.0,5890.676,0.002417
2000-08-30,23.45,23.45,22.98,23.0,5781.0,13352.778,0.005565
2000-08-31,23.0,23.1,22.1,22.17,7188.0,16227.057,0.006919999999999999
2000-09-01,22.16,22.44,21.75,21.75,6989.0,15410.768,0.006728
2000-09-04,21.75,21.9,21.2,21.43,3868.0,8299.353,0.003724
2000-09-05,21.45,22.2,20.8,20.9,6760.0,14555.748,0.006508000000000001
2000-09-06,20.81,20.92,20.2,20.45,7930.98,16218.923,0.007634999999999999
2000-09-07,20.5,20.8,20.4,20.49,3482.0,7162.478,0.003352
2000-09-08,20.55,20.79,20.22,20.45,4409.0,9002.442,0.004245
2000-09-11,20.81,20.95,20.3,20.45,3138.0,6407.816,0.003021
2000-09-14,20.98,22.28,20.6,21.8,10281.0,22328.178,0.009897
2000-09-15,21.88,21.9,21.0,21.79,5059.0,10817.751,0.00487
2000-09-18,21.8,22.09,21.11,21.16,2441.0,5277.995,0.0023499999999999997
2000-09-19,21.1,21.1,20.1,20.18,6442.0,13104.833,0.006202
2000-09-20,20.2,20.67,19.82,20.16,3820.0,7686.197,0.003677
2000-09-21,20.35,20.45,19.99,20.01,2176.0,4369.104,0.002095
2000-09-22,20.0,20.14,19.87,20.04,1845.0,3686.612,0.001776
2000-09-25,20.0,20.1,19.88,20.0,1489.0,2978.858,0.001433
2000-09-26,20.15,20.49,20.0,20.18,2658.0,5358.342,0.002559
2000-09-27,20.2,20.2,19.91,20.05,2114.0,4233.559,0.002035
2000-09-28,20.1,20.2,19.91,19.98,1538.0,3074.938,0.0014810000000000001
2000-09-29,20.0,20.5,19.8,20.0,3421.0,6837.327,0.003293
2000-10-09,19.95,20.38,19.77,19.95,2542.0,5062.8,0.002447
2000-10-10,19.98,20.3,19.96,20.1,3088.0,6228.756,0.002973
2000-10-11,20.2,20.46,19.96,20.0,2086.0,4191.862,0.0020080000000000002
2000-10-12,20.0,20.34,19.8,20.0,3804.0,7633.356,0.0036620000000000003
2000-10-13,20.05,20.05,19.8,19.85,1908.0,3791.7,0.001837
2000-10-16,19.87,20.0,19.78,19.94,1507.0,2990.766,0.001451
2000-10-17,19.97,20.0,19.9,19.99,1069.0,2131.113,0.001029
2000-10-18,20.0,20.31,19.95,19.99,3332.0,6701.2,0.003208
2000-10-19,20.1,20.1,19.88,19.93,1258.0,2506.671,0.001211
2000-10-20,19.92,20.44,19.86,20.25,2933.0,5921.709,0.0028239999999999997
2000-10-23,20.35,20.39,20.08,20.18,2026.0,4094.603,0.0019500000000000001
2000-10-24,20.25,20.25,20.0,20.1,2015.0,4045.984,0.00194
2000-10-25,20.1,20.2,19.87,20.0,4005.0,8004.066,0.003856
2000-10-26,20.0,20.2,19.84,19.99,5025.0,10031.104,0.004838
2000-10-27,20.2,20.2,19.85,19.87,1784.0,3556.906,0.001717
2000-10-30,19.88,19.94,19.1,19.25,8451.0,16376.115,0.008136
2000-10-31,19.25,19.49,19.08,19.1,3665.0,7039.542,0.003528
2000-11-01,19.1,19.22,18.92,19.22,5840.0,11151.033,0.005622
2000-11-02,19.23,20.7,19.23,20.04,10328.0,20832.35,0.009943
2000-11-03,20.24,20.35,19.68,19.8,3410.0,6785.65,0.003283
2000-11-06,19.8,19.98,19.5,19.56,3267.0,6425.786,0.0031450000000000002
2000-11-07,19.99,20.98,19.99,20.25,22035.0,44693.065,0.021213000000000003
2000-11-08,20.31,20.58,20.25,20.4,3459.0,7047.997,0.00333
2000-11-09,20.45,20.71,20.45,20.66,4398.0,9052.104,0.004234
2000-11-10,20.85,21.6,20.81,21.19,13727.0,29046.287,0.013215
2000-11-13,21.28,21.48,21.2,21.32,6914.0,14724.199,0.006656
2000-11-14,21.31,21.38,21.01,21.21,6116.0,12916.144,0.005888
2000-11-15,21.28,21.58,21.0,21.02,5910.0,12564.661,0.00569
2000-11-16,21.0,21.1,20.88,20.89,5559.0,11645.673,0.005352
2000-11-17,20.9,21.15,20.74,20.81,5317.0,11098.682,0.005119
2000-11-20,20.81,21.48,20.0,21.4,7250.4,15185.612,0.006979999999999999
2000-11-21,21.4,21.5,21.0,21.01,6547.0,13921.305,0.006303
2000-11-22,20.98,21.3,20.77,20.85,6517.08,13637.118,0.006273999999999999
2000-11-23,21.0,21.29,20.8,21.1,7143.81,15010.314,0.006876999999999999
2000-11-24,21.11,21.11,20.45,20.52,5926.5,12336.675,0.005705
2000-11-27,20.4,20.4,20.01,20.1,5221.86,10508.186,0.005027
2000-11-28,20.15,20.38,20.15,20.3,2892.61,5847.465,0.002785
2000-11-29,20.33,20.79,20.21,20.43,4800.74,9803.328,0.004622
2000-11-30,20.45,20.72,20.44,20.67,2364.2,4873.897,0.002276
2000-12-01,20.75,21.08,20.6,20.99,5979.74,12494.419,0.005757
2000-12-04,20.82,21.2,20.82,21.0,5316.72,11161.592,0.005118
2000-12-05,21.02,21.88,21.02,21.72,15911.57,34055.119,0.015318
2000-12-06,21.7,21.85,21.35,21.45,9500.0,20533.126,0.009146
2000-12-07,21.5,21.5,21.02,21.02,8389.12,17824.606,0.008076
2000-12-08,21.0,21.25,20.66,20.69,33440.74,70044.648,0.026667
2000-12-11,20.51,20.55,19.76,19.99,14163.09,28498.315,0.011294
2000-12-12,20.0,20.19,19.8,20.12,7449.04,14881.783,0.00594
2000-12-13,20.12,20.32,19.95,20.12,6613.57,13292.605,0.005274
2000-12-14,20.12,20.3,20.04,20.14,5645.68,11367.492,0.004502
2000-12-15,20.11,20.2,20.01,20.09,5057.4,10170.506,0.004033
2000-12-18,20.01,20.32,19.86,20.32,6402.83,12852.14,0.005106
2000-12-19,20.4,20.62,20.33,20.45,6170.81,12603.991,0.004921
2000-12-20,20.5,20.58,20.21,20.52,5618.86,11451.079,0.004481
2000-12-21,20.7,20.7,20.35,20.37,6174.19,12649.255,0.004924
2000-12-22,20.35,20.4,20.15,20.2,6884.41,13933.218,0.00549
2000-12-25,20.19,20.2,19.92,19.99,7658.02,15352.028,0.0061070000000000004
2000-12-26,20.01,20.1,19.9,20.08,6444.18,12882.198,0.005139
2000-12-27,20.18,20.2,19.9,20.2,5043.38,10074.892,0.004022
2000-12-28,20.17,20.17,19.94,20.08,4457.24,8915.654,0.003554
2000-12-29,20.0,20.75,20.0,20.75,3708.42,7520.941,0.002957
2001-01-02,20.5,22.0,20.21,21.9,38822.18,83823.172,0.030959
2001-01-03,21.91,22.28,21.58,22.0,22594.46,49554.445,0.018018
2001-01-04,22.08,22.15,21.65,21.87,12819.33,28122.093,0.010223
2001-01-05,21.86,22.15,21.82,22.15,10610.96,23361.954,0.008461999999999999
2001-01-08,22.21,22.35,21.7,21.92,10478.64,23033.229,0.008356
2001-01-09,21.8,22.1,21.38,21.6,5910.0,12853.523,0.004713
2001-01-10,21.6,21.96,21.55,21.7,2935.72,6384.135,0.002341
2001-01-11,21.8,21.96,21.6,21.78,3996.36,8701.237,0.0031869999999999997
2001-01-12,21.71,21.71,21.0,21.24,6560.69,14003.423,0.005232
2001-01-15,21.1,21.1,20.18,20.2,5568.1,11505.985,0.00444
2001-01-16,20.08,20.4,19.8,20.2,8154.15,16396.495,0.006503
2001-01-17,20.3,21.8,20.26,21.8,10377.46,21377.492,0.008276
2001-01-18,21.02,21.8,21.0,21.31,36067.79,77582.093,0.028762
2001-01-19,21.35,21.68,21.3,21.35,5722.51,12313.515,0.004563
2001-02-05,21.35,21.55,20.6,20.65,6156.5,12903.529,0.00491
2001-02-06,20.55,20.64,19.83,20.4,8260.88,16674.519,0.006588
2001-02-07,20.38,20.38,19.94,19.95,6375.65,12781.634,0.005084
2001-02-08,20.0,20.1,19.5,19.58,5869.9,11675.609,0.004681
2001-02-09,19.68,19.99,19.6,19.85,4594.39,9109.059,0.003664
2001-02-12,19.85,19.99,19.8,19.94,2710.93,5393.531,0.002162
2001-02-13,20.0,20.05,19.88,19.95,2463.67,4919.02,0.001965
2001-02-14,19.8,19.96,19.8,19.92,2145.55,4270.173,0.001711
2001-02-15,19.65,19.68,18.85,18.98,7556.35,14573.111,0.006026
2001-02-16,18.8,18.8,17.98,18.0,20700.62,37526.629,0.016508000000000002
2001-02-19,18.0,18.1,17.7,18.0,7911.72,14167.01,0.006309
2001-02-20,18.0,18.6,18.0,18.2,9210.56,16890.319,0.007345000000000001
2001-02-21,18.15,18.15,17.48,17.75,7940.11,14085.191,0.006332
2001-02-22,17.75,17.86,17.6,17.78,2524.6,4475.859,0.002013
2001-02-23,17.88,18.4,17.88,18.2,4000.28,7257.22,0.00319
2001-02-26,18.2,18.59,18.04,18.2,8749.88,15994.936,0.006978
2001-02-27,18.25,19.15,18.25,19.12,28889.57,54391.734,0.023038
2001-02-28,20.01,20.27,19.5,20.02,45305.64,90038.996,0.036128999999999994
2001-03-01,20.05,20.25,19.72,19.98,31776.59,63561.874,0.025339999999999998
2001-03-02,19.48,19.6,19.25,19.4,15474.66,30077.29,0.01234
2001-03-05,19.42,19.5,19.2,19.24,8446.93,16304.968,0.006736
2001-03-06,19.24,19.3,18.91,19.22,12261.66,23462.078,0.009778
2001-03-07,19.25,19.4,19.03,19.2,7682.07,14709.89,0.006126
2001-03-08,19.18,19.2,19.01,19.05,9803.49,18674.524,0.007818
2001-03-09,19.08,19.28,19.0,19.25,13397.41,25600.935,0.010684
2001-03-12,19.27,19.45,18.98,19.08,8819.52,16812.34,0.007033
2001-03-13,19.1,19.1,18.81,18.9,8197.24,15491.38,0.006536999999999999
2001-03-14,18.85,19.11,18.8,19.1,12530.62,23789.83,0.009993
2001-03-15,19.1,19.56,19.08,19.42,17635.32,34230.748,0.014063
2001-03-16,19.44,20.09,19.44,20.0,20705.29,41138.596,0.016511
2001-03-19,20.0,20.0,19.73,19.85,6966.65,13822.133,0.005556
2001-03-20,19.9,20.0,19.6,19.77,5515.52,10911.823,0.004398
2001-03-21,19.9,20.19,19.65,19.9,9064.04,18103.5,0.007228
2001-03-22,19.92,20.32,19.92,20.01,8534.19,17176.186,0.0068059999999999996
2001-03-23,20.02,20.15,19.72,19.75,6861.41,13638.833,0.005472
2001-03-26,19.75,20.1,19.75,20.1,5070.57,10114.293,0.004044
2001-03-27,20.1,20.25,20.03,20.19,6922.69,13936.023,0.005521000000000001
2001-03-28,20.24,20.3,20.12,20.23,5102.18,10307.037,0.004069
2001-03-29,20.25,20.47,20.2,20.35,9271.15,18885.913,0.007392999999999999
2001-03-30,20.3,20.5,20.25,20.39,4264.93,8664.459,0.003401
2001-04-02,20.45,20.95,20.45,20.86,10625.56,22037.86,0.008473000000000001
2001-04-03,20.8,20.95,20.62,20.75,7053.0,14645.101,0.0056240000000000005
2001-04-04,20.7,20.75,20.18,20.2,9912.94,20229.328,0.007905
2001-04-05,20.0,20.38,20.0,20.36,4477.1,9030.55,0.00357
2001-04-06,20.4,20.49,20.08,20.14,4552.17,9205.503,0.00363
2001-04-09,20.0,20.2,19.7,20.1,13856.45,27660.465,0.0085
2001-04-10,20.19,20.3,19.98,20.0,7278.72,14624.871,0.004465
2001-04-11,20.08,20.16,19.9,19.94,5284.17,10558.0,0.003241
2001-04-12,20.0,20.17,19.88,20.05,9108.85,18234.025,0.005587999999999999
2001-04-13,20.1,20.66,20.08,20.54,14611.8,29985.291,0.008963
2001-04-16,20.6,20.85,20.54,20.8,16018.66,33178.891,0.009826
2001-04-17,20.88,20.92,20.4,20.6,11084.61,22846.139,0.0068000000000000005
2001-04-18,20.66,20.91,20.55,20.76,13171.52,27374.168,0.00808
2001-04-19,20.65,20.8,20.4,20.76,10146.04,20921.411,0.0062239999999999995
2001-04-20,20.4,20.99,20.4,20.43,16956.9,35191.896,0.010402
2001-04-23,20.43,20.54,20.35,20.44,8718.71,17829.546,0.005348
2001-04-24,20.4,20.78,20.4,20.5,5507.32,11323.953,0.003378
2001-04-25,20.5,20.7,19.93,20.55,14610.08,29546.742,0.008962
2001-04-26,20.45,20.69,20.25,20.4,10416.32,21339.152,0.00639
2001-04-30,20.4,20.46,19.9,20.39,16781.83,33717.982,0.010294000000000001
2001-05-08,20.38,20.4,20.1,20.25,2661.41,5404.103,0.001633
2001-05-09,20.3,20.54,20.01,20.2,3515.05,7088.469,0.002156
2001-05-10,20.2,20.3,20.0,20.11,4682.29,9413.829,0.002872
2001-05-11,20.1,20.45,20.1,20.4,2611.35,5297.266,0.0016020000000000001
2001-05-14,20.42,21.0,20.27,20.8,8268.37,17058.316,0.005072
2001-05-15,17.75,17.88,17.02,17.4,8166.61,14374.248,0.00501
2001-05-16,17.41,17.75,17.3,17.7,8930.99,15601.027,0.005477999999999999
2001-05-17,17.7,17.75,17.32,17.5,7447.33,13056.857,0.004568
2001-05-18,17.3,17.59,17.3,17.58,10973.09,19078.026,0.0057540000000000004
2001-05-21,17.5,17.58,17.26,17.58,9020.96,15661.739,0.00473
2001-05-22,17.58,17.7,17.25,17.5,6952.7,12041.718,0.003646
2001-05-23,17.3,17.5,17.12,17.48,5843.12,10086.992,0.003064
2001-05-24,17.48,17.58,17.12,17.3,7143.31,12285.347,0.0037459999999999998
2001-05-25,17.29,17.45,16.78,17.0,10715.6,18267.344,0.005619
2001-05-28,17.0,17.0,16.55,16.8,9522.9,15881.683,0.004993
2001-05-29,16.69,16.8,16.59,16.8,5540.73,9235.463,0.0029049999999999996
2001-05-30,16.78,17.5,16.6,17.32,7541.54,12779.196,0.003954
2001-05-31,17.29,17.29,16.8,16.85,5589.14,9501.059,0.0029310000000000004
2001-06-01,16.9,17.48,16.75,16.95,5210.59,8845.436,0.002732
2001-06-04,17.0,17.26,16.7,16.8,9710.84,16316.348,0.005092
2001-06-05,16.85,17.2,16.6,17.0,10285.75,17309.596,0.005393
2001-06-06,17.0,17.0,16.68,16.77,6156.07,10316.646,0.003228
2001-06-07,16.8,16.83,16.7,16.74,3821.87,6402.891,0.002004
2001-06-08,16.76,16.78,16.36,16.46,17290.38,28536.465,0.009066
2001-06-11,16.5,16.52,16.18,16.51,10610.2,17351.509,0.005564
2001-06-12,16.5,16.67,16.4,16.6,4962.81,8223.224,0.0026019999999999997
2001-06-13,16.59,17.08,16.58,16.96,9712.74,16410.047,0.0050929999999999994
2001-06-14,17.0,17.06,16.53,16.7,4759.65,7988.813,0.002496
2001-06-15,16.7,16.88,16.4,16.45,7459.99,12287.33,0.003912
2001-06-18,16.45,17.06,16.3,16.49,5505.74,9121.241,0.0028870000000000002
2001-06-19,16.6,16.8,16.39,16.4,2273.85,3747.588,0.001192
2001-06-20,16.51,16.51,16.28,16.3,3455.05,5646.362,0.001812
2001-06-21,16.3,16.65,16.2,16.35,6308.03,10280.902,0.0033079999999999997
2001-06-22,16.36,16.64,16.2,16.29,5709.66,9311.93,0.002994
2001-06-25,16.31,16.5,16.2,16.27,6364.16,10353.009,0.003337
2001-06-26,16.31,16.39,16.21,16.28,5953.25,9688.076,0.0031219999999999998
2001-06-27,16.3,16.32,16.2,16.25,6081.17,9869.932,0.003189
2001-06-28,16.26,16.27,16.17,16.18,5311.91,8601.657,0.002785
2001-06-29,16.18,16.72,16.1,16.55,9066.72,14845.129,0.0047539999999999995
2001-07-02,16.53,16.53,16.23,16.26,2140.9,3488.083,0.0011229999999999999
2001-07-03,16.3,16.3,16.15,16.23,2081.41,3370.289,0.001091
2001-07-04,16.25,16.25,16.15,16.16,1645.63,2662.709,0.000863
2001-07-05,16.15,16.16,16.0,16.02,3600.95,5782.564,0.001888
2001-07-06,16.02,16.04,15.9,15.92,2729.57,4353.011,0.001431
2001-07-09,15.9,15.9,15.5,15.65,6326.64,9902.235,0.003317
2001-07-10,15.6,15.8,15.6,15.7,3473.12,5433.966,0.0018210000000000001
2001-07-11,15.75,15.8,15.49,15.5,3001.98,4668.566,0.001574
2001-07-12,15.48,15.48,15.15,15.22,5569.41,8492.39,0.00292
2001-07-13,15.22,15.52,15.22,15.5,3132.0,4828.838,0.0016420000000000002
2001-07-16,15.48,15.5,15.1,15.13,2953.06,4507.473,0.001548
2001-07-17,15.2,15.65,15.2,15.58,10853.9,16771.872,0.005691000000000001
2001-07-18,15.6,15.64,15.39,15.4,1507.01,2328.414,0.00079
2001-07-19,15.4,15.87,15.39,15.64,12650.29,19733.227,0.006633
2001-07-20,15.78,15.88,15.6,15.69,7818.88,12268.789,0.0040999999999999995
2001-07-23,15.8,15.83,15.61,15.68,8725.68,13681.341,0.004575
2001-07-24,15.7,15.85,15.3,15.3,13400.36,20859.131,0.007027
2001-07-25,15.35,15.8,15.35,15.46,13423.58,20813.543,0.007039
2001-07-26,15.48,15.5,15.2,15.36,3822.67,5855.889,0.002004
2001-07-27,15.36,15.44,14.9,15.0,5624.19,8489.573,0.002949
2001-07-30,14.98,14.98,13.82,13.85,6689.6,9517.542,0.003508
2001-07-31,14.0,14.33,13.85,14.0,4166.32,5853.726,0.002185
2001-08-01,14.2,14.51,14.0,14.51,3795.74,5422.654,0.00199
2001-08-02,14.5,14.5,13.9,14.05,5003.52,7006.71,0.002624
2001-08-03,14.05,14.49,13.96,14.0,2202.79,3101.483,0.001155
2001-08-06,14.0,14.0,13.2,13.25,4038.82,5433.872,0.002118
2001-08-07,13.24,13.6,13.05,13.55,3352.59,4453.826,0.001758
2001-08-08,13.53,13.55,13.19,13.25,2605.31,3462.152,0.001366
2001-08-09,13.25,13.65,13.25,13.58,3809.57,5129.607,0.001998
2001-08-10,13.75,14.12,13.51,13.9,5155.41,7154.781,0.0027029999999999997
2001-08-13,13.92,14.07,13.8,14.0,2864.56,3998.757,0.001502
2001-08-14,14.0,14.55,13.97,14.5,21558.6,30949.626,0.011304000000000002
2001-08-15,14.5,15.1,14.25,14.95,29877.34,44395.844,0.015667
2001-08-16,14.97,14.97,14.5,14.54,6419.62,9414.459,0.003366
2001-08-17,14.47,14.8,14.37,14.8,4332.75,6296.98,0.002272
2001-08-20,14.7,14.75,14.53,14.54,4216.0,6161.762,0.002211
2001-08-21,14.56,14.75,14.41,14.58,2688.19,3908.208,0.0014099999999999998
2001-08-22,14.59,14.59,14.1,14.25,4018.58,5753.532,0.002107
2001-08-23,14.1,14.28,13.97,14.1,5273.52,7411.437,0.002765
2001-08-24,14.22,14.36,14.0,14.1,2667.43,3768.179,0.001399
2001-08-27,14.1,14.1,13.68,13.7,3213.45,4456.236,0.001685
2001-08-28,13.48,13.77,13.3,13.58,3296.53,4423.794,0.001729
2001-08-29,13.68,13.87,13.58,13.61,5029.35,6894.334,0.002637
2001-08-30,13.65,13.66,13.25,13.3,5055.04,6779.815,0.002651
2001-08-31,13.32,13.5,13.32,13.4,1830.1,2452.333,0.00096
2001-09-03,13.42,13.49,13.28,13.3,2743.34,3663.173,0.001438
2001-09-04,13.35,13.78,13.35,13.78,3237.29,4389.273,0.001698
2001-09-05,13.8,14.13,13.74,13.79,4430.39,6165.127,0.002323
2001-09-06,13.81,13.97,13.78,13.78,2735.06,3785.531,0.001434
2001-09-07,13.8,13.93,13.32,13.48,3845.38,5194.479,0.002016
2001-09-10,13.3,13.8,13.2,13.67,3338.88,4518.577,0.001751
2001-09-11,13.7,13.7,13.38,13.43,9046.9,12166.75,0.004744
2001-09-12,13.3,13.32,13.0,13.25,16745.42,21975.554,0.008781
2001-09-13,13.25,13.44,13.1,13.25,3037.2,4026.773,0.001593
2001-09-14,13.25,13.34,13.0,13.08,6281.96,8205.819,0.003294
2001-09-17,13.01,13.1,12.6,12.75,4522.19,5800.706,0.002371
2001-09-18,12.75,13.1,12.65,12.85,2162.69,2770.037,0.001134
2001-09-19,12.9,13.1,12.8,13.09,1139.73,1478.323,0.000598
2001-09-20,13.14,13.3,12.98,13.0,2771.47,3651.725,0.001453
2001-09-21,13.01,13.1,12.8,12.87,2635.34,3401.628,0.001382
2001-09-24,12.85,12.95,12.74,12.77,2165.4,2771.273,0.001135
2001-09-25,12.89,12.9,12.7,12.7,1326.83,1697.095,0.000696
2001-09-26,12.72,12.83,12.65,12.74,1885.94,2398.004,0.000989
2001-09-27,12.74,12.79,12.48,12.48,2831.29,3582.832,0.001485
2001-09-28,12.57,12.98,12.57,12.74,1924.79,2446.308,0.0010090000000000001
2001-10-08,12.74,12.78,12.41,12.45,1037.3,1299.985,0.000544
2001-10-09,12.45,12.6,12.4,12.5,1031.39,1290.017,0.000541
2001-10-10,12.5,12.54,12.09,12.16,2421.66,2966.531,0.00127
2001-10-11,12.16,12.19,11.61,11.7,4713.0,5572.904,0.0024709999999999997
2001-10-12,11.72,12.3,11.55,12.25,5162.01,6186.301,0.0027069999999999998
2001-10-15,12.25,12.37,12.0,12.23,2851.97,3471.714,0.001495
2001-10-16,12.33,12.35,11.95,11.95,1709.81,2068.709,0.000897
2001-10-17,11.95,12.16,11.83,11.97,1202.83,1446.098,0.000631
2001-10-18,12.01,12.01,11.75,11.75,1558.9,1845.942,0.0008169999999999999
2001-10-19,11.8,11.8,11.02,11.35,5136.47,5808.674,0.0026929999999999996
2001-10-22,11.25,11.3,10.8,10.84,2586.63,2845.072,0.001356
2001-10-23,11.92,11.92,11.6,11.92,9386.41,11168.003,0.004922
2001-10-24,12.44,12.53,12.05,12.26,13901.72,17172.287,0.00729
2001-10-25,12.0,12.1,11.8,11.85,3849.27,4603.434,0.0020180000000000003
2001-10-26,11.82,11.98,11.65,11.74,2359.68,2772.989,0.001237
2001-10-29,11.68,12.2,11.68,12.09,4390.88,5254.034,0.002302
2001-10-30,12.35,12.79,12.3,12.38,14766.59,18524.984,0.007743
2001-10-31,12.38,12.48,12.15,12.4,4246.69,5215.58,0.0022270000000000002
2001-11-01,12.48,12.64,12.22,12.51,5814.28,7263.835,0.003049
2001-11-02,12.4,12.55,12.28,12.32,5903.37,7341.574,0.003095
2001-11-05,12.3,12.39,12.1,12.21,1610.21,1966.015,0.000844
2001-11-06,12.21,12.32,12.1,12.18,2499.99,3052.269,0.0013109999999999999
2001-11-07,12.18,12.18,11.25,11.32,6422.72,7432.638,0.003368
2001-11-08,11.13,11.75,11.01,11.4,2458.31,2780.023,0.0012889999999999998
2001-11-09,11.45,11.68,11.18,11.6,1928.61,2206.451,0.001011
2001-11-12,11.6,11.63,11.5,11.5,1167.56,1350.828,0.000612
2001-11-13,11.31,11.5,11.11,11.34,836.97,950.563,0.000439
2001-11-14,11.34,11.5,11.34,11.44,641.12,734.163,0.000336
2001-11-15,11.5,11.62,11.31,11.33,1876.32,2141.988,0.000984
2001-11-16,12.18,12.24,11.34,11.34,18394.07,21309.847,0.009645
2001-11-19,11.6,11.95,11.47,11.94,23891.75,27894.967,0.012528
2001-11-20,11.94,12.45,11.93,12.33,27471.51,33753.68,0.014405
2001-11-21,12.35,12.48,12.18,12.42,15563.29,19239.54,0.008161
2001-11-22,12.47,12.99,12.47,12.84,28054.24,36004.889,0.014711
2001-11-23,12.82,12.94,12.66,12.84,12991.71,16646.546,0.006812
2001-11-26,12.82,12.98,12.74,12.9,6784.93,8735.931,0.003558
2001-11-27,12.86,13.0,12.8,13.0,7621.45,9831.27,0.003996
2001-11-28,13.0,13.25,12.98,13.14,16681.8,21967.589,0.008747
2001-11-29,13.14,13.28,13.0,13.1,14692.55,19293.38,0.007704
2001-11-30,13.15,13.49,13.11,13.22,9883.65,13091.535,0.005183
2001-12-03,13.31,13.34,13.1,13.26,10510.7,13877.498,0.005511
2001-12-04,13.26,13.41,13.14,13.39,8297.68,11005.859,0.004351
2001-12-05,13.28,13.52,13.15,13.15,15562.21,20696.122,0.008159999999999999
2001-12-06,13.1,13.25,13.05,13.15,8269.27,10881.099,0.004336
2001-12-07,13.14,13.25,13.1,13.2,4140.89,5446.065,0.0021709999999999998
2001-12-10,13.15,13.4,13.05,13.4,10501.2,13852.073,0.005506
2001-12-11,13.35,13.4,13.2,13.2,2630.98,3496.14,0.0013800000000000002
2001-12-12,13.2,13.22,12.95,12.96,6547.31,8558.404,0.003433
2001-12-13,13.15,13.15,12.7,12.73,11582.92,15046.178,0.006074
2001-12-14,12.71,12.81,12.65,12.69,6007.42,7646.135,0.00315
2001-12-17,12.69,12.98,12.62,12.97,14995.05,19252.136,0.007863
2001-12-18,12.98,13.25,12.89,13.24,33041.08,43261.882,0.017325
2001-12-19,13.2,13.38,13.04,13.09,19231.76,25534.634,0.010084
2001-12-20,13.05,13.09,12.6,12.75,20572.44,26245.113,0.010787
2001-12-21,12.7,12.95,12.65,12.9,27090.47,34756.961,0.014205
2001-12-24,12.99,13.06,12.5,12.6,34872.29,44746.949,0.018286
2001-12-25,12.55,12.9,12.5,12.86,20470.28,26078.842,0.010733999999999999
2001-12-26,12.86,13.08,12.7,13.04,19514.26,25337.419,0.010233
2001-12-27,13.04,13.14,12.69,12.81,38961.88,50259.011,0.02043
2001-12-28,12.8,12.93,12.5,12.86,11925.33,15087.496,0.006253
2002-01-04,12.88,13.0,12.5,12.57,5754.24,7278.847,0.003017
2002-01-07,12.5,12.68,12.45,12.54,3745.12,4678.44,0.001964
2002-01-08,12.51,12.65,12.13,12.18,4932.86,6104.496,0.002587
2002-01-09,12.1,12.25,11.71,11.88,5582.44,6661.531,0.0029270000000000003
2002-01-10,11.86,12.1,11.3,11.97,10509.6,12163.897,0.005511
2002-01-11,11.94,12.0,11.72,11.8,4320.3,5119.865,0.002265
2002-01-14,11.5,11.68,11.38,11.4,6237.28,7184.97,0.003271
2002-01-15,11.33,11.6,11.2,11.36,5313.82,6072.402,0.0027860000000000003
2002-01-16,11.4,11.78,11.28,11.7,7968.15,9209.058,0.004178
2002-01-17,11.67,11.98,11.38,11.6,7024.54,8179.509,0.003683
2002-01-18,11.47,12.09,11.32,11.91,10710.24,12635.645,0.0056159999999999995
2002-01-21,11.75,12.1,11.6,11.63,9739.39,11426.882,0.005107
2002-01-22,11.63,12.1,11.6,11.81,6947.27,8265.471,0.003643
2002-01-23,11.84,12.58,11.83,12.55,16065.75,19591.894,0.008424000000000001
2002-01-24,12.45,12.84,12.06,12.41,24134.29,30197.315,0.012655000000000001
2002-01-25,12.38,12.79,12.33,12.45,8369.25,10492.358,0.0043890000000000005
2002-01-28,12.78,12.78,11.57,11.7,12187.23,14523.852,0.006391
2002-01-29,11.7,12.08,11.7,11.95,10139.52,12090.281,0.005317
2002-01-30,11.95,12.17,11.9,12.0,3273.86,3939.765,0.001717
2002-01-31,12.18,13.15,12.18,13.05,36393.73,46894.282,0.019083000000000003
2002-02-01,12.98,13.25,12.86,13.02,14855.68,19399.558,0.00779
2002-02-04,13.0,13.46,12.9,13.4,16884.68,22382.873,0.008853999999999999
2002-02-05,13.39,13.54,13.33,13.38,19395.57,26014.737,0.010169999999999998
2002-02-06,13.4,13.41,13.05,13.14,15317.02,20179.364,0.008032000000000001
2002-02-07,13.15,13.54,13.01,13.39,11949.77,16013.975,0.006266000000000001
2002-02-08,13.45,13.6,13.25,13.28,11788.45,15803.956,0.006181
2002-02-25,13.6,13.8,13.28,13.4,10858.61,14645.361,0.005694
2002-02-26,13.45,13.46,13.08,13.3,5464.52,7213.393,0.002865
2002-02-27,13.25,13.53,13.25,13.42,11025.13,14776.784,0.005781
2002-02-28,13.42,13.6,13.19,13.24,6054.1,8060.044,0.003175
2002-03-01,13.12,13.25,13.01,13.11,5340.96,7003.891,0.002801
2002-03-04,13.02,13.27,13.0,13.24,7440.52,9769.526,0.003902
2002-03-05,13.24,13.67,13.24,13.56,28988.03,39126.814,0.0152
2002-03-06,13.6,13.77,13.45,13.6,26575.09,36209.757,0.013935
2002-03-07,13.59,14.25,13.58,14.22,35838.12,50078.445,0.018792
2002-03-08,14.3,14.46,13.86,14.12,26058.68,36795.247,0.013664
2002-03-11,14.15,14.35,14.0,14.28,16390.34,23265.973,0.008594000000000001
2002-03-12,14.21,14.37,13.9,14.09,28416.48,40055.249,0.0149
2002-03-13,13.98,14.0,13.58,13.67,19443.55,26724.807,0.010195000000000001
2002-03-14,13.67,13.91,13.6,13.85,12972.24,17903.535,0.006802
2002-03-15,13.9,14.18,13.5,13.56,14950.11,20600.523,0.007839
2002-03-18,13.6,13.95,13.2,13.35,15470.46,20781.352,0.008112000000000001
2002-03-19,13.35,13.7,13.35,13.69,10641.53,14443.407,0.005580000000000001
2002-03-20,13.88,13.95,13.7,13.86,19332.34,26731.552,0.010137
2002-03-21,13.9,13.93,13.59,13.72,15992.23,21927.656,0.008386
2002-03-22,13.73,13.85,13.52,13.76,7544.13,10276.087,0.003956
2002-03-25,13.75,14.17,13.75,13.93,18706.27,26149.375,0.009809
2002-03-26,13.93,13.93,13.63,13.73,6166.33,8462.003,0.0032329999999999998
2002-03-27,13.7,13.82,13.6,13.79,3880.71,5308.788,0.002035
2002-03-28,13.78,13.86,13.67,13.83,3506.67,4824.698,0.0018390000000000001
2002-03-29,13.8,13.8,13.3,13.4,5799.87,7809.071,0.003041
2002-04-01,13.35,13.45,13.13,13.33,2227.85,2961.753,0.001168
2002-04-02,13.37,13.37,13.2,13.32,3533.04,4694.656,0.0018529999999999998
2002-04-03,13.32,13.39,13.15,13.17,3253.0,4317.754,0.001706
2002-04-04,13.2,13.5,13.0,13.5,5564.34,7402.851,0.002918
2002-04-05,13.49,13.49,13.18,13.36,6436.7,8583.688,0.0033750000000000004
2002-04-08,13.18,13.4,13.18,13.31,2856.77,3798.744,0.001498
2002-04-09,13.35,13.78,13.26,13.64,7106.53,9658.51,0.0037259999999999997
2002-04-10,13.66,13.96,13.66,13.82,13401.18,18570.626,0.007027
2002-04-11,13.82,13.82,13.44,13.48,5763.38,7836.053,0.0030220000000000004
2002-04-12,13.48,13.67,13.32,13.4,4051.71,5465.26,0.002125
2002-04-15,13.35,13.36,13.1,13.18,5935.67,7839.105,0.0031119999999999997
2002-04-16,13.18,13.3,13.1,13.19,6723.51,8853.906,0.003526
2002-04-17,13.2,13.42,13.14,13.16,4719.49,6230.77,0.0024749999999999998
2002-04-18,13.2,13.31,13.11,13.17,2772.72,3663.544,0.001454
2002-04-19,13.17,13.3,12.95,13.1,5558.96,7249.768,0.0029149999999999996
2002-04-22,13.11,13.2,13.01,13.11,1384.64,1812.527,0.000726
2002-04-23,13.11,13.27,13.0,13.11,1522.52,1996.409,0.000798
2002-04-24,13.11,13.11,12.82,12.89,2210.67,2868.018,0.001159
2002-04-25,12.83,12.97,12.8,12.86,2102.25,2700.398,0.0011020000000000001
2002-04-26,12.86,13.14,12.86,13.07,3790.2,4933.479,0.001987
2002-04-29,13.16,13.25,12.98,13.19,6996.01,9151.981,0.0036680000000000003
2002-04-30,13.25,13.4,13.02,13.19,4366.62,5772.656,0.00229
2002-05-08,13.2,13.23,13.09,13.1,2022.22,2659.734,0.00106
2002-05-09,13.1,13.17,13.0,13.02,2156.47,2816.48,0.001131
2002-05-10,13.06,13.06,12.9,12.91,2046.11,2651.183,0.0010730000000000002
2002-05-13,12.9,12.9,12.63,12.68,4266.57,5431.896,0.0022370000000000003
2002-05-14,12.63,12.8,12.51,12.53,2799.49,3541.997,0.0014680000000000001
2002-05-15,12.55,12.66,12.51,12.53,2667.02,3349.074,0.0013980000000000002
2002-05-16,12.5,12.51,12.08,12.15,9222.24,11281.428,0.004836
2002-05-17,12.18,12.4,12.14,12.23,4262.0,5225.085,0.002235
2002-05-20,12.2,12.2,11.95,12.04,3151.72,3791.932,0.001653
2002-05-21,12.42,12.49,12.16,12.3,7417.71,9141.846,0.0038900000000000002
2002-05-22,12.3,12.34,12.08,12.15,2199.15,2683.116,0.001153
2002-05-23,12.3,12.44,12.18,12.19,4391.71,5431.204,0.002303
2002-05-24,12.2,12.23,12.0,12.03,2460.89,2971.367,0.0012900000000000001
2002-05-27,12.09,12.18,12.04,12.15,789.28,954.489,0.000414
2002-05-28,12.3,12.3,12.1,12.2,886.74,1080.74,0.00046499999999999997
2002-05-29,12.22,12.22,11.88,12.0,3988.24,4775.112,0.002091
2002-05-30,12.0,12.12,11.8,11.92,2490.0,2962.092,0.0013059999999999999
2002-05-31,11.99,12.14,11.91,12.09,2230.58,2692.274,0.00117
2002-06-03,11.99,12.0,11.8,11.95,2093.35,2487.161,0.001098
2002-06-04,11.88,12.11,11.88,12.07,1908.18,2296.615,0.001001
2002-06-05,12.0,12.25,11.91,12.14,3096.63,3742.497,0.0016239999999999998
2002-06-06,12.11,13.0,12.07,12.78,10069.1,12618.843,0.00528
2002-06-07,12.74,12.84,12.52,12.64,8720.95,11076.623,0.004573
2002-06-10,12.6,12.77,12.5,12.53,1685.17,2121.755,0.000884
2002-06-11,12.58,12.8,12.51,12.6,1857.7,2349.426,0.000974
2002-06-12,12.52,12.75,12.4,12.6,1297.6,1619.727,0.00068
2002-06-13,12.59,12.7,12.5,12.61,1522.1,1917.938,0.000798
2002-06-14,12.47,12.5,12.37,12.38,1192.1,1484.135,0.000625
2002-06-17,12.3,12.55,12.2,12.53,1445.12,1785.935,0.0007580000000000001
2002-06-18,12.65,12.95,12.58,12.85,10613.71,13595.384,0.005565
2002-06-19,12.9,13.0,12.74,12.83,13451.48,17332.741,0.007053
2002-06-20,12.83,13.1,12.83,12.94,8624.4,11207.91,0.004522
2002-06-21,12.99,13.35,12.98,13.18,14173.83,18697.644,0.007431999999999999
2002-06-24,14.5,14.5,13.7,14.5,64551.67,92334.853,0.033847999999999996
2002-06-25,14.66,14.74,14.2,14.36,30224.24,43899.107,0.015848
2002-06-26,14.08,14.58,14.03,14.4,16446.69,23605.049,0.008624
2002-06-27,14.42,14.6,14.3,14.4,14014.32,20234.896,0.007349
2002-07-01,14.51,14.55,14.2,14.3,8637.4,12366.285,0.004529
2002-07-02,14.1,14.4,13.94,14.26,10903.43,15482.969,0.005717
2002-07-03,14.2,14.34,14.0,14.08,8012.79,11342.304,0.004202
2002-07-04,14.08,14.35,14.03,14.12,4903.13,6946.547,0.002571
2002-07-05,14.15,14.4,13.98,14.1,8985.09,12697.871,0.004711
2002-07-08,14.1,14.3,13.99,14.18,5613.89,7892.421,0.002944
2002-07-09,14.1,14.28,13.95,13.98,5686.32,7967.416,0.0029820000000000003
2002-07-10,14.01,14.01,13.51,13.72,8783.02,12037.482,0.004605000000000001
2002-07-11,13.73,13.89,13.49,13.71,5361.87,7356.517,0.0028120000000000003
2002-07-12,13.71,13.96,13.68,13.76,6376.5,8797.663,0.0033439999999999998
2002-07-15,13.6,13.92,13.3,13.7,6211.56,8535.281,0.003257
2002-07-16,13.64,13.8,13.6,13.77,4421.51,6066.442,0.002318
2002-07-17,13.91,13.95,13.68,13.9,4766.58,6584.571,0.002499
2002-07-18,13.92,13.96,13.78,13.81,4510.04,6249.716,0.002365
2002-07-19,13.85,14.1,13.8,14.0,9021.75,12596.78,0.004731
2002-07-22,14.0,14.19,13.86,13.88,4327.05,6022.503,0.0022689999999999997
2002-07-23,13.79,14.01,13.79,13.94,6472.76,9021.996,0.003394
2002-07-24,13.89,13.99,13.7,13.74,3902.89,5396.361,0.0020469999999999998
2002-07-25,13.88,13.88,13.59,13.65,2526.76,3449.148,0.001325
2002-07-26,13.6,13.6,13.44,13.5,3060.02,4130.59,0.001605
2002-07-29,13.47,13.59,13.3,13.59,2342.47,3144.223,0.0012280000000000001
2002-07-30,13.61,13.68,13.52,13.61,1385.74,1883.975,0.000727
2002-07-31,13.62,13.74,13.5,13.57,2169.0,2955.46,0.001137
2002-08-01,13.57,13.78,13.52,13.7,2789.3,3811.707,0.001463
2002-08-02,13.69,13.88,13.69,13.8,5374.75,7423.71,0.0028179999999999998
2002-08-05,13.98,13.98,13.75,13.81,2609.73,3605.572,0.001368
2002-08-06,13.86,13.86,13.75,13.82,4008.77,5537.94,0.002102
2002-08-07,13.88,13.9,13.66,13.75,1851.55,2555.043,0.0009710000000000001
2002-08-08,13.85,13.87,13.75,13.81,3438.75,4748.963,0.001803
2002-08-09,13.84,13.84,13.66,13.75,1123.55,1543.253,0.000589
2002-08-12,13.48,13.7,13.48,13.58,1107.75,1508.804,0.000581
2002-08-13,13.58,13.72,13.58,13.7,2580.4,3531.495,0.001353
2002-08-14,13.68,13.72,13.62,13.7,723.32,989.002,0.00037900000000000005
2002-08-15,13.79,13.79,13.4,13.43,1078.84,1460.872,0.000566
2002-08-16,13.45,13.78,13.45,13.65,3021.76,4122.646,0.0015840000000000001
2002-08-19,13.65,13.75,13.52,13.68,1210.2,1657.999,0.000635
2002-08-20,13.7,13.93,13.61,13.89,6029.3,8359.105,0.003162
2002-08-21,13.81,13.91,13.81,13.9,1681.37,2334.622,0.000882
2002-08-22,14.12,14.24,13.92,14.14,14587.43,20533.668,0.007649
2002-08-23,14.4,14.57,13.99,14.08,6987.55,9869.204,0.003664
2002-08-26,14.08,14.13,14.02,14.07,4140.25,5832.352,0.0021709999999999998
2002-08-27,14.1,14.14,13.95,13.99,3240.26,4536.073,0.001699
2002-08-28,14.1,14.1,13.95,13.97,4082.74,5720.224,0.002141
2002-08-29,13.99,14.1,13.94,13.98,5981.27,8381.765,0.003136
2002-08-30,13.97,14.04,13.92,13.94,1740.0,2434.311,0.000912
2002-09-02,13.95,14.0,13.85,13.98,1294.48,1805.799,0.000679
2002-09-03,13.96,14.02,13.91,13.99,947.98,1322.312,0.000497
2002-09-04,13.9,13.98,13.82,13.89,2297.66,3188.269,0.001205
2002-09-05,13.88,13.96,13.78,13.92,2958.61,4094.472,0.0015509999999999999
2002-09-06,13.8,13.92,13.8,13.87,2454.63,3396.81,0.0012870000000000002
2002-09-09,13.85,13.86,13.5,13.69,2723.39,3737.545,0.001428
2002-09-10,13.68,13.72,13.65,13.69,3815.1,5223.49,0.002
2002-09-11,13.69,13.73,13.55,13.64,10485.73,14277.146,0.005497999999999999
2002-09-12,13.64,13.82,13.49,13.8,4191.21,5725.672,0.002198
2002-09-13,13.8,14.03,13.72,14.0,10148.93,14198.769,0.005322
2002-09-16,13.96,14.04,13.78,13.98,4448.79,6200.623,0.002333
2002-09-17,13.98,14.0,13.79,14.0,5805.34,8056.887,0.003044
2002-09-18,14.0,14.03,13.78,13.9,2147.0,2979.937,0.001126
2002-09-19,13.78,14.01,13.77,13.97,3778.36,5256.273,0.001981
2002-09-20,13.96,14.05,13.85,14.01,10537.04,14755.895,0.0055249999999999995
2002-09-23,14.0,14.11,13.98,14.04,5430.54,7619.835,0.002848
2002-09-24,14.07,14.14,14.0,14.1,7008.95,9875.856,0.003675
2002-09-25,14.03,14.21,14.01,14.19,9515.72,13481.276,0.00499
2002-09-26,14.18,14.21,13.8,13.91,10909.73,15303.938,0.005721
2002-09-27,13.9,14.0,13.67,13.87,5564.85,7657.827,0.002918
2002-10-08,13.8,13.85,13.7,13.8,1715.52,2362.736,0.0009
2002-10-09,13.73,13.8,13.5,13.62,2800.97,3799.494,0.001469
2002-10-10,13.6,13.6,13.2,13.39,5947.19,7943.547,0.003118
2002-10-11,13.35,13.48,13.35,13.44,1830.62,2453.743,0.00096
2002-10-14,13.4,13.52,13.36,13.52,1868.03,2510.656,0.00098
2002-10-15,13.46,13.53,13.38,13.47,2738.75,3678.982,0.001436
2002-10-16,13.45,13.65,13.4,13.51,1577.92,2131.633,0.0008269999999999999
2002-10-17,13.5,13.52,13.28,13.44,1665.65,2236.905,0.0008730000000000001
2002-10-18,13.2,13.4,13.2,13.38,653.67,871.004,0.000343
2002-10-21,13.35,13.35,13.02,13.18,2067.66,2713.405,0.001084
2002-10-22,13.2,13.55,13.19,13.38,2256.43,3009.748,0.001183
2002-10-23,13.45,13.58,13.3,13.39,919.22,1230.635,0.000482
2002-10-24,13.35,13.35,13.21,13.25,865.03,1146.206,0.00045400000000000003
2002-10-25,13.24,13.41,13.13,13.17,669.95,886.091,0.00035099999999999997
2002-10-28,13.14,13.28,12.95,12.96,1839.99,2400.12,0.000965
2002-10-29,12.96,13.08,12.8,12.96,2203.06,2849.54,0.001155
2002-10-30,12.78,13.0,12.76,12.85,895.52,1149.333,0.00047
2002-10-31,12.85,13.0,12.8,12.88,926.76,1197.648,0.000486
2002-11-01,12.8,12.96,12.76,12.79,3112.08,3986.796,0.0016320000000000002
2002-11-04,12.85,13.0,12.76,12.98,2585.18,3316.061,0.001356
2002-11-05,12.9,13.17,12.9,13.12,2638.43,3458.933,0.0013830000000000001
2002-11-06,13.15,13.16,13.0,13.08,1087.03,1418.553,0.00057
2002-11-07,13.07,13.1,13.0,13.09,1405.49,1834.81,0.000737
2002-11-08,13.22,13.25,12.85,12.91,2453.37,3197.8,0.0012859999999999998
2002-11-11,12.9,12.95,12.81,12.84,1143.67,1472.852,0.0006
2002-11-12,12.84,13.1,12.67,12.84,2743.21,3502.85,0.001438
2002-11-13,12.77,12.78,12.45,12.78,3421.97,4300.006,0.001794
2002-11-14,12.75,12.75,12.5,12.68,2128.55,2682.614,0.001116
2002-11-15,12.45,12.6,12.2,12.51,3143.34,3902.103,0.001648
2002-11-18,12.35,12.58,11.95,12.11,4453.57,5411.593,0.0023350000000000003
2002-11-19,12.1,12.1,11.6,11.72,10184.37,11989.69,0.00534
2002-11-20,11.7,11.7,11.18,11.37,8658.95,9804.721,0.00454
2002-11-21,11.37,11.5,11.15,11.44,4573.65,5160.551,0.002398
2002-11-22,11.5,11.66,11.21,11.46,3199.02,3647.069,0.0016769999999999999
2002-11-25,11.42,11.5,11.28,11.4,1200.0,1365.369,0.000629
2002-11-26,11.35,11.5,11.19,11.39,1657.75,1875.818,0.0008690000000000001
2002-11-27,11.2,11.35,11.19,11.3,1194.0,1340.874,0.000626
2002-11-28,11.31,11.6,11.23,11.55,3030.73,3456.877,0.0015890000000000001
2002-11-29,11.6,11.87,11.53,11.8,4514.06,5295.295,0.0023669999999999997
2002-12-02,11.8,11.8,11.48,11.54,1137.9,1315.766,0.000597
2002-12-03,11.41,11.58,11.4,11.58,993.0,1141.672,0.000521
2002-12-04,11.7,11.7,11.1,11.6,2041.61,2345.512,0.001071
2002-12-05,11.42,11.5,11.33,11.46,1156.05,1318.13,0.000606
2002-12-06,11.35,11.56,11.3,11.5,568.52,648.926,0.000298
2002-12-09,11.41,11.51,11.4,11.5,521.25,597.917,0.000273
2002-12-10,11.5,11.51,11.2,11.44,2426.48,2735.979,0.0012720000000000001
2002-12-11,11.39,11.39,11.19,11.26,1249.0,1401.253,0.000655
2002-12-12,11.12,11.36,11.12,11.35,911.92,1031.214,0.000478
2002-12-13,11.17,11.44,11.17,11.41,1333.42,1510.678,0.0006990000000000001
2002-12-16,11.41,11.58,11.32,11.47,3923.2,4499.189,0.002057
2002-12-17,11.45,11.65,11.35,11.59,5653.71,6502.369,0.0029649999999999998
2002-12-18,11.58,11.85,11.57,11.84,13225.74,15481.97,0.006935
2002-12-19,11.82,11.87,11.69,11.76,7912.0,9303.833,0.004149
2002-12-20,11.77,12.05,11.74,12.03,18780.36,22320.242,0.009848
2002-12-23,12.03,12.1,11.86,11.92,12683.92,15172.251,0.006651000000000001
2002-12-24,11.92,12.0,11.73,11.93,13739.92,16289.79,0.0072050000000000005
2002-12-25,11.91,11.98,11.65,11.8,6057.8,7154.963,0.003176
2002-12-26,11.76,11.87,11.5,11.76,16888.36,19808.149,0.008856000000000001
2002-12-27,11.7,12.55,11.49,12.55,28736.67,34359.261,0.015068
2003-01-02,11.71,11.73,11.3,11.47,21249.15,24181.258,0.011142
2003-01-03,11.3,11.35,10.7,10.87,6670.84,7277.926,0.003498
2003-01-06,10.68,10.95,10.52,10.93,2267.49,2439.27,0.001189
2003-01-07,10.93,11.03,10.6,10.75,3279.57,3541.268,0.00172
2003-01-08,10.61,11.17,10.61,11.13,5510.81,6041.898,0.0028899999999999998
2003-01-09,11.12,11.33,10.9,11.24,7176.81,8000.13,0.0037630000000000003
2003-01-10,11.22,11.32,11.08,11.15,4053.41,4542.935,0.002125
2003-01-13,11.08,11.2,10.92,11.11,1788.53,1976.129,0.0009379999999999999
2003-01-14,11.01,11.7,10.9,11.65,22133.15,25341.342,0.011606
2003-01-15,11.71,11.96,11.47,11.69,18276.17,21443.176,0.009583000000000001
2003-01-16,11.69,11.99,11.63,11.98,20170.75,23893.065,0.010577000000000001
2003-01-17,11.99,12.13,11.65,11.78,12942.88,15340.954,0.006787
2003-01-20,11.78,11.83,11.45,11.76,12005.71,13878.39,0.006294999999999999
2003-01-21,11.71,11.99,11.6,11.73,11790.73,13885.275,0.006182999999999999
2003-01-22,11.7,11.7,11.4,11.64,7086.01,8152.013,0.0037159999999999997
2003-01-23,11.62,11.73,11.23,11.58,8847.73,10144.041,0.004639
2003-01-24,11.57,11.7,11.43,11.69,10343.95,11968.799,0.005424
2003-01-27,11.68,11.87,11.58,11.79,18819.87,22122.755,0.009868
2003-01-28,11.79,11.85,11.6,11.68,9783.93,11462.576,0.00513
2003-01-29,11.62,11.87,11.62,11.83,9804.45,11547.221,0.005141
2003-02-10,11.83,11.89,11.66,11.8,1517.43,1784.669,0.000796
2003-02-11,11.79,12.0,11.79,11.97,10177.77,12146.792,0.005337
2003-02-12,11.99,12.0,11.83,12.0,5720.26,6826.436,0.002999
2003-02-13,12.0,12.1,11.85,11.97,5283.64,6326.926,0.002771
2003-02-14,11.98,12.06,11.85,12.01,21000.28,25094.903,0.011012
2003-02-17,11.99,12.09,11.89,12.0,7143.61,8552.663,0.0037459999999999998
2003-02-18,12.0,12.07,11.75,11.92,9563.68,11392.369,0.0050149999999999995
2003-02-19,11.91,11.97,11.83,11.91,12475.02,14823.886,0.006541
2003-02-20,11.88,12.17,11.88,12.13,16320.02,19655.179,0.008558
2003-02-21,12.1,12.15,11.93,12.03,12458.32,14979.619,0.006533
2003-02-24,11.99,12.35,11.98,12.28,10287.75,12572.919,0.0053939999999999995
2003-02-25,12.28,12.48,12.27,12.42,10034.72,12465.444,0.005262
2003-02-26,12.45,12.58,12.35,12.55,11985.76,14977.46,0.006285
2003-02-27,12.55,12.6,12.39,12.49,6141.91,7659.802,0.003221
2003-02-28,12.47,12.47,12.24,12.45,4613.86,5703.267,0.002419
2003-03-03,12.4,12.73,12.4,12.7,17320.23,21911.583,0.009082
2003-03-04,12.69,12.75,12.58,12.69,14325.55,18166.968,0.007512
2003-03-05,12.68,12.76,12.46,12.5,9360.13,11770.355,0.004908
2003-03-06,12.49,12.68,12.45,12.58,27167.55,34173.58,0.014246000000000002
2003-03-07,12.5,12.6,12.35,12.41,2985.96,3728.246,0.001566
2003-03-10,12.4,12.5,12.15,12.2,4399.78,5381.906,0.002307
2003-03-11,12.18,12.29,12.12,12.2,1369.76,1666.465,0.000718
2003-03-12,12.2,12.2,12.09,12.18,1293.24,1570.677,0.000678
2003-03-13,12.19,12.4,12.19,12.29,4079.42,5025.564,0.0021390000000000003
2003-03-14,12.26,12.36,12.1,12.3,2007.53,2466.119,0.0010530000000000001
2003-03-17,12.3,12.38,12.1,12.29,6124.1,7506.549,0.003211
2003-03-18,12.27,12.55,12.27,12.43,13575.19,16869.985,0.007118
2003-03-19,12.43,12.49,12.29,12.42,1886.27,2337.11,0.000989
2003-03-20,12.4,12.65,12.38,12.57,16326.71,20489.022,0.008561
2003-03-21,12.57,12.62,12.48,12.58,2641.19,3315.942,0.0013850000000000002
2003-03-24,12.55,12.69,12.49,12.65,13850.23,17429.716,0.0072629999999999995
2003-03-25,12.65,12.68,12.44,12.52,4549.86,5710.142,0.002386
2003-03-26,12.52,12.55,12.45,12.54,2924.09,3657.917,0.0015329999999999999
2003-03-27,12.55,12.94,12.45,12.93,19754.73,25108.706,0.010359
2003-03-28,12.92,12.92,12.57,12.64,13700.31,17323.427,0.007184
2003-03-31,12.68,12.75,12.5,12.65,6823.32,8589.579,0.003578
2003-04-01,12.62,12.69,12.5,12.67,6561.52,8265.542,0.003441
2003-04-02,12.69,12.72,12.51,12.6,5069.41,6408.92,0.0026579999999999998
2003-04-03,12.65,12.68,12.47,12.55,6684.35,8364.199,0.003505
2003-04-04,12.52,12.65,12.48,12.55,5308.82,6654.34,0.002784
2003-04-07,12.55,12.65,12.3,12.44,7713.36,9610.054,0.004045
2003-04-08,12.42,12.49,12.2,12.3,8215.22,10111.522,0.004308
2003-04-09,12.28,12.3,12.16,12.22,12144.28,14819.201,0.006368
2003-04-10,12.22,12.56,12.17,12.44,33104.43,40872.512,0.017359
2003-04-11,12.48,12.63,12.28,12.33,12344.57,15284.662,0.006473
2003-04-14,12.33,12.7,12.3,12.58,24492.4,30499.797,0.012843
2003-04-15,12.63,13.4,12.6,13.38,88348.63,114793.746,0.046327
2003-04-16,13.4,13.42,12.72,12.8,30879.2,40039.738,0.016191999999999998
2003-04-17,12.81,13.02,12.61,13.0,22290.89,28678.64,0.011688
2003-04-18,13.15,13.9,13.15,13.77,85511.37,116549.965,0.044839000000000004
2003-04-21,13.89,14.1,13.5,13.51,77727.98,107461.071,0.040758
2003-04-22,13.78,14.22,13.68,13.99,103622.42,144231.335,0.054336
2003-04-23,14.01,14.1,13.75,14.03,54279.23,75726.195,0.028462
2003-04-24,14.08,14.45,13.68,13.9,85295.8,119867.948,0.044726
2003-04-25,13.92,14.28,13.45,13.58,54981.69,74887.891,0.02883
2003-04-28,13.59,14.3,13.59,14.09,82990.28,116360.697,0.043517
2003-04-29,14.15,14.15,13.68,13.87,41661.02,57732.918,0.021845
2003-04-30,13.85,13.97,13.5,13.62,32389.27,44135.251,0.016984
2003-05-12,13.68,13.89,13.6,13.75,17785.55,24359.029,0.009326
2003-05-13,13.8,14.17,13.75,13.99,81750.96,113760.915,0.042866999999999995
2003-05-14,14.0,14.0,13.63,13.87,36591.22,50385.975,0.019187
2003-05-15,13.9,14.3,13.88,14.3,96660.7,136813.279,0.050685
2003-05-16,14.32,14.4,14.08,14.25,58734.95,83471.041,0.030798000000000002
2003-05-19,14.28,14.53,14.2,14.53,63798.59,91882.792,0.033453
2003-05-20,14.55,14.55,14.23,14.33,37371.34,53714.191,0.019596
2003-05-21,14.33,14.37,14.1,14.19,16200.89,22974.445,0.008495
2003-05-22,14.19,14.29,14.01,14.11,19931.93,28079.972,0.010452
2003-05-23,14.11,14.2,14.03,14.12,27307.01,38527.974,0.014319
2003-05-26,14.12,14.25,14.04,14.1,15816.08,22262.811,0.008293
2003-05-27,14.07,14.2,14.04,14.13,21044.54,29642.633,0.011035
2003-05-28,14.2,14.2,14.0,14.1,23832.34,33505.964,0.012497000000000001
2003-05-29,14.07,14.15,14.02,14.12,26518.19,37344.896,0.013905
2003-05-30,14.13,14.41,14.08,14.4,67388.5,95583.61,0.035336
2003-06-02,14.41,14.77,14.41,14.67,70251.01,102517.177,0.036837
2003-06-03,14.68,14.75,14.45,14.54,21058.74,30608.213,0.011042000000000001
2003-06-04,14.49,14.6,14.18,14.31,17938.81,25650.367,0.009406
2003-06-05,14.3,14.4,14.2,14.38,20802.06,29727.414,0.010908
2003-06-06,14.38,14.38,14.16,14.27,13685.05,19491.425,0.007176
2003-06-09,14.19,14.25,13.77,13.98,20638.07,28896.268,0.010822
2003-06-10,13.89,14.03,13.83,14.02,9215.74,12828.3,0.004832
2003-06-12,14.0,14.2,13.88,14.16,13878.23,19533.805,0.0072770000000000005
2003-06-13,14.16,14.23,14.0,14.15,6650.66,9364.594,0.003487
2003-06-16,14.15,14.29,14.07,14.13,6477.94,9149.204,0.003397
2003-06-17,14.15,14.25,14.1,14.2,12001.36,17002.821,0.006293
2003-06-18,14.21,14.25,14.04,14.17,13501.3,19100.514,0.0070799999999999995
2003-06-19,9.27,9.38,9.07,9.26,15954.91,14665.1,0.008366
2003-06-20,9.21,9.23,9.03,9.16,8845.7,8064.602,0.0030919999999999997
2003-06-23,9.15,9.15,8.9,9.01,6771.26,6080.197,0.0023669999999999997
2003-06-24,8.99,9.05,8.88,8.99,6429.95,5749.061,0.002248
2003-06-25,8.98,8.99,8.8,8.93,4914.09,4370.2,0.0017180000000000001
2003-06-26,8.89,9.01,8.78,8.99,41554.17,37083.597,0.014525999999999999
2003-06-27,9.0,9.2,8.9,9.02,51547.93,46534.977,0.01802
2003-06-30,9.0,9.0,8.81,8.86,8186.93,7278.722,0.002862
2003-07-01,8.83,8.92,8.31,8.59,10523.25,9137.496,0.003679
2003-07-02,8.6,8.63,8.28,8.43,14215.17,11895.584,0.004969
2003-07-03,8.37,8.55,8.32,8.54,17484.02,14732.584,0.006111999999999999
2003-07-04,8.5,8.64,8.4,8.5,8885.5,7622.013,0.003106
2003-07-07,8.49,8.49,8.25,8.32,6871.66,5712.414,0.002402
2003-07-08,8.32,8.35,8.27,8.34,4675.89,3881.066,0.0016350000000000002
2003-07-09,8.34,8.41,8.24,8.28,4096.68,3401.684,0.001432
2003-07-10,8.26,8.39,8.2,8.31,6316.13,5251.535,0.002208
2003-07-11,8.31,8.4,8.14,8.15,12046.46,9907.639,0.0042109999999999995
2003-07-14,8.16,8.37,8.16,8.33,12895.45,10698.842,0.004508
2003-07-15,8.38,8.45,8.27,8.37,9443.23,7892.983,0.003301
2003-07-16,8.37,8.45,8.21,8.28,8330.45,6923.55,0.002912
2003-07-17,8.28,8.35,8.14,8.28,12918.14,10607.094,0.004516
2003-07-18,8.27,8.27,8.08,8.17,9388.46,7640.078,0.0032819999999999998
2003-07-21,8.1,8.1,7.8,7.99,10498.17,8327.254,0.00367
2003-07-22,8.01,8.17,7.85,7.98,4678.4,3707.576,0.0016350000000000002
2003-07-23,7.95,7.95,7.8,7.93,4953.34,3896.708,0.001732
2003-07-24,7.85,7.94,7.77,7.81,4776.13,3731.867,0.00167
2003-07-25,7.81,7.89,7.66,7.86,6986.36,5416.305,0.002442
2003-07-28,7.83,7.83,7.66,7.74,4388.0,3384.342,0.001534
2003-07-29,7.68,7.81,7.68,7.79,2696.25,2094.876,0.0009429999999999999
2003-07-30,7.77,7.82,7.72,7.77,4408.0,3426.11,0.0015409999999999998
2003-07-31,7.76,7.91,7.74,7.89,6312.4,4930.402,0.002207
2003-08-01,7.87,7.98,7.78,7.84,8417.49,6624.209,0.002943
2003-08-04,7.84,7.94,7.8,7.85,4307.55,3374.315,0.0015060000000000002
2003-08-05,7.86,7.89,7.7,7.8,3940.26,3060.901,0.001377
2003-08-06,7.78,7.8,7.7,7.78,5338.1,4127.844,0.0018659999999999998
2003-08-07,7.8,7.8,7.72,7.78,1977.15,1531.936,0.000691
2003-08-08,7.77,7.82,7.68,7.8,4481.12,3470.132,0.001566
2003-08-11,7.8,7.8,7.7,7.8,1890.51,1463.176,0.000661
2003-08-12,7.77,7.8,7.71,7.79,1795.52,1393.611,0.000628
2003-08-13,7.8,7.82,7.71,7.8,1815.91,1405.453,0.000635
2003-08-14,7.79,7.79,7.67,7.75,3184.84,2461.324,0.001113
2003-08-15,7.73,7.77,7.63,7.73,2914.77,2241.131,0.001019
2003-08-18,7.72,7.72,7.58,7.7,2379.51,1817.722,0.000832
2003-08-19,7.69,7.69,7.63,7.68,1194.48,915.085,0.00041799999999999997
2003-08-20,7.65,7.68,7.55,7.63,2699.59,2053.738,0.000944
2003-08-21,7.65,7.65,7.53,7.63,2221.64,1687.448,0.000777
2003-08-22,7.6,7.68,7.52,7.67,3210.59,2434.795,0.001122
2003-08-25,7.66,7.66,7.45,7.62,5732.53,4323.367,0.002004
2003-08-26,7.57,7.58,7.5,7.58,2120.11,1599.677,0.000741
2003-08-27,7.57,7.61,7.48,7.6,1606.96,1211.451,0.000562
2003-08-28,7.59,7.59,7.48,7.57,2321.86,1743.852,0.0008119999999999999
2003-08-29,7.55,7.58,7.44,7.55,2624.98,1969.833,0.0009180000000000001
2003-09-01,7.54,7.67,7.52,7.63,3119.84,2374.137,0.001091
2003-09-02,7.65,7.71,7.56,7.63,2639.14,2005.531,0.0009229999999999999
2003-09-03,7.64,7.64,7.48,7.58,3978.76,3001.062,0.001391
2003-09-04,7.58,7.81,7.58,7.7,10294.25,7966.047,0.0035989999999999998
2003-09-05,7.69,7.69,7.55,7.65,3656.73,2780.446,0.001278
2003-09-08,7.64,7.64,7.52,7.63,1770.07,1339.59,0.000619
2003-09-09,7.62,7.77,7.56,7.65,2953.41,2268.513,0.001032
2003-09-10,7.76,7.8,7.67,7.74,4465.25,3457.129,0.0015609999999999999
2003-09-11,7.7,7.75,7.62,7.7,1537.43,1179.426,0.0005369999999999999
2003-09-12,7.67,7.69,7.5,7.52,2059.5,1556.78,0.0007199999999999999
2003-09-15,7.53,7.57,7.48,7.54,3290.03,2477.084,0.00115
2003-09-16,7.53,7.62,7.45,7.59,2976.57,2234.658,0.001041
2003-09-17,7.56,7.65,7.5,7.56,1368.31,1032.957,0.000478
2003-09-18,7.55,7.6,7.46,7.55,1634.0,1230.181,0.000571
2003-09-19,7.55,7.6,7.41,7.51,3146.0,2350.305,0.0011
2003-09-22,7.5,7.5,7.38,7.47,2071.47,1539.367,0.000724
2003-09-23,7.46,7.49,7.37,7.49,2000.77,1484.011,0.0006990000000000001
2003-09-24,7.5,7.55,7.43,7.47,1122.53,839.786,0.000392
2003-09-25,7.48,7.49,7.36,7.45,1570.18,1163.245,0.000549
2003-09-26,7.43,7.43,7.3,7.41,1870.21,1378.51,0.000654
2003-09-29,7.39,7.55,7.26,7.53,4974.99,3695.499,0.001739
2003-09-30,7.49,7.49,7.38,7.49,1657.93,1233.823,0.00058
2003-10-08,7.45,7.48,7.35,7.38,904.0,669.557,0.00031600000000000004
2003-10-09,7.38,7.49,7.34,7.43,1473.3,1088.365,0.0005149999999999999
2003-10-13,7.52,7.59,7.43,7.48,3173.1,2386.534,0.001109
2003-10-14,7.48,7.48,7.35,7.38,2072.13,1529.024,0.000724
2003-10-15,7.38,7.46,7.29,7.36,2818.98,2079.176,0.000985
2003-10-16,7.35,7.38,7.25,7.29,1539.33,1121.151,0.000538
2003-10-17,7.28,7.3,7.25,7.28,1182.94,860.698,0.000414
2003-10-20,7.27,7.28,7.15,7.26,3289.99,2375.734,0.00115
2003-10-21,7.22,7.25,7.14,7.24,2408.96,1731.257,0.000842
2003-10-22,7.28,7.35,7.18,7.33,4381.23,3188.994,0.001532
2003-10-23,7.38,7.38,7.19,7.26,4507.08,3272.957,0.001576
2003-10-24,7.25,7.25,7.09,7.15,5330.78,3815.973,0.0018640000000000002
2003-10-27,7.13,7.25,7.07,7.2,2785.7,1986.82,0.000974
2003-10-28,7.18,7.2,7.04,7.18,3058.37,2174.77,0.0010689999999999999
2003-10-29,7.16,7.16,6.95,7.09,4217.05,2976.653,0.001474
2003-10-30,7.06,7.06,6.86,6.99,9744.01,6754.547,0.003406
2003-10-31,6.95,7.0,6.85,6.91,4420.5,3057.532,0.001545
2003-11-03,6.91,6.91,6.75,6.85,7626.49,5184.382,0.002666
2003-11-04,6.85,7.05,6.8,6.9,15556.73,10730.187,0.005437999999999999
2003-11-05,6.93,6.93,6.78,6.87,12188.04,8315.777,0.004261
2003-11-06,6.87,6.9,6.64,6.75,6216.52,4209.545,0.002173
2003-11-07,6.73,6.73,6.49,6.55,15494.67,10133.041,0.005417
2003-11-10,6.53,6.53,6.3,6.45,5868.24,3742.296,0.002051
2003-11-11,6.39,6.5,6.28,6.37,3073.77,1942.954,0.001075
2003-11-12,6.33,6.5,6.29,6.38,1716.1,1090.517,0.0006
2003-11-13,6.41,6.41,6.28,6.35,2101.03,1328.418,0.0007340000000000001
2003-11-14,6.35,6.47,6.3,6.45,3137.44,2001.864,0.001097
2003-11-17,6.44,6.47,6.35,6.41,1274.0,814.346,0.000445
2003-11-18,6.41,6.41,6.28,6.37,2163.87,1370.808,0.000756
2003-11-19,6.35,6.66,6.3,6.51,7200.81,4641.277,0.0025169999999999997
2003-11-20,6.51,6.78,6.46,6.68,8349.34,5536.692,0.0029189999999999997
2003-11-21,6.73,6.73,6.53,6.57,7300.69,4835.819,0.002552
2003-11-24,6.6,6.9,6.6,6.9,32346.94,22063.666,0.011308
2003-11-25,6.95,7.02,6.79,6.98,22278.9,15441.085,0.007788000000000001
2003-11-26,6.9,7.05,6.89,6.97,15550.95,10843.658,0.005436
2003-11-27,6.99,6.99,6.77,6.9,9299.3,6381.524,0.003251
2003-11-28,6.89,6.92,6.8,6.88,8911.28,6106.375,0.003115
2003-12-01,6.9,6.97,6.88,6.95,11395.04,7902.036,0.0039829999999999996
2003-12-02,7.0,7.0,6.85,6.88,9234.46,6380.05,0.003228
2003-12-03,6.92,7.09,6.9,7.01,21607.88,15200.316,0.007554
2003-12-04,7.05,7.15,6.94,6.98,10342.21,7262.293,0.0036149999999999997
2003-12-05,6.99,7.1,6.94,6.96,6713.04,4687.788,0.002347
2003-12-08,6.96,6.97,6.88,6.95,8338.56,5779.511,0.0029149999999999996
2003-12-09,6.95,6.99,6.8,6.86,4496.19,3094.772,0.001572
2003-12-10,6.86,7.01,6.86,6.95,11224.03,7810.64,0.003924
2003-12-11,6.96,7.06,6.81,6.89,6594.84,4536.425,0.002305
2003-12-12,6.9,6.99,6.85,6.92,3868.02,2671.312,0.001352
2003-12-15,6.92,7.08,6.87,7.02,16619.39,11628.286,0.005809999999999999
2003-12-16,7.0,7.03,6.84,6.99,6198.52,4286.717,0.002167
2003-12-17,6.98,7.12,6.89,7.07,20731.78,14576.579,0.007247
2003-12-18,7.2,7.28,7.03,7.1,35886.44,25663.11,0.012544999999999999
2003-12-19,7.1,7.12,6.8,6.89,17436.08,12076.872,0.006095000000000001
2003-12-22,6.85,6.86,6.48,6.84,17785.42,11824.284,0.006217
2003-12-23,6.88,6.9,6.69,6.74,12638.16,8573.436,0.004418
2003-12-24,6.7,6.82,6.7,6.79,7190.68,4851.125,0.002514
2003-12-25,6.79,6.79,6.63,6.69,7059.53,4740.107,0.0024679999999999997
2003-12-26,6.8,6.82,6.65,6.71,7297.7,4897.581,0.002551
2003-12-29,6.8,7.01,6.8,6.83,18438.3,12782.845,0.0064459999999999995
2003-12-30,6.83,6.94,6.65,6.89,19149.7,12936.493,0.006694
2003-12-31,6.89,7.13,6.68,7.0,30444.74,21215.066,0.010643
2004-01-02,6.73,6.82,6.7,6.71,12611.0,8506.222,0.0044080000000000005
2004-01-05,6.73,6.73,6.49,6.59,19979.07,13108.984,0.006984000000000001
2004-01-06,6.68,6.73,6.57,6.63,13643.74,9041.941,0.004769
2004-01-07,6.62,6.63,6.53,6.62,16951.24,11143.639,0.005926
2004-01-08,6.64,7.01,6.64,6.88,29337.79,19994.581,0.010256000000000001
2004-01-09,6.91,7.0,6.81,6.81,22113.64,15315.905,0.00773
2004-01-12,6.8,6.85,6.72,6.79,12514.0,8483.598,0.004375
2004-01-13,6.8,7.01,6.8,6.98,29114.96,20127.714,0.010178
2004-01-14,7.01,7.18,6.95,7.12,35069.27,24907.905,0.012258999999999999
2004-01-15,7.13,7.17,7.01,7.01,19380.05,13684.916,0.006775
2004-01-16,7.03,7.1,6.98,7.05,19932.83,14020.501,0.006967999999999999
2004-01-29,7.12,7.35,7.12,7.3,24780.23,18037.874,0.008662999999999999
2004-01-30,7.31,7.32,7.13,7.16,24582.24,17701.132,0.008593
2004-02-02,7.25,7.45,7.15,7.29,23325.81,16932.256,0.008154
2004-02-03,7.3,7.38,7.24,7.36,26806.47,19564.278,0.009371
2004-02-04,7.45,7.78,7.45,7.73,66991.14,51073.887,0.023418
2004-02-05,7.7,7.99,7.68,7.77,62528.71,48929.649,0.021858
2004-02-06,7.7,7.96,7.65,7.71,33112.61,25832.046,0.011575
2004-02-09,7.7,7.86,7.64,7.73,40747.81,31491.819,0.014244000000000001
2004-02-10,7.76,7.98,7.7,7.86,39157.21,30735.348,0.013688
2004-02-11,7.88,7.93,7.76,7.86,22908.84,17866.835,0.008008
2004-02-12,7.86,7.93,7.73,7.75,21412.07,16757.024,0.007485
2004-02-13,7.75,7.86,7.68,7.68,16605.98,12872.247,0.005805
2004-02-16,7.68,7.8,7.61,7.8,23201.37,17871.06,0.008111
2004-02-17,7.84,8.18,7.82,8.14,53548.63,42949.498,0.018719
2004-02-18,8.14,8.15,7.94,8.05,26775.86,21471.833,0.00936
2004-02-19,8.06,8.09,7.86,7.94,26755.37,21254.489,0.009353
2004-02-20,7.94,8.0,7.81,7.97,17585.17,13866.818,0.0061470000000000006
2004-02-23,8.0,8.02,7.66,7.68,32372.03,25220.627,0.011316
2004-02-24,7.66,7.85,7.5,7.84,34921.43,26735.594,0.012208000000000002
2004-02-25,8.06,8.35,7.98,8.0,165141.08,135100.826,0.057729
2004-02-26,7.95,7.95,7.7,7.79,33548.12,26106.954,0.011728
2004-02-27,7.8,7.85,7.68,7.82,41636.41,32177.004,0.014555
2004-03-01,7.78,7.83,7.61,7.83,23265.23,17929.142,0.008133
2004-03-02,7.85,7.88,7.71,7.86,19101.61,14905.253,0.006677
2004-03-03,7.85,7.85,7.66,7.69,15716.04,12152.57,0.005494
2004-03-04,7.69,7.69,7.51,7.61,14843.97,11246.294,0.005189
2004-03-05,7.62,7.7,7.55,7.56,10087.53,7658.907,0.003526
2004-03-08,7.56,7.59,7.32,7.33,15313.36,11355.171,0.005353
2004-03-09,7.33,7.39,7.23,7.23,17432.68,12718.714,0.0060940000000000005
2004-03-10,7.28,7.4,7.2,7.4,14555.81,10632.406,0.0050880000000000005
2004-03-11,7.4,7.48,7.28,7.44,19480.12,14394.831,0.00681
2004-03-12,7.45,7.63,7.45,7.51,31783.31,23957.956,0.011111
2004-03-15,7.55,7.63,7.48,7.59,18884.81,14259.114,0.006602
2004-03-16,7.6,7.65,7.53,7.61,18194.45,13783.947,0.00636
2004-03-17,7.61,7.63,7.49,7.54,11786.21,8876.435,0.0041199999999999995
2004-03-18,7.54,7.6,7.47,7.5,15447.89,11625.673,0.0054
2004-03-19,7.48,7.64,7.35,7.63,27503.67,20624.596,0.009615
2004-03-22,7.75,7.88,7.68,7.84,73698.63,57343.369,0.025762999999999998
2004-03-23,7.79,7.83,7.71,7.79,20157.26,15659.389,0.007046
2004-03-24,7.88,7.88,7.71,7.74,15518.6,12072.496,0.005425
2004-03-25,7.71,7.75,7.55,7.59,23565.1,17963.951,0.008238
2004-03-26,7.59,7.63,7.48,7.53,25785.38,19361.062,0.009014
2004-03-29,7.58,7.66,7.49,7.51,22249.88,16881.757,0.007778
2004-03-30,7.51,7.55,7.38,7.47,16828.27,12549.527,0.005883
2004-03-31,7.51,7.61,7.48,7.6,14286.35,10783.728,0.004994
2004-04-01,7.6,7.68,7.55,7.66,12687.69,9675.787,0.004435
2004-04-02,7.7,7.74,7.66,7.68,15080.51,11590.165,0.005272
2004-04-05,7.65,7.84,7.65,7.81,33583.4,26133.983,0.011739999999999999
2004-04-06,7.84,8.0,7.82,8.0,58415.99,46401.76,0.020421
2004-04-07,8.08,8.1,7.93,7.94,41686.27,33332.017,0.014572
2004-04-08,7.94,8.01,7.84,7.86,24487.98,19328.896,0.00856
2004-04-09,7.86,7.88,7.65,7.68,22378.94,17315.494,0.007823
2004-04-12,7.62,7.69,7.54,7.65,14207.04,10817.277,0.004966
2004-04-13,7.65,8.0,7.63,7.93,38731.07,30329.199,0.013539
2004-04-14,7.93,7.93,7.64,7.7,23436.71,18172.312,0.008193
2004-04-15,7.69,7.8,7.65,7.71,11212.37,8669.538,0.00392
2004-04-16,7.71,7.74,7.38,7.55,19326.36,14573.099,0.006756
2004-04-19,7.51,7.72,7.51,7.52,13482.0,10215.367,0.004713
2004-04-20,7.53,7.66,7.42,7.57,8480.83,6403.864,0.0029649999999999998
2004-04-21,7.57,7.64,7.47,7.5,6055.39,4558.306,0.002117
2004-04-22,7.45,7.56,7.45,7.55,6135.26,4600.728,0.0021449999999999998
2004-04-23,7.65,7.78,7.47,7.55,22983.54,17446.364,0.008034
2004-04-26,7.53,7.53,7.38,7.41,7804.73,5823.68,0.002728
2004-04-27,7.5,7.5,7.3,7.35,9971.29,7348.126,0.0034860000000000004
2004-04-28,7.3,7.39,7.24,7.3,6716.35,4900.32,0.0023480000000000003
2004-04-29,7.26,7.36,7.08,7.08,8868.64,6368.296,0.0031
2004-04-30,7.06,7.18,7.05,7.1,6349.36,4514.168,0.00222
2004-05-10,7.16,7.17,6.97,6.98,4259.93,2993.909,0.001489
2004-05-11,6.97,7.04,6.92,6.98,3797.96,2648.226,0.001328
2004-05-12,6.98,7.13,6.95,7.12,4979.95,3515.972,0.0017410000000000001
2004-05-13,7.12,7.12,7.01,7.06,3636.72,2568.813,0.001271
2004-05-14,7.06,7.06,6.84,6.87,6940.0,4809.866,0.002426
2004-05-17,6.87,6.87,6.62,6.7,9744.66,6582.063,0.003406
2004-05-18,6.7,6.84,6.7,6.84,9274.16,6250.344,0.003242
2004-05-19,6.84,6.94,6.84,6.87,5314.43,3658.953,0.0018579999999999998
2004-05-20,6.87,6.99,6.84,6.91,4387.21,3029.321,0.001534
2004-05-21,6.91,6.93,6.8,6.89,3246.99,2222.298,0.001135
2004-05-24,6.92,6.93,6.8,6.81,2380.0,1626.966,0.000832
2004-05-25,6.79,6.8,6.67,6.7,4001.35,2687.263,0.001399
2004-05-26,6.68,6.76,6.65,6.7,4306.94,2887.204,0.0015060000000000002
2004-05-27,6.7,6.85,6.68,6.82,4216.96,2865.219,0.001474
2004-05-28,6.83,6.98,6.81,6.83,5652.72,3885.587,0.001976
2004-05-31,6.88,6.89,6.78,6.81,2049.84,1398.452,0.000717
2004-06-01,6.81,6.89,6.8,6.88,6428.63,4404.927,0.0022470000000000003
2004-06-02,6.87,6.88,6.74,6.74,6657.5,4515.104,0.002327
2004-06-03,6.74,6.75,6.65,6.68,5950.38,3976.117,0.00208
2004-06-04,6.68,6.78,6.66,6.69,4528.15,3034.709,0.001583
2004-06-07,6.66,6.67,6.56,6.59,4365.42,2884.868,0.0015260000000000002
2004-06-08,6.58,6.64,6.5,6.51,6629.27,4334.537,0.002317
2004-06-09,6.52,6.56,6.38,6.4,6231.44,4033.712,0.002178
2004-06-10,6.38,6.42,6.3,6.36,6099.2,3873.298,0.002132
2004-06-11,6.36,6.46,6.33,6.38,5187.91,3327.009,0.001814
2004-06-14,6.35,6.35,6.1,6.13,6384.57,3934.797,0.002232
2004-06-15,6.13,6.29,6.1,6.27,4423.49,2740.655,0.0015459999999999998
2004-06-16,6.28,6.35,6.22,6.25,4038.63,2537.037,0.0014119999999999998
2004-06-17,6.25,6.4,6.16,6.18,3112.06,1944.359,0.001088
2004-06-18,6.18,6.22,6.1,6.17,3513.49,2150.63,0.0012280000000000001
2004-06-21,6.15,6.22,6.1,6.2,2672.38,1650.411,0.0009339999999999999
2004-06-22,6.29,6.5,6.29,6.42,14417.6,9264.947,0.00504
2004-06-23,6.4,6.4,6.28,6.35,4164.3,2635.084,0.001456
2004-06-24,6.4,6.5,6.37,6.43,7090.18,4561.833,0.0024790000000000003
2004-06-25,6.42,6.42,6.22,6.22,4860.21,3045.771,0.001699
2004-06-28,6.15,6.2,6.07,6.09,3998.24,2444.095,0.0013980000000000002
2004-06-30,6.22,6.24,6.09,6.09,3048.77,1875.461,0.001066
2004-07-01,6.09,6.26,6.09,6.22,5630.09,3490.165,0.001968
2004-07-02,6.28,6.28,6.1,6.24,4645.11,2874.156,0.0016239999999999998
2004-07-05,6.25,6.28,6.22,6.26,3788.48,2367.231,0.0013239999999999999
2004-07-06,6.25,6.35,6.25,6.28,3531.49,2225.717,0.001235
2004-07-07,6.26,6.26,6.13,6.17,2642.32,1629.12,0.0009239999999999999
2004-07-08,6.15,6.17,6.08,6.13,6967.34,4258.169,0.0024360000000000002
2004-07-09,6.13,6.18,6.05,6.16,13854.26,8436.074,0.004843
2004-07-12,6.13,6.13,5.92,6.01,7784.76,4679.189,0.002721
2004-07-13,6.0,6.0,5.82,5.87,8947.51,5267.756,0.003128
2004-07-14,5.89,5.89,5.69,5.84,6182.81,3564.185,0.0021609999999999997
2004-07-15,5.8,5.86,5.75,5.85,4054.33,2354.285,0.0014169999999999999
2004-07-16,5.9,5.99,5.86,5.97,11511.12,6840.323,0.004024
2004-07-19,5.98,6.0,5.9,5.95,4857.15,2896.113,0.001698
2004-07-20,5.9,5.95,5.82,5.85,4493.76,2633.408,0.001571
2004-07-21,5.85,5.95,5.8,5.89,4133.99,2410.196,0.0014449999999999999
2004-07-22,5.88,5.88,5.71,5.78,5506.49,3179.113,0.001925
2004-07-23,5.7,5.74,5.6,5.73,9756.84,5512.503,0.003411
2004-07-26,5.7,5.7,5.55,5.62,5273.83,2962.511,0.0018440000000000002
2004-07-27,5.6,5.64,5.45,5.53,6900.45,3814.706,0.002412
2004-07-28,5.53,5.55,5.45,5.5,4778.81,2624.511,0.001671
2004-07-29,5.5,5.57,5.48,5.56,5177.54,2860.762,0.00181
2004-07-30,5.56,5.62,5.54,5.56,4331.48,2418.301,0.0015140000000000002
2004-08-02,5.54,5.55,5.47,5.51,2184.44,1200.884,0.0007639999999999999
2004-08-03,5.53,5.58,5.48,5.5,2616.68,1440.767,0.000915
2004-08-04,5.5,5.69,5.49,5.61,14320.38,7996.091,0.005006
2004-08-05,5.62,5.65,5.54,5.54,6057.59,3386.311,0.002118
2004-08-06,5.53,5.66,5.49,5.66,6757.8,3774.042,0.002362
2004-08-09,5.64,5.66,5.56,5.62,4437.21,2492.928,0.0015509999999999999
2004-08-10,5.65,5.66,5.58,5.6,4636.21,2605.872,0.001621
2004-08-11,5.65,5.65,5.5,5.53,3670.93,2040.712,0.001283
2004-08-12,5.51,5.51,5.4,5.43,6547.32,3553.677,0.002289
2004-08-13,5.42,5.5,5.42,5.45,1823.0,993.465,0.0006370000000000001
2004-08-16,5.43,5.45,5.32,5.34,4275.47,2302.292,0.001495
2004-08-17,5.34,5.38,5.27,5.37,2709.26,1444.624,0.000947
2004-08-18,5.35,5.42,5.31,5.32,2516.13,1343.144,0.0008799999999999999
2004-08-19,5.32,5.35,5.22,5.25,3361.4,1769.178,0.0011749999999999998
2004-08-20,5.25,5.25,5.1,5.17,2775.21,1428.543,0.00097
2004-08-23,5.25,5.35,5.22,5.3,6180.83,3268.756,0.0021609999999999997
2004-08-24,5.3,5.45,5.26,5.38,10075.42,5425.566,0.003522
2004-08-25,5.4,5.5,5.34,5.4,8809.79,4795.353,0.00308
2004-08-26,5.45,5.45,5.37,5.37,2399.0,1293.351,0.000839
2004-08-27,5.37,5.41,5.33,5.37,3049.56,1634.13,0.001066
2004-08-30,5.36,5.37,5.27,5.37,2173.2,1156.591,0.0007599999999999999
2004-08-31,5.5,5.53,5.41,5.45,9803.07,5351.738,0.003427
2004-09-01,5.45,5.46,5.36,5.38,2369.81,1279.274,0.000828
2004-09-02,5.39,5.45,5.31,5.44,4181.17,2253.682,0.001462
2004-09-03,5.44,5.44,5.35,5.4,9124.16,4911.387,0.00319
2004-09-06,5.39,5.4,5.29,5.36,5731.21,3049.873,0.002003
2004-09-07,5.36,5.38,5.3,5.34,3405.26,1810.353,0.0011899999999999999
2004-09-08,5.34,5.38,5.3,5.34,2849.04,1522.349,0.000996
2004-09-09,5.34,5.34,5.25,5.27,3603.59,1902.915,0.00126
2004-09-10,5.22,5.44,5.22,5.33,4945.4,2632.716,0.001729
2004-09-13,5.3,5.37,5.21,5.23,3173.37,1670.112,0.001109
2004-09-14,5.23,5.41,5.23,5.39,16009.38,8571.842,0.005596
2004-09-15,5.41,5.68,5.4,5.64,75446.81,42157.731,0.026373999999999998
2004-09-16,5.64,5.69,5.56,5.63,28521.39,16038.607,0.00997
2004-09-17,5.64,5.88,5.64,5.87,62734.89,36518.996,0.02193
2004-09-20,5.91,6.23,5.8,6.2,70149.89,42092.733,0.024523000000000003
2004-09-21,6.25,6.27,6.02,6.1,51500.94,31560.663,0.018003
2004-09-22,6.0,6.1,5.88,5.93,38690.99,23157.648,0.013525
2004-09-23,5.9,6.09,5.89,6.08,37854.87,22535.668,0.013233
2004-09-24,6.08,6.17,5.81,5.84,50070.27,30250.246,0.017503
2004-09-27,5.88,5.99,5.8,5.88,29254.84,17147.504,0.010227
2004-09-28,5.86,5.94,5.75,5.85,9410.06,5482.779,0.00329
2004-09-29,5.87,5.91,5.71,5.73,20701.32,12084.806,0.007237
2004-09-30,5.73,5.8,5.58,5.61,12679.04,7189.068,0.004432
2004-10-08,5.65,5.7,5.46,5.58,75656.11,41940.324,0.026447
2004-10-11,5.54,5.72,5.53,5.58,63120.07,35556.045,0.022065
2004-10-12,5.6,5.71,5.6,5.62,30030.51,16955.464,0.010498
2004-10-13,5.57,5.75,5.53,5.7,27467.88,15479.534,0.009602000000000001
2004-10-14,5.65,5.72,5.36,5.4,23225.99,12915.143,0.008119
2004-10-15,5.4,5.5,5.26,5.34,15044.69,8057.288,0.005259000000000001
2004-10-18,5.38,5.47,5.34,5.39,10662.88,5752.85,0.003727
2004-10-19,5.41,5.52,5.36,5.38,11562.99,6303.172,0.0040420000000000005
2004-10-20,5.36,5.5,5.24,5.49,29402.15,15743.545,0.010278
2004-10-21,5.54,5.66,5.41,5.52,57720.51,31963.514,0.020177999999999998
2004-10-22,5.56,5.56,5.3,5.5,28187.4,15291.848,0.009854
2004-10-25,5.55,5.58,5.25,5.35,34903.5,18718.909,0.012201
2004-10-26,5.37,5.4,5.18,5.35,15925.72,8445.998,0.005567
2004-10-27,5.32,5.44,5.25,5.41,20246.29,10794.178,0.007078
2004-10-28,5.41,5.62,5.38,5.53,40058.59,22143.217,0.014003000000000002
2004-10-29,5.41,5.47,5.32,5.38,17769.61,9607.681,0.006212
2004-11-01,5.36,5.4,5.28,5.29,7965.0,4241.261,0.002784
2004-11-02,5.28,5.36,5.25,5.34,7677.59,4074.088,0.002684
2004-11-03,5.29,5.48,5.26,5.44,17963.37,9676.412,0.00628
2004-11-04,5.46,5.47,5.31,5.31,8955.75,4818.926,0.003131
2004-11-05,5.35,5.4,5.29,5.32,5979.86,3190.072,0.00209
2004-11-08,5.3,5.31,5.2,5.22,18996.41,9967.576,0.006641
2004-11-09,5.22,5.25,5.17,5.2,19901.88,10374.734,0.006957
2004-11-10,5.22,5.43,5.19,5.38,21516.29,11457.93,0.007522
2004-11-11,5.4,5.53,5.37,5.42,29999.63,16376.88,0.010487
2004-11-12,5.4,5.53,5.4,5.49,22027.05,12073.496,0.0077
2004-11-15,5.5,5.56,5.48,5.54,16208.62,8929.253,0.005666
2004-11-16,5.54,5.57,5.45,5.5,11790.45,6478.514,0.004122
2004-11-17,5.46,5.5,5.36,5.39,16047.71,8683.636,0.00561
2004-11-18,5.39,5.49,5.37,5.47,10135.39,5512.788,0.003543
2004-11-19,5.47,5.68,5.45,5.65,55411.88,31036.82,0.019371
2004-11-22,5.66,5.69,5.61,5.67,29808.61,16857.054,0.01042
2004-11-23,5.68,5.69,5.54,5.62,26149.56,14631.967,0.009141
2004-11-24,5.62,5.7,5.59,5.68,29920.98,16905.269,0.01046
2004-11-25,5.68,5.72,5.55,5.59,22749.19,12802.885,0.007953
2004-11-29,5.62,5.63,5.41,5.42,12985.34,7122.717,0.0045390000000000005
2004-11-30,5.41,5.47,5.4,5.43,9155.04,4970.344,0.0032
2004-12-01,5.43,5.5,5.4,5.43,6769.82,3683.659,0.0023669999999999997
2004-12-02,5.47,5.47,5.31,5.38,13973.81,7504.083,0.004885
2004-12-03,5.42,5.65,5.35,5.55,26015.99,14357.287,0.009094999999999999
2004-12-06,5.55,5.6,5.45,5.49,10013.75,5516.113,0.003501
2004-12-07,5.46,5.57,5.42,5.43,10836.6,5946.106,0.003788
2004-12-08,5.5,5.55,5.42,5.45,4872.64,2663.333,0.001703
2004-12-09,5.45,5.54,5.38,5.48,10900.92,5970.505,0.003811
2004-12-10,5.46,5.49,5.32,5.33,8588.06,4632.636,0.0030020000000000003
2004-12-13,5.28,5.34,5.28,5.32,8059.61,4271.61,0.002817
2004-12-14,5.31,5.35,5.27,5.28,5463.23,2895.317,0.00191
2004-12-15,5.29,5.32,5.21,5.26,9784.15,5140.887,0.0034200000000000003
2004-12-16,5.26,5.3,5.22,5.24,6602.74,3466.045,0.002308
2004-12-17,5.22,5.26,5.21,5.22,4567.36,2388.496,0.0015970000000000001
2004-12-20,5.2,5.26,5.17,5.21,3518.5,1834.91,0.00123
2004-12-21,5.18,5.3,5.18,5.22,3501.78,1833.351,0.001224
2004-12-22,5.23,5.36,5.21,5.32,8523.01,4513.221,0.002979
2004-12-23,5.35,5.36,5.21,5.22,6418.98,3376.34,0.002244
2004-12-24,5.22,5.28,5.19,5.28,3356.94,1758.25,0.001173
2004-12-27,5.28,5.28,4.91,4.97,20942.99,10660.725,0.007320999999999999
2004-12-28,4.96,4.96,4.8,4.85,26736.19,12970.029,0.009346
2004-12-29,4.85,4.9,4.82,4.86,5723.17,2779.608,0.002001
2004-12-30,4.88,4.95,4.81,4.87,6454.02,3139.408,0.0022559999999999998
2004-12-31,4.9,4.95,4.85,4.89,10149.11,4970.171,0.003548
2005-01-04,4.93,4.96,4.85,4.92,11530.26,5673.408,0.004031
2005-01-05,4.91,5.02,4.91,4.97,7928.11,3940.634,0.002771
2005-01-06,4.97,4.97,4.92,4.95,4083.66,2016.243,0.001428
2005-01-07,4.95,5.03,4.88,4.93,6486.67,3206.822,0.002268
2005-01-10,4.94,4.94,4.8,4.91,9456.55,4604.709,0.003306
2005-01-11,4.91,4.92,4.81,4.87,10130.73,4917.635,0.0035410000000000003
2005-01-12,4.89,4.9,4.83,4.89,3588.79,1743.704,0.001255
2005-01-13,4.89,4.91,4.84,4.87,4913.6,2393.886,0.0017180000000000001
2005-01-14,4.87,4.95,4.84,4.87,9028.5,4431.074,0.003156
2005-01-17,4.85,4.86,4.68,4.71,11588.17,5528.804,0.004051
2005-01-18,4.7,4.78,4.69,4.78,6035.03,2856.476,0.00211
2005-01-19,4.78,4.8,4.7,4.74,3889.55,1847.52,0.00136
2005-01-20,4.7,4.74,4.6,4.64,8232.68,3829.211,0.002878
2005-01-21,4.61,4.79,4.56,4.79,10835.22,5084.582,0.003788
2005-01-24,4.9,4.97,4.82,4.85,9457.04,4601.958,0.003306
2005-01-25,4.83,4.83,4.73,4.81,6396.5,3054.542,0.002236
2005-01-26,4.79,4.81,4.73,4.74,4852.81,2315.938,0.001696
2005-01-27,4.7,4.74,4.69,4.7,3440.19,1621.087,0.001203
2005-01-28,4.7,4.79,4.6,4.63,7429.96,3451.742,0.002597
2005-01-31,4.63,4.63,4.5,4.51,8541.63,3879.644,0.002986
2005-02-01,4.5,4.57,4.48,4.5,6508.48,2945.269,0.002275
2005-02-02,4.49,4.75,4.49,4.73,16119.13,7513.37,0.005635
2005-02-03,4.73,4.84,4.67,4.72,24330.85,11602.173,0.008505
2005-02-04,4.74,4.85,4.7,4.83,12140.67,5813.1,0.004244
2005-02-16,4.9,4.9,4.77,4.83,14116.6,6812.718,0.004935
2005-02-17,4.79,4.85,4.73,4.83,12061.38,5763.941,0.004216
2005-02-18,4.82,4.85,4.7,4.72,5633.0,2690.539,0.001969
2005-02-21,4.72,4.85,4.7,4.83,8863.18,4237.952,0.003098
2005-02-22,4.8,4.97,4.8,4.93,20997.28,10281.236,0.00734
2005-02-23,4.93,4.97,4.87,4.95,16262.07,8003.41,0.005685
2005-02-24,4.94,4.95,4.88,4.94,13308.6,6541.348,0.004652
2005-02-25,4.93,5.04,4.92,4.95,25234.8,12615.283,0.008821
2005-02-28,4.93,4.95,4.88,4.9,11429.81,5621.224,0.003996
2005-03-01,4.9,4.93,4.87,4.9,5988.89,2932.236,0.002094
2005-03-02,4.89,4.96,4.82,4.83,10498.73,5130.374,0.00367
2005-03-03,4.83,4.87,4.78,4.85,7562.76,3642.566,0.002644
2005-03-04,4.85,4.89,4.8,4.82,7114.12,3445.609,0.002487
2005-03-07,4.8,4.86,4.8,4.83,7734.61,3737.342,0.002704
2005-03-08,4.83,4.94,4.83,4.93,19772.7,9664.833,0.006912000000000001
2005-03-09,4.98,5.04,4.91,4.94,26740.45,13290.505,0.009348
2005-03-10,4.93,4.98,4.75,4.79,13229.0,6461.948,0.004625000000000001
2005-03-11,4.79,4.83,4.7,4.77,11031.96,5246.008,0.003856
2005-03-14,4.78,4.78,4.69,4.71,12897.59,6090.635,0.004509
2005-03-15,4.71,4.72,4.62,4.63,9790.0,4568.576,0.003422
2005-03-16,4.64,4.66,4.58,4.59,7712.86,3558.14,0.002696
2005-03-17,4.58,4.63,4.56,4.61,5683.21,2611.827,0.001987
2005-03-18,4.61,4.61,4.53,4.56,6842.24,3123.504,0.002392
2005-03-21,4.56,4.65,4.56,4.65,11958.86,5524.248,0.004181000000000001
2005-03-22,4.65,4.68,4.35,4.38,12663.0,5692.778,0.0044269999999999995
2005-03-23,4.38,4.47,4.31,4.38,8322.7,3656.052,0.002909
2005-03-24,4.38,4.46,4.36,4.44,8223.54,3627.509,0.002875
2005-03-25,4.5,4.5,4.4,4.43,4706.19,2083.05,0.001645
2005-03-28,4.42,4.42,4.36,4.39,3261.99,1430.092,0.00114
2005-03-29,4.38,4.47,4.38,4.45,16331.23,7257.782,0.005709
2005-03-30,4.45,4.45,4.3,4.31,9167.53,3986.205,0.003205
2005-03-31,4.3,4.3,4.19,4.22,11771.03,4979.976,0.004115
2005-04-01,4.23,4.38,4.15,4.33,24658.78,10549.657,0.00862
2005-04-04,4.28,4.32,4.2,4.21,9501.42,4051.207,0.003321
2005-04-05,4.19,4.29,4.19,4.23,11824.41,5027.451,0.004134
2005-04-06,4.22,4.4,4.22,4.34,17938.05,7749.445,0.006271
2005-04-07,4.34,4.55,4.34,4.45,34015.44,15191.776,0.011891
2005-04-08,4.45,4.52,4.37,4.5,21335.98,9492.0,0.007459
2005-04-11,4.54,4.54,4.42,4.46,20927.2,9346.203,0.0073160000000000005
2005-04-12,4.45,4.45,4.3,4.31,17464.0,7635.92,0.006105
2005-04-13,4.35,4.47,4.35,4.44,25403.08,11243.938,0.00888
2005-04-14,4.45,4.52,4.39,4.44,18996.08,8476.261,0.006641
2005-04-15,4.39,4.39,4.27,4.32,13462.35,5805.359,0.004706
2005-04-18,4.29,4.5,4.25,4.3,8398.57,3622.478,0.0029360000000000002
2005-04-19,4.27,4.33,4.22,4.25,9346.79,3986.004,0.003267
2005-04-20,4.26,4.26,4.15,4.16,10200.81,4285.261,0.0035659999999999997
2005-04-21,4.17,4.19,4.1,4.12,11793.18,4878.37,0.004123
2005-04-22,4.11,4.16,3.95,3.95,24951.19,10155.188,0.008722
2005-04-25,3.95,3.96,3.68,3.74,29903.84,11310.465,0.010454000000000001
2005-04-26,3.76,3.94,3.62,3.9,27522.56,10538.027,0.009621
2005-04-27,3.69,3.82,3.64,3.7,27636.36,10283.741,0.009661
2005-04-28,3.7,3.91,3.69,3.88,20379.97,7785.432,0.007124
2005-04-29,3.87,3.94,3.83,3.92,14746.22,5739.568,0.005155
2005-05-09,3.95,3.96,3.75,3.76,8007.52,3045.466,0.002799
2005-05-10,3.76,3.88,3.71,3.86,9625.68,3644.073,0.0033650000000000004
2005-05-11,3.86,3.89,3.75,3.83,8184.62,3140.039,0.0028610000000000003
2005-05-12,3.76,3.83,3.71,3.77,12023.49,4528.565,0.004203
2005-05-13,3.75,3.82,3.72,3.81,6808.68,2568.421,0.0023799999999999997
2005-05-16,3.82,3.82,3.74,3.77,6593.82,2484.628,0.002305
2005-05-17,3.75,3.95,3.75,3.92,28030.74,10898.835,0.009799
2005-05-18,3.9,3.94,3.84,3.94,11812.22,4603.901,0.004129
2005-05-19,3.9,3.93,3.87,3.91,7667.32,2986.888,0.00268
2005-05-20,3.9,3.93,3.84,3.86,9793.27,3812.74,0.003423
2005-05-23,3.86,3.86,3.75,3.77,7662.21,2899.771,0.0026790000000000004
2005-05-24,3.8,3.88,3.77,3.84,7613.28,2907.73,0.002661
2005-05-25,3.83,3.93,3.82,3.89,8917.92,3458.348,0.003117
2005-05-26,3.85,3.88,3.8,3.82,4851.85,1863.804,0.001696
2005-05-27,3.82,3.87,3.76,3.79,6835.41,2596.534,0.002389
2005-05-30,3.8,3.83,3.74,3.8,7792.15,2947.863,0.002724
2005-05-31,3.8,3.86,3.77,3.84,7706.06,2935.866,0.0026939999999999998
2005-06-01,3.84,3.84,3.7,3.71,9105.04,3412.387,0.003183
2005-06-02,3.75,3.75,3.63,3.67,8658.76,3175.618,0.003027
2005-06-03,3.7,3.71,3.6,3.63,10456.92,3800.965,0.003655
2005-06-06,3.62,3.63,3.49,3.52,19959.37,7073.459,0.006977
2005-06-07,3.54,3.7,3.54,3.58,16556.66,5992.764,0.005788
2005-06-08,3.56,3.86,3.55,3.83,53876.86,20247.796,0.018834
2005-06-09,3.82,3.91,3.78,3.88,48243.0,18600.607,0.016864
2005-06-10,3.86,3.88,3.78,3.82,24919.87,9523.394,0.008711
2005-06-13,3.84,3.92,3.77,3.91,30864.09,11889.305,0.010789
2005-06-14,3.95,4.09,3.93,3.96,110655.53,44536.2,0.038682
2005-06-15,3.93,3.94,3.77,3.82,31920.84,12226.553,0.011158999999999999
2005-06-16,3.83,3.93,3.82,3.91,28118.62,10907.691,0.00983
2005-06-17,3.93,3.95,3.85,3.93,20490.66,8015.968,0.007163
2005-06-20,3.89,4.02,3.83,4.01,35233.29,13971.733,0.012317
2005-06-21,4.03,4.03,3.91,3.92,20919.93,8278.352,0.007312999999999999
2005-06-22,3.92,3.95,3.84,3.92,15299.87,5937.083,0.005348
2005-06-23,3.9,3.92,3.82,3.84,17759.03,6846.588,0.006208
2005-06-24,3.82,3.94,3.81,3.93,17670.35,6872.133,0.006177
2005-06-27,3.98,4.03,3.95,3.96,32244.28,12837.208,0.011271999999999999
2005-06-28,3.94,3.94,3.85,3.86,11137.02,4320.152,0.0038929999999999998
2005-06-29,3.89,3.9,3.84,3.85,10051.76,3878.964,0.0035139999999999998
2005-07-01,3.79,3.79,3.55,3.6,24236.2,8785.796,0.008472
2005-07-04,3.56,3.6,3.4,3.5,19357.94,6688.7,0.006767
2005-07-05,3.52,3.52,3.44,3.46,6203.15,2155.334,0.002168
2005-07-06,3.5,3.51,3.42,3.46,4901.33,1700.8,0.0017130000000000001
2005-07-07,3.48,3.48,3.42,3.45,7118.14,2455.69,0.0024879999999999998
2005-07-08,3.42,3.44,3.38,3.4,11758.22,3998.023,0.00411
2005-07-11,3.4,3.49,3.37,3.4,6896.47,2354.214,0.002411
2005-07-12,3.4,3.52,3.37,3.48,10308.65,3557.939,0.003604
2005-07-13,3.48,3.49,3.4,3.45,7627.81,2626.507,0.002666
2005-07-14,3.45,3.5,3.42,3.46,5736.67,1985.304,0.0020050000000000003
2005-07-15,3.45,3.48,3.3,3.37,15094.7,5089.892,0.005277
2005-07-18,3.37,3.37,3.29,3.31,15208.24,5048.477,0.0053159999999999995
2005-07-19,3.3,3.36,3.29,3.32,5763.7,1908.866,0.0020150000000000003
2005-07-20,3.31,3.39,3.3,3.33,5144.98,1718.605,0.001799
2005-07-21,3.33,3.33,3.27,3.32,13859.16,4575.495,0.0048449999999999995
2005-07-22,3.32,3.43,3.3,3.38,28723.02,9690.552,0.010041
2005-07-25,3.4,3.4,3.34,3.36,8391.72,2824.03,0.002934
2005-07-26,3.36,3.47,3.34,3.47,26774.38,9205.497,0.00936
2005-07-27,3.47,3.55,3.43,3.54,23421.2,8204.615,0.008187
2005-07-28,3.51,3.55,3.47,3.49,21051.92,7385.642,0.007359
2005-07-29,3.5,3.5,3.44,3.49,11981.77,4148.224,0.004189
2005-08-01,3.49,3.51,3.44,3.47,9580.95,3327.373,0.0033489999999999995
2005-08-02,3.47,3.55,3.46,3.55,18169.45,6381.458,0.006352
2005-08-03,3.55,3.64,3.53,3.55,36398.59,13105.319,0.012724
2005-08-04,3.55,3.57,3.49,3.51,18386.38,6483.458,0.006427
2005-08-05,3.52,3.65,3.48,3.65,34528.04,12410.682,0.01207
2005-08-08,3.65,3.74,3.63,3.65,38711.96,14274.94,0.013533
2005-08-09,3.65,3.78,3.63,3.75,29591.17,10900.398,0.010343999999999999
2005-08-10,3.75,3.79,3.67,3.78,39206.73,14683.968,0.013706000000000001
2005-08-11,3.78,3.87,3.74,3.86,48721.57,18550.507,0.017032000000000002
2005-08-12,3.86,4.03,3.82,3.86,129082.32,50860.133,0.045124000000000004
2005-08-15,3.86,3.97,3.82,3.96,40378.65,15740.027,0.014114999999999999
2005-08-16,3.96,4.14,3.93,4.07,78336.83,31761.784,0.027385000000000003
2005-08-17,4.05,4.14,4.0,4.12,68933.38,28099.407,0.024097
2005-08-18,4.12,4.27,3.89,3.91,75509.16,31012.028,0.026396000000000003
2005-08-19,3.83,3.89,3.71,3.75,32700.92,12373.121,0.011431
2005-08-22,3.71,3.84,3.71,3.83,11603.28,4402.202,0.004056000000000001
2005-08-23,3.83,3.83,3.71,3.75,15006.2,5641.219,0.005246
2005-08-24,3.77,3.82,3.75,3.8,14277.6,5421.894,0.004991
2005-08-25,3.8,3.86,3.79,3.85,19363.63,7415.607,0.006769
2005-08-26,3.85,3.87,3.78,3.8,16017.45,6103.478,0.005599
2005-08-29,3.75,3.8,3.72,3.72,17112.29,6401.793,0.0059819999999999995
2005-08-30,3.7,3.72,3.65,3.69,13374.69,4930.922,0.004675
2005-08-31,3.68,3.81,3.67,3.8,13636.21,5105.925,0.004767
2005-09-01,3.8,3.93,3.77,3.9,36136.56,13996.868,0.012632
2005-09-02,3.9,3.97,3.87,3.91,27510.28,10782.108,0.009617
2005-09-05,3.92,3.97,3.89,3.95,22984.26,9025.693,0.008035
2005-09-06,3.99,4.02,3.83,3.87,46307.5,18324.425,0.016188
2005-09-07,3.87,3.98,3.85,3.97,27447.88,10791.019,0.009595
2005-09-08,3.97,4.0,3.91,3.96,24173.39,9560.386,0.00845
2005-09-09,3.96,3.99,3.9,3.92,20644.03,8128.101,0.007217
2005-09-12,3.85,3.92,3.84,3.87,12884.22,4989.208,0.004504
2005-09-13,3.88,3.96,3.84,3.94,20113.84,7894.849,0.007030999999999999
2005-09-14,3.96,4.04,3.94,4.0,34520.05,13754.951,0.012067000000000001
2005-09-15,4.01,4.04,3.97,4.02,32415.79,12994.552,0.011332
2005-09-16,4.02,4.05,3.94,3.99,22214.27,8862.894,0.0077659999999999995
2005-09-19,4.0,4.03,3.97,4.0,27370.34,10951.194,0.009568
2005-09-20,4.0,4.1,3.99,4.1,53625.34,21677.249,0.018746
2005-09-21,4.03,4.08,3.96,3.99,28793.84,11537.293,0.010065999999999999
2005-09-22,4.0,4.0,3.6,3.83,27811.95,10753.452,0.009722
2005-09-23,3.8,3.86,3.75,3.75,15298.19,5833.314,0.005348
2005-09-26,3.76,3.79,3.72,3.76,7501.47,2815.329,0.0026219999999999998
2005-09-27,3.76,3.78,3.64,3.66,13044.56,4817.015,0.00456
2005-09-28,3.66,3.74,3.64,3.66,8988.25,3300.254,0.003142
2005-09-29,3.67,3.72,3.64,3.7,17967.33,6598.89,0.006281
2005-09-30,3.7,3.71,3.65,3.66,7515.47,2758.807,0.002627
2005-10-10,3.61,3.65,3.52,3.54,10968.17,3912.2,0.003834
2005-10-11,3.57,3.61,3.52,3.61,5682.78,2030.611,0.001987
2005-10-12,3.61,3.66,3.56,3.65,9225.35,3336.174,0.003225
2005-10-13,3.65,3.67,3.58,3.6,8704.78,3156.716,0.003043
2005-10-14,3.6,3.62,3.55,3.57,6301.91,2260.369,0.002203
2005-10-17,3.56,3.56,3.42,3.47,19703.72,6819.541,0.006888
2005-10-18,3.48,3.57,3.44,3.55,14043.15,4924.708,0.004909
2005-10-19,3.57,3.63,3.51,3.55,11696.06,4190.7,0.004089
2005-10-20,3.51,3.54,3.46,3.53,7400.03,2583.905,0.002587
2005-10-21,3.59,3.87,3.59,3.79,71193.19,26795.721,0.024887000000000003
2005-10-24,3.87,3.9,3.78,3.79,41621.2,15948.048,0.01455
2005-10-25,3.79,3.79,3.62,3.67,24115.06,8894.636,0.00843
2005-10-26,3.73,3.99,3.71,3.89,116528.61,45317.944,0.040735
2005-10-27,3.9,3.94,3.8,3.9,59434.01,23017.038,0.020777
2005-10-28,3.88,3.89,3.51,3.61,53615.17,19614.787,0.018742
2005-10-31,3.6,3.6,3.45,3.51,22605.22,7966.954,0.007902
2005-11-01,3.53,3.86,3.53,3.86,141687.16,53805.889,0.049530000000000005
2005-11-02,4.05,4.15,3.9,3.92,214801.41,86097.699,0.075089
2005-11-03,3.95,4.31,3.95,4.23,261261.7,108339.012,0.09133
2005-11-04,4.19,4.2,4.07,4.17,129420.57,53598.896,0.045242000000000004
2005-11-07,4.25,4.42,4.2,4.22,208974.36,90426.393,0.073052
2005-11-08,4.2,4.31,4.1,4.24,139143.24,58165.039,0.048641
2005-11-09,4.41,4.64,4.3,4.39,262922.34,118087.789,0.091911
2005-11-10,4.4,4.54,4.31,4.47,147762.8,65799.239,0.051654
2005-11-11,4.47,4.51,4.27,4.39,90944.56,39798.28,0.031792
2005-11-14,4.37,4.37,4.1,4.17,96770.5,40667.615,0.033828
2005-11-15,4.16,4.25,4.12,4.18,56188.01,23453.027,0.019642
2005-11-16,4.16,4.16,3.99,4.13,66011.09,26762.098,0.023076
2005-11-17,4.17,4.29,4.12,4.17,68692.03,28875.755,0.024013
2005-11-18,4.16,4.3,4.06,4.27,118700.25,49810.247,0.041495
2005-11-21,4.28,4.28,4.21,4.24,49637.95,21052.229,0.017352
2005-11-22,4.24,4.24,4.06,4.08,68936.57,28342.236,0.024098
2005-11-23,4.08,4.12,4.05,4.09,35664.6,14604.463,0.012466999999999999
2005-11-24,4.09,4.18,4.08,4.14,41554.46,17196.619,0.014525999999999999
2005-11-25,4.14,4.14,4.04,4.09,32053.42,13061.029,0.011205
2005-11-28,4.09,4.12,4.0,4.09,35928.87,14546.667,0.01256
2005-11-29,4.07,4.07,3.98,4.02,21664.55,8703.41,0.007573
2005-11-30,4.0,4.03,3.95,4.02,29816.39,11919.21,0.010423
2005-12-01,4.02,4.08,4.0,4.03,22165.82,8967.531,0.007749000000000001
2005-12-02,4.03,4.03,3.97,4.01,35361.47,14145.609,0.012361
2005-12-05,3.99,4.01,3.82,3.85,39598.11,15433.332,0.013842
2005-12-06,3.84,3.84,3.71,3.76,28493.98,10774.276,0.009961
2005-12-07,3.75,3.8,3.73,3.79,16252.27,6135.145,0.005681
2005-12-08,3.78,3.83,3.75,3.77,11129.77,4213.575,0.003891
2005-12-09,3.77,3.86,3.77,3.86,22578.69,8616.205,0.007893
2005-12-13,3.95,4.1,3.95,4.0,85431.16,34396.541,0.029864
2005-12-14,4.0,4.01,3.9,4.01,27791.79,11007.117,0.009715
2005-12-15,4.01,4.01,3.91,3.91,26833.59,10595.786,0.00938
2005-12-16,3.91,3.98,3.89,3.94,12025.09,4742.544,0.004204
2005-12-19,3.94,3.94,3.89,3.93,15207.55,5946.175,0.0053159999999999995
2005-12-20,3.93,3.94,3.85,3.9,18138.32,7044.898,0.006341
2005-12-21,3.9,3.9,3.82,3.83,19966.0,7693.851,0.006979999999999999
2005-12-22,3.85,3.9,3.8,3.86,16491.95,6332.226,0.005765
2005-12-23,3.85,3.88,3.8,3.87,23910.42,9192.209,0.008357999999999999
2005-12-26,3.87,3.95,3.83,3.93,31330.9,12185.202,0.010952
2005-12-27,3.94,3.94,3.86,3.91,23374.95,9114.488,0.008171000000000001
2005-12-28,3.91,3.95,3.89,3.93,23395.34,9190.252,0.008178
2005-12-29,3.93,3.98,3.9,3.98,39383.55,15549.178,0.013767
2005-12-30,3.98,3.99,3.9,3.91,24534.77,9669.645,0.008577
2006-01-04,3.93,3.98,3.87,3.96,29603.09,11621.452,0.010348
2006-01-05,3.96,4.03,3.91,4.01,47694.44,18929.9,0.016673
2006-01-06,4.02,4.08,3.96,4.02,79529.22,32050.575,0.027801
2006-01-09,4.06,4.07,4.01,4.06,53472.44,21607.03,0.018693
2006-01-10,4.06,4.06,3.98,4.02,40564.46,16287.712,0.01418
2006-01-11,4.02,4.12,4.02,4.06,72738.95,29676.45,0.025428000000000003
2006-01-12,4.05,4.18,4.05,4.18,75113.18,31139.339,0.026258
2006-01-13,4.18,4.2,4.1,4.13,54453.26,22630.851,0.019035
2006-01-16,4.13,4.23,4.05,4.06,47249.02,19574.337,0.016517
2006-01-17,4.05,4.08,4.0,4.03,32286.23,13000.137,0.011286000000000001
2006-01-18,4.03,4.12,4.02,4.11,43921.86,17965.174,0.015354000000000001
2006-01-19,4.13,4.15,4.06,4.11,48995.04,20100.238,0.017127
2006-01-20,4.11,4.13,4.03,4.09,39067.43,15943.761,0.013656999999999999
2006-01-23,4.09,4.19,4.05,4.16,48185.5,19954.001,0.016843999999999998
2006-01-24,4.16,4.17,4.1,4.11,33637.4,13920.678,0.011758999999999999
2006-01-25,4.11,4.16,4.05,4.09,35705.77,14603.554,0.012482
2006-02-06,4.09,4.19,4.07,4.18,48227.04,19945.129,0.016859
2006-02-07,4.18,4.2,4.09,4.15,58409.66,24223.326,0.020418
2006-02-08,4.16,4.34,4.16,4.3,163013.06,69477.824,0.056985
2006-02-09,4.3,4.32,4.16,4.2,69330.27,29347.947,0.024236
2006-02-10,4.2,4.24,4.15,4.23,43674.39,18341.894,0.015267
2006-02-13,4.24,4.38,4.2,4.37,95125.28,40850.464,0.033253
2006-02-14,4.37,4.38,4.3,4.34,55636.04,24143.943,0.019449
2006-02-15,4.34,4.38,4.25,4.32,62703.66,27026.663,0.021920000000000002
2006-02-16,4.32,4.39,4.14,4.14,65376.63,27802.014,0.022854
2006-02-17,4.12,4.19,4.06,4.09,49152.59,20328.723,0.017182
2006-02-20,4.1,4.26,4.07,4.26,83111.88,34783.134,0.029054000000000003
2006-02-21,4.28,4.38,4.21,4.32,131606.75,56751.146,0.046006
2006-02-22,4.3,4.37,4.24,4.26,64698.01,27800.114,0.022616999999999998
2006-02-23,4.26,4.29,4.17,4.24,43557.69,18473.004,0.015227
2006-02-24,4.25,4.29,4.2,4.25,36633.82,15554.599,0.012806
2006-02-27,4.34,4.36,4.24,4.26,51261.74,22043.627,0.017920000000000002
2006-02-28,4.27,4.27,4.15,4.21,35190.92,14779.294,0.012302
2006-03-01,4.22,4.35,4.22,4.3,69455.23,29896.201,0.02428
2006-03-02,4.31,4.32,4.13,4.17,43347.29,18379.01,0.015153000000000002
2006-03-03,4.15,4.21,4.09,4.15,41689.73,17251.165,0.014574
2006-03-06,4.15,4.21,4.11,4.15,18584.71,7715.833,0.006497
2006-03-07,4.11,4.13,3.98,3.99,42385.13,17107.665,0.014817
2006-03-08,3.96,3.99,3.88,3.91,36235.07,14192.686,0.012667
2006-03-09,3.92,3.96,3.9,3.91,15376.79,6044.18,0.005375
2006-03-10,3.93,3.95,3.9,3.93,11629.75,4557.049,0.004065
2006-03-13,3.91,3.97,3.91,3.97,13745.29,5420.445,0.004805
2006-03-14,3.96,3.96,3.89,3.91,16661.59,6534.667,0.005824
2006-03-15,3.9,3.98,3.89,3.96,29272.24,11532.228,0.010233
2006-03-16,3.96,3.98,3.92,3.94,32090.87,12668.748,0.011217999999999999
2006-03-17,3.97,3.97,3.87,3.88,34544.37,13474.287,0.012076
2006-03-20,3.91,3.95,3.87,3.94,55504.19,21740.233,0.019403
2006-03-21,3.94,4.02,3.92,3.99,96705.49,38446.651,0.033805999999999996
2006-03-22,4.03,4.12,4.02,4.12,170888.11,69840.121,0.059738
2006-03-23,4.12,4.12,4.05,4.07,61544.74,25099.83,0.021514000000000002
2006-03-24,4.1,4.1,3.95,3.98,54767.52,22048.294,0.019145000000000002
2006-03-27,3.97,4.01,3.93,3.99,32780.69,13017.641,0.011458999999999999
2006-03-28,4.0,4.0,3.96,3.99,38446.34,15326.367,0.01344
2006-03-29,4.01,4.08,4.01,4.02,53506.3,21683.06,0.018704000000000002
2006-03-30,4.0,4.02,3.95,3.97,48744.02,19413.042,0.01704
2006-03-31,3.97,3.97,3.91,3.94,40986.41,16100.546,0.014328
2006-04-03,3.94,3.99,3.88,3.98,68403.0,26876.011,0.023912
2006-04-04,3.98,4.11,3.94,4.06,81322.95,32573.499,0.028428
2006-04-05,4.06,4.1,4.03,4.07,58329.49,23654.323,0.020390000000000002
2006-04-06,4.07,4.11,4.02,4.05,66411.11,26943.478,0.023216
2006-04-07,4.05,4.14,4.04,4.13,86248.76,35406.425,0.03015
2006-04-10,4.15,4.16,4.08,4.15,82874.08,34235.377,0.028971
2006-04-11,4.16,4.18,4.09,4.15,70267.42,29058.05,0.024564
2006-04-12,4.15,4.16,4.08,4.09,74069.25,30472.369,0.025893000000000003
2006-04-13,4.09,4.14,4.0,4.01,68990.83,28034.793,0.024117000000000003
2006-04-14,4.01,4.11,3.98,4.1,54062.6,21887.839,0.018899
2006-04-17,4.1,4.26,4.06,4.18,112047.73,46754.131,0.039169
2006-04-18,4.18,4.24,4.13,4.16,66210.57,27707.18,0.023145
2006-04-19,4.17,4.18,4.09,4.11,53030.63,21842.438,0.018538
2006-04-20,4.11,4.11,4.04,4.06,41101.86,16739.815,0.014368
2006-04-21,4.06,4.12,4.04,4.12,48593.12,19852.07,0.016987000000000002
2006-04-24,4.12,4.13,3.92,3.93,74427.55,29690.062,0.026018
2006-04-25,3.91,3.92,3.83,3.84,57691.05,22318.688,0.020167
2006-04-26,3.84,3.94,3.82,3.91,41739.46,16285.535,0.014591
2006-04-27,3.95,4.0,3.89,3.98,38826.35,15294.355,0.013573
2006-04-28,3.88,3.97,3.81,3.91,60730.74,23711.828,0.021230000000000002
2006-06-12,4.3,4.3,4.3,4.3,4602.9,1979.247,0.001609
2006-06-13,4.73,4.73,4.73,4.73,9916.94,4690.713,0.003467
2006-06-14,5.2,5.2,5.02,5.2,669429.73,344308.324,0.23401499999999997
2006-06-15,5.21,5.25,5.08,5.1,266599.31,137480.616,0.093196
2006-06-16,5.1,5.35,5.08,5.26,256227.4,133418.642,0.08957000000000001
2006-06-19,5.22,5.3,5.17,5.25,151070.79,79108.682,0.052809999999999996
2006-06-20,5.24,5.76,5.23,5.57,218042.88,119820.755,0.076222
2006-06-21,5.56,5.73,5.41,5.52,121427.07,67422.307,0.042448
2006-06-22,5.49,5.6,5.45,5.52,82573.43,45694.315,0.028866
2006-06-23,5.52,5.65,5.49,5.63,103805.88,58101.401,0.036288
2006-06-26,5.65,5.73,5.48,5.5,138235.89,76461.543,0.048324
2006-07-17,5.24,5.52,5.2,5.33,173973.35,93055.628,0.060816999999999996
2006-07-18,5.34,5.42,5.24,5.28,62032.69,32927.135,0.021685
2006-07-19,5.3,5.41,5.26,5.28,67844.5,36083.741,0.023717000000000002
2006-07-20,5.29,5.35,5.26,5.26,45520.47,24072.713,0.015913
2006-07-21,5.28,5.31,5.2,5.22,51159.82,26793.945,0.017884
2006-07-24,5.24,5.34,5.21,5.32,54618.81,28789.51,0.019093
2006-07-25,5.33,5.37,5.29,5.3,42516.72,22594.594,0.014863
2006-07-26,5.32,5.6,5.31,5.49,74183.13,40320.902,0.025932
2006-07-27,5.48,5.98,5.43,5.89,163651.06,94344.085,0.057207999999999995
2006-07-28,5.88,5.88,5.64,5.74,76332.83,43931.939,0.026684
2006-07-31,5.72,5.85,5.54,5.58,45351.6,25826.023,0.015854
2006-08-01,5.6,5.68,5.46,5.51,38574.6,21489.032,0.013485
2006-08-02,5.51,5.57,5.39,5.46,34777.06,18970.317,0.012157
2006-08-03,5.43,5.55,5.41,5.44,22883.91,12533.493,0.008
2006-08-04,5.45,5.57,5.4,5.41,26997.16,14774.381,0.009438
2006-08-07,5.4,5.54,5.4,5.46,29177.45,15998.373,0.0102
2006-08-08,5.5,5.59,5.45,5.58,39381.06,21746.52,0.013767
2006-08-09,5.57,5.6,5.5,5.55,17558.47,9741.945,0.006138
2006-08-10,5.55,5.73,5.54,5.65,33557.85,18942.687,0.011731
2006-08-11,5.65,5.7,5.6,5.69,26236.27,14848.716,0.009172
2006-08-14,5.79,5.87,5.51,5.55,80426.5,45782.803,0.028115
2006-08-15,5.53,5.63,5.51,5.62,20310.85,11360.034,0.0070999999999999995
2006-08-16,5.63,5.72,5.6,5.67,25832.98,14664.261,0.009031
2006-08-17,5.65,5.68,5.56,5.65,24824.22,13920.086,0.008678
2006-08-18,5.64,5.75,5.63,5.69,25071.52,14241.6,0.008764
2006-08-21,5.55,5.69,5.5,5.66,19527.5,10965.821,0.006826
2006-08-22,5.69,5.91,5.65,5.81,60430.46,35080.669,0.021124999999999998
2006-08-23,5.78,5.85,5.62,5.65,49226.51,28164.018,0.017208
2006-08-24,5.64,5.71,5.54,5.61,50327.4,28165.863,0.017593
2006-08-25,5.61,5.64,5.56,5.6,26798.78,14998.955,0.009368
2006-08-28,5.61,5.69,5.59,5.69,29337.09,16561.645,0.010255
2006-08-29,5.68,5.74,5.6,5.62,49922.65,28277.711,0.017452000000000002
2006-08-30,5.61,5.61,5.56,5.61,23467.59,13108.777,0.008204
2006-08-31,5.61,5.62,5.43,5.49,72138.79,39798.083,0.025217999999999997
2006-09-01,5.49,5.51,5.38,5.41,84172.17,45751.118,0.029424000000000002
2006-09-04,5.38,5.47,5.38,5.46,24250.3,13171.016,0.008477
2006-09-05,5.47,5.5,5.43,5.48,22489.66,12297.111,0.007862000000000001
2006-09-06,5.49,5.55,5.43,5.51,23550.07,12926.344,0.008232
2006-09-07,5.54,5.56,5.45,5.48,29428.78,16152.011,0.010287999999999999
2006-09-08,5.5,5.51,5.45,5.48,15582.25,8533.909,0.005447
2006-09-11,5.46,5.5,5.42,5.46,11662.35,6349.901,0.004077
2006-09-12,5.47,5.48,5.43,5.45,18630.13,10166.111,0.006513
2006-09-13,5.47,5.47,5.35,5.36,70908.63,38332.971,0.024788
2006-09-14,5.37,5.42,5.37,5.41,15319.4,8257.038,0.0053549999999999995
2006-09-15,5.41,5.55,5.39,5.53,37379.52,20525.886,0.013067
2006-09-18,5.55,5.58,5.49,5.54,23719.41,13144.223,0.008292
2006-09-19,5.53,5.71,5.53,5.68,63574.75,35897.764,0.022224
2006-09-20,5.64,5.8,5.62,5.69,61749.34,35310.52,0.021585999999999998
2006-09-21,5.7,5.7,5.62,5.66,30376.99,17157.323,0.010619
2006-09-22,5.66,5.68,5.55,5.57,30395.5,17007.591,0.010625
2006-09-25,5.55,5.8,5.42,5.6,42789.61,24136.431,0.014958
2006-09-26,5.6,5.68,5.56,5.65,25915.49,14575.332,0.009059000000000001
2006-09-27,5.53,5.84,5.53,5.79,84177.95,48457.632,0.029426
2006-09-28,5.82,5.85,5.7,5.79,41415.74,23981.433,0.014478
2006-09-29,5.79,6.14,5.78,5.98,142037.35,85150.779,0.049653
2006-10-09,5.98,6.21,5.98,6.14,84519.88,51739.343,0.029546000000000003
2006-10-10,6.14,6.2,6.08,6.09,61034.71,37471.627,0.021336
2006-10-11,6.09,6.44,6.09,6.41,139144.3,87670.765,0.048641
2006-10-12,6.36,6.47,6.24,6.33,58266.35,36898.559,0.020368
2006-10-13,6.29,6.88,6.28,6.67,175973.78,116525.553,0.061516
2006-10-16,6.75,7.04,6.63,6.97,127197.8,87460.329,0.044465000000000005
2006-10-17,6.9,7.02,6.74,6.81,77316.77,52906.814,0.027028
2006-10-18,6.8,6.91,6.68,6.81,55316.76,37547.383,0.019337
2006-10-19,6.83,7.28,6.73,7.23,119206.56,84691.276,0.04167099999999999
2006-10-20,7.2,7.25,6.91,6.96,88132.02,62549.85,0.030809000000000003
2006-10-23,6.9,6.92,6.52,6.59,88964.77,59923.175,0.0311
2006-10-24,6.59,6.89,6.59,6.83,68155.44,46351.165,0.023825
2006-10-25,6.85,7.07,6.64,6.71,83425.99,57100.349,0.029164
2006-10-26,6.75,7.02,6.72,6.94,92330.13,63745.28,0.032276
2006-10-27,6.94,6.98,6.57,6.66,46276.39,31108.871,0.016177
2006-10-30,6.5,6.7,6.31,6.36,54409.42,35024.682,0.01902
2006-10-31,6.32,6.55,6.31,6.43,43466.81,27772.32,0.015195
2006-11-01,6.49,6.6,6.44,6.53,34298.65,22338.592,0.01199
2006-11-02,6.53,6.75,6.48,6.69,58526.64,39116.862,0.020459
2006-11-03,6.7,6.87,6.56,6.78,43062.62,29033.175,0.015054000000000001
2006-11-06,6.65,6.75,6.39,6.46,84546.21,55165.564,0.029554999999999998
2006-11-07,6.46,6.48,6.13,6.37,63787.04,40075.834,0.022298
2006-11-08,6.36,6.51,6.31,6.4,33170.2,21408.152,0.011595
2006-11-09,6.38,6.5,6.37,6.41,24082.27,15498.645,0.008419
2006-11-10,6.41,6.44,6.1,6.27,52018.68,32324.02,0.018184
2006-11-13,6.24,6.24,6.1,6.21,48636.03,30038.324,0.017002
2006-11-14,6.23,6.55,6.2,6.55,65732.43,41947.01,0.022978000000000002
2006-11-15,6.56,6.81,6.46,6.73,66400.11,44562.054,0.023212
2006-11-16,6.7,6.82,6.57,6.59,63059.37,42168.828,0.022044
2006-11-17,6.6,6.7,6.45,6.61,35386.48,23235.899,0.01237
2006-11-20,6.68,6.68,6.4,6.45,38748.57,25070.01,0.013545
2006-11-21,6.5,6.5,6.27,6.39,30759.65,19483.458,0.010752999999999999
2006-11-22,6.4,6.5,6.29,6.39,38575.46,24540.891,0.013485
2006-11-23,6.38,6.52,6.34,6.4,34750.63,22328.814,0.012148
2006-11-24,6.42,6.68,6.37,6.67,56916.63,37452.309,0.019897
2006-11-27,6.7,6.89,6.66,6.88,76835.24,52071.505,0.02686
2006-11-28,6.9,6.96,6.79,6.9,82615.62,56800.76,0.02888
2006-11-29,6.86,7.13,6.7,7.1,59532.06,41493.631,0.020811000000000003
2006-11-30,7.48,7.48,7.07,7.08,60516.1,43527.928,0.021155
2006-12-01,7.08,7.08,6.78,6.96,84952.77,58857.726,0.029697
2006-12-04,6.97,7.15,6.8,7.14,63616.63,44125.396,0.022239
2006-12-05,7.1,7.21,7.1,7.17,56224.13,40203.495,0.019654
2006-12-06,7.17,7.17,6.65,6.82,60173.26,41220.154,0.021034999999999998
2006-12-07,6.8,6.81,6.55,6.71,67946.63,45447.38,0.023752
2006-12-08,6.65,6.71,6.25,6.31,69954.14,45535.208,0.024453999999999997
2006-12-11,6.33,6.49,6.23,6.47,37542.1,23979.209,0.013124
2006-12-12,6.54,6.73,6.39,6.72,58093.85,38426.713,0.020308000000000003
2006-12-13,6.73,6.76,6.57,6.58,37976.08,25226.627,0.013274999999999999
2006-12-14,6.57,6.8,6.57,6.74,35341.17,23736.637,0.012354
2006-12-15,6.79,6.86,6.7,6.81,42690.1,29092.59,0.014922999999999999
2006-12-18,6.8,7.05,6.71,6.9,47934.94,33049.595,0.016757
2006-12-19,6.9,6.92,6.6,6.87,65986.93,44413.261,0.023067
2006-12-20,6.81,7.23,6.74,7.17,101374.37,71940.337,0.035438
2006-12-21,7.17,7.44,7.12,7.34,104257.79,75651.74,0.036446
2006-12-22,7.3,7.34,7.0,7.16,92959.26,66341.712,0.032496
2006-12-26,7.2,7.48,7.1,7.18,85016.78,61696.606,0.02972
2006-12-27,7.23,7.27,7.05,7.25,84080.32,60176.503,0.029392
2006-12-28,7.2,7.25,6.76,6.82,81861.49,56896.938,0.028617
2006-12-29,6.8,6.95,6.79,6.81,86357.55,58920.323,0.030188000000000003
2007-01-04,6.89,6.89,6.67,6.72,60395.72,40736.46,0.021113
2007-01-05,6.7,7.29,6.7,7.15,86942.05,60608.27,0.030393
2007-01-08,7.1,7.87,7.1,7.87,146498.93,112511.621,0.051212
2007-01-09,8.14,8.66,8.01,8.37,180671.6,149497.358,0.063158
2007-01-10,8.36,8.52,8.04,8.46,98937.66,81432.699,0.034586
2007-01-11,8.49,8.87,8.34,8.57,114251.65,97782.918,0.039939
2007-01-12,8.5,8.81,8.3,8.35,82368.48,70138.41,0.028794
2007-01-15,8.39,9.19,8.37,9.19,137194.98,122382.397,0.04796
2007-01-16,9.42,10.0,9.2,9.86,154887.89,150912.679,0.054145000000000006
2007-01-17,9.84,10.35,9.3,9.99,142016.32,141035.734,0.049645
2007-01-18,9.88,10.95,9.86,10.93,168564.09,177642.748,0.058926
2007-01-19,11.4,11.5,10.45,10.72,131509.78,141133.254,0.045972
2007-01-22,10.72,11.0,10.45,10.91,149523.11,160912.79,0.052268999999999996
2007-01-23,10.9,10.91,9.97,10.62,188274.36,194770.281,0.065816
2007-01-24,10.45,10.77,10.38,10.7,153443.46,162587.14,0.05364
2007-01-25,10.67,10.67,9.9,9.97,65186.76,66270.328,0.022788
2007-01-26,9.65,9.9,8.97,9.68,196655.45,181581.829,0.068746
2007-01-29,9.77,9.9,9.4,9.75,112110.05,108233.554,0.039191
2007-01-30,9.75,10.27,9.7,10.17,92498.12,92235.785,0.032334999999999996
2007-01-31,10.25,10.4,9.2,9.47,119760.02,120830.817,0.041865
2007-02-01,9.47,9.65,8.91,9.3,128236.6,118028.013,0.044828
2007-02-02,9.33,9.5,9.0,9.02,76464.82,71249.42,0.02673
2007-02-05,9.02,9.5,9.0,9.4,63592.88,59550.124,0.02223
2007-02-06,9.48,10.29,9.39,9.95,131007.48,129015.241,0.045797
2007-02-07,9.95,10.5,9.95,10.26,122296.59,125366.855,0.042752
2007-02-08,10.29,10.53,10.25,10.3,99369.59,103669.67,0.034737
2007-02-09,10.27,10.6,9.83,10.24,66316.33,67509.342,0.023182
2007-02-12,10.25,10.9,10.24,10.79,81923.2,87440.312,0.028638
2007-02-13,10.83,11.1,10.58,10.98,93179.06,101745.417,0.032573
2007-02-14,10.96,11.25,10.85,11.02,65740.01,72421.667,0.022980999999999998
2007-02-15,11.1,12.12,11.04,12.12,122915.76,143441.763,0.042968
2007-02-16,12.13,13.33,12.12,12.96,240561.44,308462.526,0.084094
2007-02-26,12.9,13.51,12.75,13.14,147195.13,193838.698,0.051456
2007-02-27,13.2,13.2,11.83,11.83,94990.87,117363.453,0.033206
2007-02-28,11.63,11.83,11.0,11.68,116547.16,132884.794,0.040742
2007-03-01,11.65,11.65,10.58,10.87,77158.49,85430.715,0.026972999999999997
2007-03-02,10.9,11.86,10.9,11.28,69345.02,79691.207,0.024241000000000002
2007-03-05,11.31,11.45,10.85,11.39,110213.31,122824.308,0.038528
2007-03-06,11.2,11.48,11.0,11.38,50826.78,57547.181,0.017768
2007-03-07,11.48,11.68,11.38,11.6,89835.87,103540.952,0.031404
2007-03-08,11.81,12.62,11.61,12.54,128010.45,156457.84,0.044749
2007-03-09,12.6,12.88,12.15,12.59,78008.65,97155.687,0.02727
2007-03-12,12.6,12.99,11.98,12.9,96010.07,120751.943,0.033563
2007-03-13,12.88,12.88,12.4,12.54,60658.82,76286.549,0.021204999999999998
2007-03-14,12.3,12.3,11.9,12.1,62377.85,75624.1,0.021806000000000002
2007-03-15,12.08,12.53,12.08,12.4,63937.75,78659.44,0.022351
2007-03-16,12.4,12.68,11.7,11.8,83112.33,101199.794,0.029054000000000003
2007-03-19,11.4,11.93,11.25,11.63,79817.53,92705.999,0.027902
2007-03-20,11.62,12.33,11.58,12.28,110411.32,131697.368,0.038597
2007-03-21,12.27,12.54,12.1,12.42,53201.8,65348.958,0.018598
2007-03-22,12.42,12.6,12.2,12.24,49469.74,61224.821,0.017293
2007-03-23,12.24,12.3,11.81,12.19,62317.98,74900.459,0.021785000000000002
2007-03-26,12.33,12.68,12.01,12.6,92599.66,114309.61,0.03237
2007-03-27,12.62,12.87,12.4,12.78,85337.91,108062.702,0.029832
2007-03-28,13.0,13.1,12.11,12.57,89436.72,113992.687,0.031265
2007-03-29,12.71,12.8,11.9,12.01,92600.33,113048.032,0.032371
2007-03-30,12.3,12.3,11.35,11.63,101735.94,117702.756,0.035564
2007-04-02,11.79,11.8,11.46,11.71,92227.45,106901.314,0.032240000000000005
2007-04-03,11.79,12.11,11.66,12.1,127148.39,151255.066,0.044448
2007-04-04,12.11,12.55,12.11,12.39,142628.0,176365.121,0.049859
2007-04-05,12.4,12.59,12.2,12.54,166329.66,207353.146,0.058144
2007-04-06,12.46,12.77,12.31,12.66,101405.58,127592.873,0.035449
2007-04-09,12.74,13.87,12.73,13.57,250522.48,337006.134,0.087576
2007-04-10,13.54,13.96,12.94,13.73,184225.07,252827.419,0.0644
2007-04-11,13.72,14.5,13.6,14.17,175232.05,247388.995,0.061257
2007-04-12,14.3,14.49,13.7,14.2,139804.05,198035.346,0.048872
2007-04-13,14.1,14.49,13.8,14.08,122608.19,173434.023,0.042861
2007-04-16,14.08,15.49,14.08,15.15,174780.77,258769.833,0.061098999999999994
2007-04-17,15.12,15.6,14.85,15.41,162897.25,248122.429,0.056944999999999996
2007-04-18,15.4,15.4,14.7,15.06,145078.33,217407.352,0.050716000000000004
2007-04-19,15.0,15.33,13.58,14.59,151353.55,222509.72,0.052909
2007-04-20,14.49,15.5,14.48,15.24,124949.3,188076.808,0.043678999999999996
2007-04-23,15.36,16.11,15.24,15.9,127566.23,200423.998,0.044593999999999995
2007-04-24,15.91,15.93,15.3,15.79,169335.0,264460.817,0.059195000000000005
2007-04-25,15.69,15.69,15.2,15.34,135620.4,209444.913,0.047409
2007-04-26,15.34,15.8,15.25,15.57,137521.45,214221.0,0.048074000000000006
2007-04-27,15.6,15.61,14.7,14.79,149083.68,224090.861,0.052115999999999996
2007-04-30,14.97,15.92,14.9,15.74,194822.99,301208.294,0.068105
2007-05-08,16.03,16.82,15.7,16.21,191504.61,312981.659,0.06694499999999999
2007-05-09,16.15,16.19,14.91,15.54,154906.49,242360.209,0.054151
2007-05-10,15.53,15.85,14.94,15.48,213577.03,324440.719,0.074661
2007-05-11,15.11,17.03,15.0,17.02,456146.81,738792.382,0.15945700000000002
2007-05-17,18.72,18.72,16.71,16.89,347198.7,597042.49,0.121372
2007-05-18,17.4,17.75,17.05,17.11,233636.45,405559.624,0.081673
2007-05-21,16.33,17.11,16.21,16.95,161132.14,270990.451,0.056327999999999996
2007-05-22,16.95,17.2,16.7,16.95,191948.13,325572.088,0.06709999999999999
2007-05-23,16.93,17.49,16.89,17.1,177733.52,305077.779,0.062131
2007-05-24,17.11,17.13,16.5,16.62,145297.5,242900.503,0.050792000000000004
2007-05-25,16.4,17.2,16.33,16.99,137019.86,230247.915,0.047899000000000004
2007-05-28,17.17,17.68,17.17,17.2,196510.44,342318.076,0.068695
2007-05-29,18.0,18.6,17.2,18.08,210518.28,376985.21,0.073592
2007-06-01,16.8,17.6,16.27,16.27,240416.79,403549.779,0.08404299999999999
2007-06-04,16.23,16.23,14.64,14.64,122574.38,180766.986,0.042849000000000005
2007-06-05,13.28,14.5,13.18,14.32,132519.44,178817.038,0.046325000000000005
2007-06-06,14.4,14.85,13.5,14.36,58695.26,84542.086,0.020518
2007-06-07,14.42,15.1,14.28,14.81,78287.61,115225.787,0.027367
2007-06-08,14.88,14.96,14.52,14.82,78598.43,115775.5,0.027475999999999997
2007-06-11,14.88,16.3,14.88,16.3,140751.23,222784.935,0.049203000000000004
2007-06-12,16.6,17.5,16.34,17.44,126038.92,212774.12,0.044059999999999995
2007-06-13,17.6,17.69,16.8,16.9,118411.01,204190.04,0.041393000000000006
2007-06-14,16.95,17.5,16.61,16.95,86618.56,148039.928,0.03028
2007-06-15,16.85,17.8,16.55,17.55,104892.83,180722.153,0.036668
2007-06-18,18.18,18.67,17.7,18.45,158401.12,288246.66,0.055373
2007-06-19,18.4,20.3,18.0,20.3,192426.03,380790.887,0.06726700000000001
2007-06-21,19.5,20.41,18.81,20.21,174649.53,347709.879,0.061052999999999996
2007-06-22,19.85,20.3,18.19,18.19,107221.51,202909.356,0.037482
2007-06-25,17.2,18.5,16.38,16.87,112672.31,194496.572,0.039387
2007-06-26,16.7,17.69,16.42,17.33,57763.07,98885.431,0.020192
2007-06-27,17.55,18.05,17.13,17.87,77289.8,136831.033,0.027018
2007-06-28,17.56,18.89,17.0,17.05,74719.87,134876.99,0.02612
2007-06-29,16.58,18.21,15.88,17.35,85727.55,149059.781,0.029967999999999998
2007-07-02,16.71,17.59,16.48,17.24,43564.36,74023.116,0.015229
2007-07-03,17.33,18.36,17.29,18.12,76158.6,135773.26,0.026623
2007-07-04,18.21,18.22,17.6,17.76,23916.3,42723.661,0.008361
2007-07-05,17.5,17.5,16.49,16.88,49841.37,84269.905,0.017423
2007-07-06,16.53,17.18,15.19,17.1,46248.04,75788.642,0.016167
2007-07-09,17.35,17.65,16.5,17.34,42848.42,73159.552,0.014979
2007-07-10,17.05,17.32,16.19,16.32,42911.69,70956.739,0.015001
2007-07-11,16.32,16.6,15.7,16.15,20651.51,33158.097,0.007219
2007-07-12,16.35,16.5,15.88,15.89,23811.94,38346.69,0.008324
2007-07-13,16.0,16.2,15.5,15.69,37183.4,58533.166,0.012998000000000001
2007-07-16,15.1,15.54,14.12,14.94,153926.55,224198.485,0.053808999999999996
2007-07-17,14.65,14.81,14.1,14.45,44756.71,64767.14,0.015646
2007-07-18,14.45,14.78,14.15,14.55,39950.99,57904.06,0.013966000000000001
2007-07-19,14.7,15.0,14.39,14.63,49746.84,72679.676,0.017390000000000003
2007-07-20,14.65,15.79,14.45,15.51,84050.07,125472.903,0.029382000000000002
2007-07-23,15.44,16.47,15.38,16.16,120325.78,189948.495,0.042062999999999996
2007-07-24,16.18,16.3,15.5,15.71,127730.52,202115.357,0.044650999999999996
2007-07-25,15.59,15.9,14.78,15.81,190575.91,289869.761,0.06662
2007-07-26,15.65,15.81,15.25,15.64,167070.23,259528.365,0.058403000000000004
2007-07-27,15.6,16.16,15.31,16.07,112489.86,178045.607,0.039324
2007-07-30,16.14,16.79,16.1,16.41,128388.13,211520.405,0.044881000000000004
2007-07-31,16.42,16.45,15.81,16.34,93793.21,151581.413,0.032788
2007-08-01,16.35,16.89,15.5,15.55,113631.21,185824.793,0.039722
2007-08-02,15.5,15.9,14.75,15.5,194174.03,295656.785,0.067878
2007-08-03,15.57,15.6,14.95,15.17,173886.25,262790.51,0.060786
2007-08-06,15.14,15.5,14.82,15.29,104180.17,157838.899,0.036419
2007-08-07,15.3,15.38,14.89,14.98,87285.88,131003.248,0.030513
2007-08-08,15.0,15.4,14.83,15.08,67722.73,102403.26,0.023674
2007-08-09,15.2,15.49,14.9,15.33,108133.7,164109.909,0.037801
2007-08-10,15.53,16.3,15.52,16.14,249031.25,396675.674,0.08705500000000001
2007-08-13,16.48,17.0,15.8,16.0,164088.39,268996.858,0.057361
2007-08-14,16.1,16.8,15.73,16.7,157047.65,256288.236,0.054900000000000004
2007-08-15,16.91,17.48,16.75,17.03,250178.16,427841.225,0.08745599999999999
2007-08-16,14.32,14.35,13.68,14.03,98111.53,138252.022,0.034297
2007-08-17,13.95,13.95,13.31,13.35,143334.63,195743.065,0.04175500000000001
2007-08-20,13.72,14.37,13.6,14.23,139166.47,194922.778,0.040541
2007-08-21,14.31,14.66,14.03,14.18,161916.25,232686.822,0.047168
2007-08-22,13.98,14.4,13.8,14.05,176262.66,247735.914,0.051347
2007-08-23,14.3,14.92,14.0,14.8,221854.78,322074.837,0.064629
2007-08-24,14.82,15.3,14.8,14.82,169565.69,254222.052,0.049396
2007-08-27,15.1,15.6,14.85,15.01,165382.21,251752.392,0.048178
2007-08-28,15.19,15.19,14.5,14.72,119750.97,176750.934,0.034885
2007-08-29,14.73,14.78,14.1,14.28,106995.24,153478.333,0.031169
2007-08-30,14.28,14.66,14.28,14.5,92094.24,133396.039,0.026827999999999998
2007-08-31,14.55,14.96,14.48,14.53,98487.48,144645.157,0.028691
2007-09-03,14.6,15.21,14.6,15.18,158790.1,237604.534,0.046257
2007-09-04,15.29,16.28,15.18,15.64,208867.21,328477.478,0.060845
2007-09-05,15.67,15.94,15.12,15.47,100017.01,153767.77,0.029136000000000002
2007-09-06,15.58,15.74,15.27,15.37,89759.9,138189.511,0.026147999999999998
2007-09-07,15.3,15.3,14.78,15.01,123932.18,185521.614,0.036103
2007-09-10,14.8,15.1,14.36,14.97,93053.69,136258.104,0.027108
2007-09-11,14.87,14.96,13.7,13.81,111321.65,162063.405,0.032429
2007-09-12,13.81,14.35,13.49,14.06,100110.01,138271.446,0.029163
2007-09-13,14.12,14.29,13.8,14.0,79795.15,111595.044,0.023245000000000002
2007-09-14,14.05,14.9,13.91,14.81,166930.79,240484.594,0.048629
2007-09-17,14.8,15.5,14.68,14.99,191066.07,288777.949,0.05566
2007-09-18,15.12,15.22,14.45,14.79,113289.93,168883.86,0.033003
2007-09-19,14.83,15.48,14.83,15.23,167086.97,253909.471,0.048674
2007-09-20,15.51,15.63,15.14,15.36,133852.72,205330.19,0.038993
2007-09-21,15.36,15.44,14.31,14.85,122401.07,181847.882,0.035657
2007-09-24,14.81,14.81,14.3,14.38,92710.92,134081.149,0.027008
2007-09-25,14.37,14.88,14.29,14.42,63822.71,92776.736,0.018592
2007-09-26,14.6,14.68,14.05,14.08,60224.67,86207.353,0.017544
2007-09-27,14.11,14.35,13.9,14.28,52320.76,73588.395,0.015242
2007-09-28,14.47,14.67,14.28,14.38,72562.04,104719.212,0.021138
2007-10-08,14.52,14.6,13.98,14.09,115405.17,162923.872,0.033618999999999996
2007-10-09,14.15,14.49,13.79,14.36,108763.34,152173.628,0.031684000000000004
2007-10-10,14.37,14.87,14.3,14.45,126370.38,185115.471,0.036813
2007-10-11,14.41,14.63,13.85,14.0,113413.39,159831.889,0.033039
2007-10-12,14.0,14.03,12.98,13.6,111542.63,150358.59,0.032494
2007-10-15,14.0,14.0,13.01,13.54,75439.01,101257.483,0.021976
2007-10-16,13.5,14.2,13.35,13.98,99250.04,137453.358,0.028913
2007-10-17,14.03,14.25,13.65,14.13,76575.28,106997.709,0.022307
2007-10-18,14.12,14.44,13.81,14.1,103025.24,146771.423,0.030011999999999997
2007-10-19,14.07,14.32,13.7,14.06,65655.28,92645.956,0.019126
2007-10-22,13.96,13.96,13.11,13.21,89856.4,120487.022,0.026175999999999998
2007-10-23,13.4,13.41,12.61,12.82,61632.25,79590.74,0.017954
2007-10-24,12.9,13.09,12.01,12.37,117220.38,145822.057,0.034148
2007-10-25,12.25,12.25,11.13,11.16,94575.45,109148.453,0.027551000000000003
2007-10-26,10.9,11.33,10.7,10.99,49264.9,54191.237,0.014351000000000001
2007-10-29,11.11,11.2,10.5,10.9,47153.44,50302.591,0.013736
2007-10-30,11.0,11.3,10.6,11.28,40679.34,44482.067,0.011850000000000001
2007-10-31,11.3,11.74,11.13,11.63,75179.9,86006.024,0.021901
2007-11-01,11.69,11.69,10.9,10.92,56170.55,62565.817,0.016363000000000003
2007-11-02,10.75,10.83,10.27,10.28,59271.31,62193.645,0.017266
2007-11-05,10.08,10.78,10.0,10.51,37182.1,39007.215,0.010832
2007-11-06,10.51,10.7,10.35,10.58,22764.16,24069.394,0.006631000000000001
2007-11-07,10.68,10.75,10.32,10.45,28153.59,29540.183,0.008201
2007-11-08,10.45,10.6,10.0,10.06,33406.86,34206.311,0.009732
2007-11-09,10.07,10.1,9.8,9.86,35989.32,35699.604,0.010484
2007-11-12,9.88,10.22,9.8,10.14,38156.45,38246.82,0.011115
2007-11-13,10.19,10.3,9.93,10.07,27297.26,27682.649,0.007952
2007-11-14,10.15,10.68,10.12,10.6,55514.45,58112.808,0.016172
2007-11-15,10.61,10.61,10.2,10.27,42373.26,43879.71,0.012343999999999999
2007-11-16,10.19,10.51,10.01,10.43,22952.95,23485.379,0.006686
2007-11-19,10.5,10.66,10.35,10.6,31678.79,33472.32,0.009228
2007-11-20,10.65,11.06,10.51,10.97,61880.86,67195.991,0.018027
2007-11-21,11.02,11.07,10.62,10.7,38823.94,41850.857,0.01131
2007-11-23,10.19,10.47,10.01,10.47,25253.82,25869.153,0.007357
2007-11-26,10.59,10.87,10.41,10.42,37653.78,40159.491,0.010969
2007-11-27,10.38,10.69,10.3,10.53,22176.58,23404.181,0.0064600000000000005
2007-11-28,10.56,10.73,10.17,10.25,28747.14,29934.823,0.008374
2007-11-29,10.44,10.58,10.05,10.56,46068.07,47705.232,0.013420000000000001
2007-11-30,10.56,11.35,10.32,11.14,124741.41,136082.775,0.036339
2007-12-03,11.19,11.64,11.15,11.28,114887.68,130820.078,0.033468
2007-12-04,11.29,11.36,10.97,11.31,42207.18,46996.874,0.012295
2007-12-05,11.16,11.49,11.1,11.4,46831.61,53156.336,0.013643
2007-12-06,11.32,11.46,11.18,11.28,30878.73,34801.242,0.008995
2007-12-07,11.31,11.65,11.22,11.52,40088.41,45966.555,0.011678
2007-12-10,11.3,11.79,11.2,11.64,58696.45,68286.044,0.017099
2007-12-11,11.65,12.1,11.6,11.95,65780.79,78305.413,0.019163
2007-12-12,11.88,12.28,11.78,12.23,64327.02,78112.844,0.018739
2007-12-13,12.23,12.55,11.88,12.03,83230.52,101452.664,0.024246
2007-12-14,11.75,12.24,11.65,12.22,43621.56,52060.516,0.012707
2007-12-17,12.3,12.68,12.25,12.4,59312.03,74226.409,0.017278
2007-12-18,12.41,12.51,11.98,12.12,33966.75,41369.972,0.009895000000000001
2007-12-19,12.14,12.36,12.1,12.35,43446.79,53068.533,0.012657
2007-12-20,12.35,12.79,12.35,12.66,53906.25,68177.379,0.015704
2007-12-21,12.67,12.72,12.45,12.66,36238.54,45623.239,0.010557
2007-12-24,12.8,12.93,12.6,12.72,51653.65,65943.552,0.015047
2007-12-25,12.68,12.87,12.58,12.82,41495.91,52989.073,0.012088000000000002
2007-12-26,12.83,13.38,12.82,13.3,72180.91,94593.478,0.021027
2007-12-27,13.4,14.32,13.31,13.9,100585.55,140232.459,0.029302
2007-12-28,14.01,14.17,13.7,13.78,41882.45,57998.795,0.012201
2008-01-02,13.96,14.5,13.8,14.42,60916.06,86618.102,0.017745999999999998
2008-01-03,14.4,14.65,14.19,14.48,53714.75,77708.618,0.015648
2008-01-04,14.46,14.46,14.02,14.17,50061.73,70871.595,0.014584
2008-01-07,14.1,14.45,14.0,14.18,62931.15,89341.872,0.018333
2008-01-08,14.3,14.4,13.38,13.51,78441.92,108827.967,0.022851
2008-01-09,13.5,13.79,13.4,13.72,55603.4,75246.716,0.016198
2008-01-10,13.82,13.86,13.56,13.6,57346.48,78381.213,0.016706000000000002
2008-01-11,13.59,13.76,13.29,13.75,48198.42,64924.968,0.014041
2008-01-14,13.8,14.28,13.8,14.17,67345.73,95272.775,0.019619
2008-01-15,14.28,14.35,14.03,14.15,47210.27,66798.838,0.013753
2008-01-16,14.23,14.65,14.08,14.54,131614.25,189715.544,0.038341
2008-01-17,14.54,15.2,14.04,14.42,124086.13,182074.665,0.036148
2008-01-18,14.3,14.48,13.77,13.99,65251.0,91630.428,0.019008
2008-01-21,14.1,14.25,12.8,12.99,56115.81,76347.677,0.016347
2008-01-22,12.8,12.8,11.69,11.69,84420.39,101103.633,0.024592999999999997
2008-01-23,11.52,12.32,11.5,12.19,58900.14,70663.65,0.017158
2008-01-24,12.3,12.82,12.1,12.69,71696.63,89489.146,0.020886000000000002
2008-01-25,12.7,12.9,12.45,12.52,46064.04,58361.467,0.013419
2008-01-28,12.5,12.5,11.27,11.27,46931.93,54507.698,0.013672
2008-01-29,11.5,11.74,11.18,11.44,26901.1,30868.183,0.007837
2008-01-30,11.66,11.8,11.21,11.48,21868.03,25219.798,0.00637
2008-01-31,11.51,11.68,11.18,11.24,21598.62,24725.576,0.006292
2008-02-01,11.44,11.44,10.28,10.92,26371.75,28530.827,0.007682
2008-02-04,11.2,11.85,11.2,11.82,34313.46,39575.029,0.009996
2008-02-05,11.95,12.05,11.61,11.8,19792.84,23424.489,0.005766
2008-02-13,11.8,11.84,11.45,11.67,10229.42,11955.804,0.00298
2008-02-14,11.79,12.4,11.69,12.25,40539.59,49134.238,0.011810000000000001
2008-02-15,12.08,12.31,11.95,12.3,33431.03,40716.33,0.009739
2008-02-18,12.48,12.74,12.37,12.55,35413.06,44603.14,0.010316
2008-02-19,12.66,12.82,12.48,12.64,26699.43,33874.026,0.007778
2008-02-20,12.74,12.78,12.22,12.24,33205.74,41269.927,0.009673000000000001
2008-02-21,12.09,12.85,12.09,12.56,31872.41,40040.369,0.009285
2008-02-22,12.58,12.61,11.71,12.02,27370.36,33283.007,0.007973000000000001
2008-02-25,12.13,12.15,11.6,11.68,23936.83,28245.026,0.006973
2008-02-26,11.92,12.1,11.36,11.69,19133.19,22362.575,0.005574
2008-02-27,11.78,12.04,11.7,11.93,32689.67,38851.321,0.009523
2008-02-28,12.05,12.18,11.86,12.02,21576.15,25973.857,0.006285
2008-02-29,12.03,12.27,11.95,12.18,21044.35,25579.807,0.00613
2008-03-03,12.27,13.17,12.17,13.16,82951.22,105913.515,0.024165000000000002
2008-03-04,13.2,13.35,12.8,12.97,93223.82,121856.165,0.027157
2008-03-05,13.0,13.36,12.62,13.25,79386.21,103553.697,0.023126
2008-03-06,13.28,13.62,13.0,13.1,61734.73,82236.929,0.017984
2008-03-07,13.09,13.09,12.7,12.78,27931.26,35930.687,0.008137
2008-03-10,12.75,12.75,12.1,12.29,25396.44,31506.703,0.007398
2008-03-11,12.13,12.28,11.73,12.26,41915.29,50217.115,0.01221
2008-03-12,12.48,12.55,11.82,11.85,26671.14,32636.645,0.00777
2008-03-13,11.73,11.95,11.21,11.75,31654.23,36764.852,0.009221
2008-03-14,11.68,11.85,11.43,11.58,22596.45,26279.387,0.006583
2008-03-17,11.58,11.58,10.5,10.55,23377.1,25663.761,0.00681
2008-03-18,10.4,10.65,9.5,9.5,49940.01,48954.915,0.014548
2008-03-19,9.7,10.27,9.4,10.23,49576.76,49277.286,0.014442
2008-03-20,10.0,10.6,9.38,10.38,45832.86,46291.198,0.013352
2008-03-21,10.4,10.85,10.31,10.65,35887.05,38008.475,0.010454000000000001
2008-03-24,10.76,10.9,10.0,10.06,41094.38,42894.436,0.011971
2008-03-25,9.88,10.26,9.68,10.15,22838.44,22802.121,0.006653
2008-03-26,10.25,10.41,10.06,10.16,14881.65,15245.06,0.004335
2008-03-27,10.0,10.15,9.5,9.59,24097.73,23687.213,0.007019999999999999
2008-03-28,9.59,10.0,9.45,9.99,30274.26,29474.454,0.008819
2008-03-31,9.7,9.9,9.48,9.48,20576.59,19867.233,0.005994
2008-04-01,9.45,9.68,8.53,8.67,52631.84,46286.982,0.015331999999999998
2008-04-02,8.71,8.89,8.31,8.81,51750.0,45077.195,0.015075
2008-04-03,8.56,8.98,8.5,8.89,18399.08,16198.813,0.00536
2008-04-07,8.69,9.42,8.68,9.37,44485.62,40566.077,0.012959
2008-04-08,9.2,9.48,8.45,9.41,48518.24,44851.175,0.014134
2008-04-09,9.21,9.36,8.5,8.51,37756.76,34166.572,0.010999000000000002
2008-04-10,8.49,8.7,8.25,8.6,24519.54,20743.746,0.007143
2008-04-11,8.62,8.85,8.5,8.83,42034.41,36362.451,0.012244999999999999
2008-04-14,8.5,8.67,8.05,8.12,31080.99,25809.839,0.009054
2008-04-15,8.0,8.34,7.81,8.31,33271.25,26772.519,0.009692
2008-04-16,8.22,8.35,8.08,8.15,21913.23,17946.23,0.006384
2008-04-17,8.1,8.3,7.5,7.61,25519.8,19912.508,0.007434
2008-04-18,7.45,7.53,7.0,7.06,29747.62,21295.131,0.008666
2008-04-21,7.6,7.66,6.85,6.99,30225.81,21797.011,0.008805
2008-04-22,6.82,6.95,6.3,6.68,38948.41,25621.015,0.011346
2008-04-23,6.59,7.0,6.51,6.96,41074.57,27833.605,0.011964999999999998
2008-04-24,7.65,7.66,7.3,7.6,180134.43,135893.438,0.052474999999999994
2008-04-25,7.59,8.36,7.47,8.36,301959.23,244734.043,0.087964
2008-04-28,8.4,8.4,7.85,7.87,146829.53,118773.688,0.042773000000000005
2008-04-29,7.8,8.23,7.77,7.99,105440.42,84790.277,0.030716
2008-04-30,8.0,8.32,8.0,8.22,108456.5,88857.602,0.031595
2008-05-05,8.31,8.68,8.16,8.59,104718.17,88251.091,0.030506000000000002
2008-05-06,8.49,8.58,8.23,8.38,86427.8,72596.716,0.025177
2008-05-07,8.3,8.43,7.8,7.83,64258.85,52352.561,0.018719
2008-05-08,7.77,8.18,7.68,8.15,57273.23,45365.464,0.016684
2008-05-09,8.19,8.56,8.1,8.31,99241.61,82753.05,0.02891
2008-05-12,8.19,9.09,8.11,8.94,172103.3,151430.913,0.050136
2008-05-13,8.75,9.83,8.74,9.83,360289.28,346423.29,0.104956
2008-05-14,9.79,10.27,9.11,10.08,271053.55,260052.342,0.078961
2008-05-15,9.95,9.95,9.41,9.44,152073.47,146994.235,0.04430100000000001
2008-05-16,9.3,9.6,9.01,9.14,84284.3,78152.509,0.024553
2008-05-19,9.01,9.6,9.01,9.39,82732.92,78204.649,0.024100999999999997
2008-05-20,9.31,9.49,8.45,8.58,90983.13,81465.686,0.026504
2008-05-21,8.47,8.95,8.04,8.8,94509.55,79631.322,0.027532
2008-05-22,8.63,8.84,8.41,8.46,51225.75,44073.191,0.014922999999999999
2008-05-23,8.48,8.63,8.19,8.32,34576.23,28895.526,0.010072000000000001
2008-05-26,8.29,8.35,8.0,8.04,36224.48,29500.431,0.010553
2008-05-27,8.03,8.29,7.95,8.07,28114.18,22794.747,0.00819
2008-05-28,8.06,8.34,7.98,8.28,36770.96,30095.508,0.010712
2008-05-29,8.25,8.34,8.0,8.02,30778.85,25133.705,0.008966
2008-05-30,8.0,8.2,7.8,7.93,33494.65,26714.27,0.009757
2008-06-02,7.98,8.25,7.89,8.23,42007.38,34083.468,0.012237
2008-06-03,8.32,8.57,8.3,8.41,83643.73,70272.626,0.024366
2008-06-04,8.38,8.45,8.05,8.15,32675.38,26740.455,0.009519
2008-06-05,8.02,8.15,7.91,8.04,26139.02,21010.002,0.007614999999999999
2008-06-06,8.05,8.09,7.83,7.86,22972.56,18204.084,0.006692
2008-06-10,7.56,7.56,7.07,7.07,29981.98,21556.819,0.008733999999999999
2008-06-11,6.95,6.95,6.61,6.75,35927.23,24266.177,0.010466
2008-06-12,6.7,7.06,6.7,6.86,42716.16,29480.399,0.012444
2008-06-13,6.9,7.0,6.52,6.53,23682.99,16019.758,0.006899
2008-06-16,6.65,6.75,6.35,6.61,33933.91,22366.577,0.009885
2008-06-17,6.6,7.06,6.37,6.6,51328.78,34559.328,0.014953000000000001
2008-06-18,6.6,7.09,6.38,7.08,57051.16,38892.613,0.01662
2008-06-19,7.1,7.11,6.37,6.37,46379.48,31243.097,0.013511
2008-06-20,6.5,6.77,6.1,6.66,45152.05,29649.901,0.013153
2008-06-23,6.45,6.64,6.36,6.46,23781.9,15453.481,0.006928
2008-06-24,6.36,6.62,6.33,6.56,35473.29,23109.34,0.010334000000000001
2008-06-25,6.5,6.97,6.5,6.88,63384.87,43151.408,0.018465
2008-06-26,6.89,7.18,6.82,7.13,66019.61,46641.129,0.019232
2008-06-30,6.59,6.9,6.47,6.73,59683.47,39884.725,0.017386
2008-07-01,6.82,6.82,6.49,6.51,25602.98,16875.979,0.007458
2008-07-02,6.6,6.85,6.6,6.74,29765.42,20092.293,0.008671
2008-07-03,6.69,7.2,6.54,7.17,72690.01,51132.814,0.021175000000000003
2008-07-04,7.48,7.48,6.96,7.09,51032.53,36474.289,0.014865999999999999
2008-07-07,7.15,7.39,7.03,7.37,66817.88,48700.545,0.019465
2008-07-08,7.36,7.59,7.3,7.49,66241.26,49268.128,0.019296999999999998
2008-07-09,7.56,7.77,7.4,7.63,68682.19,52012.045,0.020007999999999998
2008-07-10,7.53,7.56,7.31,7.33,66140.99,49289.563,0.019268
2008-07-11,7.2,7.3,7.01,7.12,44440.96,31656.025,0.012946
2008-07-14,7.02,7.26,7.02,7.24,28183.5,20119.827,0.00821
2008-07-15,7.25,7.31,6.98,7.0,37981.24,27027.969,0.011064000000000001
2008-07-16,6.9,6.94,6.48,6.59,31563.85,21097.531,0.009195
2008-07-17,6.73,7.12,6.66,6.72,47162.39,32415.127,0.013739
2008-07-18,6.71,6.86,6.38,6.75,37150.2,24639.062,0.010822
2008-07-21,6.65,7.06,6.6,7.0,45799.01,31635.738,0.013342
2008-07-22,7.0,7.25,6.95,7.03,45534.84,32356.511,0.013265
2008-07-23,7.01,7.38,7.01,7.21,65797.13,47580.005,0.0177
2008-07-24,7.26,7.42,7.18,7.34,52402.21,38282.56,0.014097
2008-07-25,7.26,7.33,7.19,7.2,33630.08,24340.438,0.009047
2008-07-28,7.23,7.45,7.2,7.28,27299.07,19978.797,0.007344000000000001
2008-07-29,7.21,7.35,7.11,7.21,33600.78,24237.814,0.009039
2008-07-30,7.31,7.33,7.12,7.19,23332.5,16798.863,0.0062770000000000005
2008-07-31,7.18,7.21,6.85,6.87,26532.41,18505.023,0.007137
2008-08-01,6.87,6.97,6.6,6.91,35892.0,24411.054,0.009655
2008-08-04,6.85,6.91,6.7,6.75,12791.52,8717.343,0.003441
2008-08-05,6.7,6.85,6.5,6.57,20262.34,13585.425,0.005451
2008-08-06,6.65,6.77,6.58,6.71,18349.35,12224.356,0.004935999999999999
2008-08-07,6.73,6.92,6.64,6.92,21875.82,14964.442,0.0058850000000000005
2008-08-08,7.05,7.15,6.48,6.5,43235.46,29878.619,0.011631
2008-08-11,6.49,6.55,5.96,6.0,35299.82,21772.555,0.009496
2008-08-12,6.0,6.08,5.82,6.01,22296.82,13343.99,0.005998
2008-08-13,5.94,5.95,5.54,5.87,27515.86,15836.152,0.007402
2008-08-14,5.79,5.98,5.72,5.86,11745.35,6891.773,0.00316
2008-08-15,5.85,5.95,5.76,5.9,15092.72,8863.53,0.00406
2008-08-18,5.88,5.93,5.45,5.5,19400.0,10877.646,0.0052190000000000005
2008-08-19,5.46,5.64,5.41,5.61,9507.45,5269.754,0.0025580000000000004
2008-08-20,5.58,6.17,5.5,6.16,32543.37,19559.694,0.008754
2008-08-21,6.36,6.7,6.19,6.34,104268.09,66749.505,0.028049
2008-08-22,6.24,6.77,6.12,6.54,89695.86,58851.312,0.024129
2008-08-25,6.49,6.5,6.16,6.26,38667.81,24343.081,0.010402
2008-08-26,6.13,6.13,5.63,6.01,48303.46,28316.27,0.012994
2008-08-27,5.86,6.16,5.75,6.14,35549.45,21226.224,0.009563
2008-08-28,6.2,6.2,6.0,6.03,19221.97,11713.682,0.005171
2008-08-29,6.01,6.32,6.0,6.17,30768.82,19000.523,0.008277
2008-09-01,6.17,6.17,5.9,6.05,23619.22,14203.403,0.006353999999999999
2008-09-02,6.0,6.23,5.88,6.12,18922.49,11495.569,0.00509
2008-09-03,6.09,6.14,5.85,6.0,23333.72,13920.689,0.0062770000000000005
2008-09-04,5.98,6.13,5.94,6.03,13859.91,8362.265,0.0037280000000000004
2008-09-05,5.79,6.03,5.7,5.82,19453.21,11468.006,0.005233
2008-09-08,5.74,5.9,5.44,5.47,20475.6,11542.244,0.005508
2008-09-09,5.52,5.7,5.51,5.63,19658.19,11025.622,0.005288
2008-09-10,5.65,5.8,5.55,5.66,20270.94,11562.641,0.005453
2008-09-11,5.74,6.14,5.7,5.83,78012.69,46130.649,0.020985999999999998
2008-09-12,5.77,5.88,5.67,5.79,35137.26,20312.754,0.009452
2008-09-16,5.74,5.76,5.58,5.6,28523.46,16171.19,0.007673
2008-09-17,5.62,5.69,5.42,5.46,26269.52,14483.848,0.007067
2008-09-18,5.35,5.5,5.04,5.4,42794.31,22412.962,0.011512
2008-09-19,5.91,5.94,5.82,5.94,43166.29,25530.776,0.011612
2008-09-22,6.3,6.5,5.9,6.12,86646.99,53637.229,0.023309000000000003
2008-09-23,5.87,5.94,5.68,5.69,40029.2,23165.111,0.010768
2008-09-24,5.71,5.84,5.55,5.83,44560.07,25413.541,0.011987000000000001
2008-09-25,5.78,5.98,5.65,5.76,114243.68,66396.524,0.030733
2008-09-26,5.6,5.7,5.3,5.66,122573.48,67617.867,0.032973
2008-10-06,5.43,5.54,5.39,5.42,48956.99,26719.417,0.01317
2008-10-07,5.25,5.5,5.17,5.41,49774.42,26714.311,0.013389999999999999
2008-10-08,5.23,5.34,5.18,5.2,32820.63,17253.389,0.008829
2008-10-09,5.34,5.39,5.16,5.2,30062.12,15754.971,0.008087
2008-10-10,5.0,5.05,4.85,4.86,40986.87,20158.091,0.011026000000000001
2008-10-13,4.8,5.0,4.45,4.94,34157.0,16081.519,0.009189000000000001
2008-10-14,5.1,5.18,4.71,4.73,41892.99,20871.353,0.01127
2008-10-15,4.62,5.13,4.62,5.11,78245.0,38824.419,0.021049000000000002
2008-10-16,4.87,5.14,4.8,4.99,75634.54,37763.171,0.020346000000000003
2008-10-17,5.09,5.15,5.0,5.05,50754.32,25774.912,0.013653
2008-10-20,5.06,5.17,4.86,5.12,41107.01,20652.477,0.011057999999999998
2008-10-21,5.2,5.2,5.04,5.06,36284.75,18514.499,0.009760999999999999
2008-10-23,4.76,4.96,4.71,4.93,25828.48,12529.719,0.006947999999999999
2008-10-24,4.9,5.01,4.88,5.01,27096.66,13473.134,0.007289
2008-10-27,4.89,4.94,4.55,4.59,38051.11,18143.122,0.010236
2008-10-28,4.52,4.79,4.41,4.76,30730.08,14363.398,0.008267
2008-10-29,4.88,4.9,4.69,4.7,34568.67,16609.477,0.009299
2008-10-30,4.75,4.85,4.67,4.72,22542.11,10716.043,0.006064000000000001
2008-10-31,4.7,4.8,4.66,4.75,15716.27,7423.9,0.004228
2008-11-03,4.75,5.09,4.66,4.96,52045.14,25713.24,0.014001
2008-11-04,4.95,4.99,4.65,4.8,31176.07,14955.888,0.008387
2008-11-05,4.8,5.09,4.8,4.93,47435.04,23691.403,0.01276
2008-11-06,4.8,4.92,4.77,4.84,17421.47,8408.755,0.004687
2008-11-07,4.74,4.9,4.69,4.83,16567.4,7969.316,0.004457
2008-11-10,5.0,5.2,4.87,5.16,57409.44,28959.348,0.015444
2008-11-11,5.13,5.29,5.05,5.09,49435.58,25468.398,0.013299
2008-11-12,5.02,5.34,5.02,5.28,50353.47,26185.196,0.013546
2008-11-13,5.22,5.53,5.15,5.44,65905.09,35618.933,0.017728999999999998
2008-11-14,5.44,5.78,5.44,5.72,74583.24,41841.772,0.020064000000000002
2008-11-17,5.69,5.96,5.64,5.89,92165.8,53735.655,0.024793
2008-11-18,5.8,5.9,5.3,5.31,75348.11,42001.091,0.020269
2008-11-19,5.27,5.84,5.24,5.84,90198.6,51034.454,0.024264
2008-11-20,5.8,6.38,5.68,6.22,212632.03,130388.494,0.0572
2008-11-21,5.83,6.43,5.8,6.17,124016.16,76605.548,0.033361999999999996
2008-11-24,6.2,6.49,6.0,6.02,110159.78,69541.438,0.029634
2008-11-25,6.15,6.2,5.66,5.89,85452.99,50241.864,0.022987999999999998
2008-11-26,5.88,5.94,5.72,5.81,30096.51,17539.811,0.008095999999999999
2008-11-27,6.18,6.28,6.0,6.02,77468.37,47507.035,0.02084
2008-11-28,6.05,6.23,5.93,6.21,61610.65,37755.687,0.016574
2008-12-01,6.19,6.64,6.13,6.58,122592.15,78874.912,0.032978
2008-12-02,6.4,6.69,6.31,6.47,72533.24,47098.015,0.019512
2008-12-03,6.5,6.73,6.5,6.59,68785.84,45609.446,0.018504
2008-12-04,6.71,6.72,6.42,6.43,72598.35,48023.52,0.019530000000000002
2008-12-05,6.42,6.55,6.3,6.42,67995.25,43495.702,0.018290999999999998
2008-12-08,6.5,6.64,6.45,6.63,69147.79,45278.73,0.018601
2008-12-09,6.66,6.92,6.55,6.77,107324.69,72755.978,0.028871
2008-12-10,6.77,6.83,6.5,6.76,65533.8,43776.198,0.017629
2008-12-11,6.75,6.8,6.5,6.53,51032.06,33970.018,0.013728
2008-12-12,6.39,6.5,5.94,6.1,61926.62,38544.394,0.016659
2008-12-15,6.18,6.34,6.1,6.31,39413.99,24639.344,0.010603
2008-12-16,6.28,6.94,6.21,6.94,260135.35,177516.733,0.069979
2008-12-17,6.98,7.6,6.98,7.4,309309.24,225884.787,0.083207
2008-12-18,7.3,7.5,7.18,7.3,103543.2,75835.824,0.027854
2008-12-19,7.28,8.0,7.26,7.65,143732.01,110435.353,0.038665
2008-12-22,7.69,7.69,7.41,7.56,77572.03,58578.942,0.020868
2008-12-23,7.55,7.58,7.08,7.11,69730.83,50975.957,0.018758
2008-12-24,7.0,7.3,6.95,7.2,87047.71,62394.108,0.023417
2008-12-25,7.28,7.44,7.22,7.4,75935.84,55782.601,0.020427
2008-12-26,7.4,7.44,7.06,7.13,52752.57,38024.609,0.014191
2008-12-30,7.23,7.48,7.16,7.29,71772.31,52812.012,0.019307
2008-12-31,7.22,7.44,7.0,7.2,50218.62,36360.358,0.013509
2009-01-05,7.3,7.5,7.24,7.47,42452.76,31374.276,0.01142
2009-01-06,7.46,7.75,7.35,7.72,76108.55,57436.252,0.020474000000000003
2009-01-07,7.52,7.86,7.52,7.73,108352.47,83464.687,0.029148
2009-01-08,7.59,7.77,7.47,7.49,76287.79,57897.077,0.020522
2009-01-09,7.5,7.73,7.48,7.72,68242.53,51829.24,0.018358
2009-01-12,7.64,7.99,7.6,7.95,91792.56,71706.703,0.024693
2009-01-13,7.83,7.86,7.6,7.7,49240.25,38066.569,0.013246
2009-01-14,7.68,7.75,7.35,7.74,122896.66,92441.816,0.03306
2009-01-15,7.56,7.78,7.52,7.59,89864.63,68667.443,0.024174
2009-01-16,7.56,7.73,7.55,7.56,58824.81,44875.464,0.015824
2009-01-19,7.6,7.74,7.47,7.58,51585.37,39466.453,0.013876999999999999
2009-01-20,7.51,7.68,7.51,7.67,33592.68,25498.087,0.009037
2009-01-21,7.56,7.92,7.53,7.88,97211.84,75853.506,0.026151
2009-01-22,8.22,8.35,7.99,8.02,156817.03,128629.386,0.042185
2009-01-23,7.91,8.16,7.85,7.97,58240.11,46376.613,0.015667
2009-02-02,8.0,8.12,7.8,8.06,45887.8,36515.779,0.012343999999999999
2009-02-03,8.07,8.1,7.88,8.06,90061.06,71851.12,0.024227
2009-02-04,8.06,8.26,8.0,8.1,78960.2,64033.017,0.021241
2009-02-05,8.1,8.1,7.81,7.85,82765.61,65692.579,0.022265
2009-02-06,7.8,8.01,7.79,8.0,76610.96,60959.039,0.020609000000000002
2009-02-09,8.03,8.24,8.03,8.17,102649.05,83357.773,0.027614
2009-02-10,8.16,8.9,8.06,8.83,145252.94,121571.788,0.039074
2009-02-11,8.65,8.86,8.45,8.56,119449.92,103410.171,0.032132999999999995
2009-02-12,8.55,8.72,8.3,8.62,72285.31,61617.661,0.019445
2009-02-13,8.62,9.02,8.53,8.88,118234.71,104125.377,0.031806
2009-02-16,8.98,9.0,8.65,8.8,81476.96,71377.419,0.021918000000000003
2009-02-17,8.74,8.79,8.47,8.48,61561.7,52862.456,0.016561
2009-02-18,8.36,8.6,8.3,8.45,67527.21,57174.959,0.018165
2009-02-19,8.41,8.98,8.39,8.87,123655.88,108072.09,0.033264999999999996
2009-02-20,8.86,9.5,8.8,9.31,147691.61,136155.378,0.03973
2009-02-23,9.29,9.98,9.15,9.71,141150.05,136351.415,0.037971
2009-02-24,9.65,9.9,9.29,9.3,90855.17,86938.385,0.024441
2009-02-25,9.37,9.55,9.03,9.37,73690.05,68561.656,0.019823
2009-02-26,9.4,9.48,8.43,8.64,92289.07,82687.609,0.024827
2009-02-27,8.47,8.59,7.85,8.05,69541.23,56518.028,0.018707
2009-03-02,8.05,8.52,8.0,8.22,46095.53,38272.107,0.0124
2009-03-03,8.05,8.75,7.97,8.6,76246.61,65110.094,0.020510999999999998
2009-03-04,8.69,8.98,8.58,8.98,80727.7,71041.276,0.021717
2009-03-05,9.02,9.15,8.65,8.89,61981.29,55181.328,0.016674
2009-03-06,8.84,8.95,8.7,8.76,35568.22,31288.847,0.009568
2009-03-09,8.77,8.92,8.16,8.34,54283.22,46198.256,0.014603
2009-03-10,8.19,8.42,8.19,8.4,29436.3,24545.128,0.007919
2009-03-11,8.55,8.64,8.3,8.37,36175.95,30698.7,0.009732
2009-03-12,8.37,8.38,8.14,8.31,32641.3,26893.928,0.008781
2009-03-13,8.4,8.56,8.3,8.35,28178.54,23785.519,0.00758
2009-03-16,8.36,8.5,8.32,8.43,13473.81,11331.704,0.0036249999999999998
2009-03-17,8.5,8.9,8.48,8.85,70006.5,61494.393,0.018832
2009-03-18,8.95,9.3,8.95,8.99,94931.76,86810.145,0.025537999999999998
2009-03-19,8.9,9.13,8.85,9.12,85322.15,76722.777,0.022952
2009-03-20,9.2,9.25,9.0,9.06,82426.56,75219.802,0.022174
2009-03-23,9.06,9.18,8.95,9.06,70333.1,63503.97,0.01892
2009-03-24,9.17,9.57,9.05,9.55,141261.53,132111.84,0.038001
2009-03-25,9.49,9.73,9.32,9.39,107042.4,101434.149,0.028795
2009-03-26,9.31,9.6,9.12,9.44,60388.55,56803.148,0.016245
2009-03-27,9.49,9.55,9.18,9.3,77806.67,72468.246,0.020931
2009-03-30,9.34,9.55,9.23,9.37,56680.29,53273.043,0.015248
2009-03-31,9.24,9.3,9.03,9.28,39371.83,36225.52,0.010591
2009-04-01,9.49,9.49,9.25,9.37,49789.73,46687.802,0.013394
2009-04-02,9.38,10.31,9.31,10.31,326121.48,331393.8,0.08773
2009-04-03,10.31,10.33,9.91,10.0,139704.9,141063.433,0.037582
2009-04-07,10.29,10.38,9.82,10.03,121652.1,122963.788,0.032726000000000005
2009-04-08,10.05,10.05,9.53,9.55,82401.6,80204.986,0.022167
2009-04-09,9.52,9.75,9.12,9.46,84389.25,79721.237,0.022702
2009-04-10,9.52,9.66,9.38,9.6,96106.79,91491.894,0.025854
2009-04-13,9.62,9.7,9.39,9.55,184256.0,174352.829,0.049567
2009-04-14,9.53,9.88,9.36,9.81,149269.23,142775.627,0.040155
2009-04-15,9.71,9.87,9.51,9.68,104137.08,101046.949,0.028014
2009-04-16,9.71,9.76,9.5,9.61,81650.64,78472.642,0.021965
2009-04-17,9.6,9.99,9.55,9.83,153614.31,151550.703,0.041324
2009-04-20,9.84,10.1,9.78,9.99,104938.02,104153.419,0.028229
2009-04-21,9.9,10.26,9.82,9.98,98331.58,98796.195,0.026452
2009-04-22,10.0,10.49,9.91,10.02,203614.85,208856.025,0.054774
2009-04-24,10.25,10.4,9.7,9.76,114980.36,115769.28,0.030931
2009-04-27,10.74,10.74,10.25,10.4,394162.17,414798.797,0.106033
2009-04-28,10.65,11.44,10.5,11.44,589390.62,653704.112,0.158552
2009-04-29,11.99,12.49,11.5,12.07,867804.73,1042634.145,0.233448
2009-04-30,11.91,13.28,11.6,12.98,621069.64,774571.557,0.167074
2009-05-04,12.99,13.9,12.78,13.1,584992.22,775123.474,0.157369
2009-05-05,12.8,13.06,12.41,12.5,486180.66,612309.176,0.130787
2009-05-06,12.67,12.89,12.25,12.78,489715.74,615217.738,0.131738
2009-05-07,12.71,12.71,12.01,12.16,343929.8,423154.634,0.09252
2009-05-08,12.28,12.49,11.97,12.07,269434.05,328412.874,0.07248
2009-05-11,12.55,13.2,12.1,13.09,825853.03,1056215.004,0.222162
2009-05-12,12.7,12.86,12.14,12.57,387251.5,484010.691,0.104174
2009-05-13,12.8,13.18,12.5,12.63,399110.05,511949.642,0.107364
2009-05-14,12.63,12.97,12.2,12.68,352686.29,446024.477,0.094876
2009-05-15,12.65,12.97,12.35,12.73,384977.71,492293.942,0.10356299999999999
2009-05-18,12.87,12.99,12.1,12.34,362638.83,448106.877,0.097553
2009-05-19,12.4,12.6,12.21,12.34,242915.72,300183.026,0.065347
2009-05-20,12.34,12.35,12.08,12.09,213475.96,258847.488,0.057427
2009-05-21,12.05,12.21,11.61,11.67,211895.73,250495.679,0.057002
2009-05-22,11.58,11.67,11.35,11.59,152560.36,175482.871,0.04104
2009-05-25,11.35,11.56,11.13,11.48,144999.93,164363.011,0.039006
2009-05-26,11.54,11.78,11.41,11.59,127524.23,148464.879,0.034305
2009-05-27,11.59,11.68,11.37,11.47,90710.37,103933.896,0.024402
2009-06-01,11.62,11.76,11.42,11.72,151530.69,176000.416,0.040763
2009-06-02,11.79,12.55,11.66,12.06,268298.65,326399.144,0.072175
2009-06-03,11.91,12.14,11.75,11.9,161308.87,190926.346,0.043394
2009-06-04,11.9,12.19,11.65,11.79,166207.66,197228.495,0.044711
2009-06-05,11.71,11.9,11.56,11.73,195817.34,228786.533,0.052676999999999995
2009-06-08,11.66,11.78,11.42,11.51,108808.4,125659.255,0.029271
2009-06-09,11.5,11.5,11.2,11.42,108382.19,122598.396,0.029156
2009-06-10,11.49,11.57,11.28,11.52,120421.92,137303.154,0.032395
2009-06-11,11.5,11.75,11.36,11.66,151470.51,175739.923,0.040747
2009-06-12,11.75,12.2,11.75,11.8,285571.55,341541.942,0.076822
2009-06-15,11.87,11.97,11.67,11.86,124754.3,147057.315,0.03356
2009-06-16,11.72,11.87,11.66,11.72,96091.96,112800.936,0.025849999999999998
2009-06-17,11.69,12.39,11.66,12.18,317211.15,384934.54,0.085333
2009-10-16,13.4,13.4,13.4,13.4,8575.42,11491.063,0.002143
2009-10-19,14.74,14.74,14.74,14.74,8641.76,12737.954,0.002159
2009-10-20,16.2,16.2,14.63,15.04,908029.64,1383071.65,0.22689800000000002
2009-10-21,14.78,14.88,14.31,14.69,434138.44,632122.372,0.10848200000000001
2009-10-22,14.48,14.88,14.42,14.46,196587.82,287257.961,0.049123
2009-10-23,14.48,14.65,14.32,14.47,205677.79,297179.501,0.051394999999999996
2009-10-26,14.7,15.06,14.58,14.93,339282.56,504728.412,0.08478
2009-10-27,14.8,14.8,14.29,14.31,234099.37,338703.248,0.058497
2009-10-28,14.34,14.49,13.86,14.04,157207.93,221498.831,0.039283
2009-10-29,13.9,14.73,13.76,14.2,220677.83,317888.642,0.055143000000000005
2009-10-30,14.5,14.66,13.95,14.37,225267.71,323278.981,0.05628999999999999
2009-11-02,14.15,15.81,14.0,15.81,785506.58,1214856.926,0.19628199999999998
2009-11-03,16.02,16.02,15.13,15.57,503964.56,781985.175,0.125931
2009-11-04,15.57,15.81,15.26,15.39,417239.03,644901.39,0.10426
2009-11-06,16.4,16.78,15.61,15.67,611524.27,988125.374,0.152808
2009-11-09,15.83,15.83,15.1,15.35,243839.59,373743.371,0.060931
2009-11-10,15.35,15.77,15.31,15.38,232832.66,361720.505,0.058179999999999996
2009-11-11,15.29,15.29,14.91,15.08,201925.09,304206.073,0.050457
2009-11-12,15.1,15.21,14.98,15.09,131528.94,197998.485,0.032866
2009-11-13,15.1,15.28,14.88,15.19,136475.28,206412.205,0.034102
2009-11-16,15.2,15.49,15.1,15.35,218637.24,333552.997,0.054633
2009-11-17,15.49,15.79,15.21,15.65,275509.46,427830.271,0.068844
2009-11-18,15.6,15.7,15.31,15.45,195131.77,301566.816,0.048759
2009-11-19,15.47,16.5,15.47,16.15,446916.43,717143.456,0.11167500000000001
2009-11-20,16.0,16.0,15.72,15.82,211305.19,334821.62,0.052801
2009-11-23,15.75,15.75,15.46,15.67,206730.18,321680.447,0.051658
2009-11-24,15.8,15.8,14.74,14.8,259671.87,397736.822,0.064887
2009-11-25,14.75,14.95,14.28,14.85,189048.53,277340.305,0.047239
2009-11-26,14.88,15.15,14.0,14.14,185231.48,270328.585,0.046285999999999994
2009-11-27,14.0,14.75,13.9,14.24,140035.25,201043.787,0.034992
2009-11-30,14.39,14.7,14.23,14.63,104872.36,152038.747,0.026205
2009-12-01,14.6,14.83,14.46,14.78,110360.03,161905.589,0.027576999999999997
2009-12-02,14.78,14.86,14.6,14.72,111558.05,163747.306,0.027875999999999998
2009-12-03,14.73,14.79,14.5,14.67,101490.95,148303.248,0.025360999999999998
2009-12-04,14.61,14.61,14.05,14.32,141931.38,203446.066,0.035466000000000004
2009-12-07,14.31,14.56,14.31,14.49,68299.55,98851.786,0.017067000000000002
2009-12-08,14.48,14.56,14.22,14.31,63157.86,90532.121,0.015782
2009-12-09,14.23,14.65,14.15,14.34,75271.59,108892.986,0.018809
2009-12-10,14.36,14.53,14.26,14.37,44183.75,63363.272,0.011041
2009-12-11,14.4,14.54,14.39,14.45,58429.29,84448.318,0.0146
2009-12-14,14.45,14.5,14.1,14.27,50337.8,71704.861,0.012578
2009-12-15,14.3,14.7,14.22,14.42,83904.64,121486.871,0.020966
2009-12-16,14.42,15.06,14.3,14.75,164833.1,244439.569,0.041188
2009-12-17,14.79,14.85,14.21,14.22,88611.54,127764.822,0.022142
2009-12-18,14.17,14.18,13.28,13.36,101120.69,137721.984,0.025268000000000002
2009-12-21,13.38,13.58,13.21,13.39,53807.34,71820.275,0.013445
2009-12-22,13.47,13.5,12.9,12.91,59277.41,77966.325,0.014812
2009-12-23,13.1,13.98,13.1,13.45,104373.39,141660.166,0.026081
2009-12-28,14.69,14.69,13.73,13.88,145839.6,205004.14,0.036442
2009-12-29,13.98,13.98,13.5,13.66,100114.91,136897.741,0.025017
2009-12-30,13.71,13.99,13.62,13.98,84874.23,117087.339,0.021208
2009-12-31,13.89,14.09,13.8,14.0,65067.4,90830.109,0.016259
2010-01-04,14.15,14.2,13.92,13.95,53460.82,74838.323,0.013359000000000001
2010-01-05,14.05,14.07,13.66,13.93,60055.45,83028.282,0.015007
2010-01-06,13.9,14.12,13.8,14.04,74123.67,104030.526,0.018522
2010-01-07,14.0,14.12,13.51,13.66,67115.36,92478.319,0.016771
2010-01-08,13.65,13.65,13.35,13.58,58403.76,78596.05,0.014594000000000001
2010-01-11,13.62,14.05,13.4,14.0,87618.4,119369.058,0.021894
2010-01-12,13.88,14.33,13.76,14.31,151065.86,214419.392,0.037748
2010-01-13,14.05,15.03,13.96,14.9,324226.86,478581.376,0.081018
2010-01-14,15.02,15.9,14.71,15.32,346251.59,530907.487,0.08652100000000001
2010-01-15,15.33,15.67,14.97,15.13,156836.04,238993.02,0.03919
2010-01-18,15.19,15.58,15.1,15.4,146699.19,226294.607,0.036657
2010-01-19,15.55,15.87,15.47,15.71,179902.34,282526.13,0.044954
2010-01-20,15.72,15.8,15.0,15.01,141836.39,216098.356,0.035442
2010-01-21,15.0,15.34,14.9,15.23,100705.6,152670.685,0.025164
2010-01-22,15.0,15.39,14.88,15.34,159454.65,242381.786,0.039844
2010-01-25,15.38,15.83,15.27,15.64,201814.58,315831.629,0.050429
2010-01-26,15.51,15.67,14.89,15.06,146981.88,223645.939,0.036728000000000004
2010-01-27,15.05,15.25,14.3,14.71,114097.56,168792.748,0.028511
2010-01-28,14.75,15.05,14.51,15.01,79992.1,118220.788,0.019988
2010-01-29,14.99,15.5,14.85,15.4,145694.48,223131.877,0.036406
2010-02-01,15.42,16.24,15.4,16.2,382650.06,611731.906,0.09561700000000001
2010-02-02,16.1,16.1,14.9,14.98,382393.63,586258.717,0.095552
2010-02-03,14.71,15.4,13.5,14.73,315538.0,467691.762,0.078847
2010-03-09,16.2,16.2,15.65,16.2,937758.02,1509577.609,0.11340299999999999
2010-03-10,16.66,16.8,15.69,15.79,812454.65,1322201.38,0.09824999999999999
2010-03-11,15.61,15.81,15.21,15.71,321221.32,498144.854,0.038845
2010-03-12,15.61,15.66,15.15,15.17,192008.02,293696.195,0.023219
2010-03-15,15.11,15.27,14.75,15.16,160750.86,240539.777,0.01944
2010-03-16,15.19,15.22,14.98,15.0,94562.11,142568.05,0.011434999999999999
2010-03-17,15.06,15.91,14.95,15.86,242837.21,375484.668,0.029366
2010-03-18,15.77,16.0,15.41,15.45,354255.9,553127.274,0.042839999999999996
2010-03-19,15.44,15.71,15.27,15.4,215247.1,332675.872,0.02603
2010-03-22,15.4,15.43,15.23,15.29,165042.85,253038.769,0.019959
2010-03-23,15.33,15.48,15.23,15.37,148251.01,227650.834,0.017928
2010-03-24,15.35,15.42,15.01,15.11,142080.16,216613.976,0.017182
2010-03-25,15.12,15.15,14.74,14.8,150314.3,223567.206,0.018177000000000002
2010-03-26,14.81,15.26,14.73,15.1,126871.67,190862.583,0.015343
2010-03-29,15.0,15.41,15.0,15.3,133174.11,203264.472,0.016105
2010-03-30,15.29,15.36,15.0,15.08,132756.99,200464.06,0.016054
2010-04-01,15.15,15.43,15.12,15.36,215407.83,330031.781,0.026049000000000003
2010-04-02,15.36,15.38,15.11,15.13,127801.12,194001.858,0.015455000000000002
2010-04-06,15.17,15.24,14.93,14.98,155781.91,234462.803,0.018838999999999998
2010-04-07,15.0,15.13,14.91,15.05,108333.68,163004.951,0.013101
2010-04-08,15.02,15.26,14.94,15.09,148115.05,224461.76,0.017911
2010-04-09,15.09,16.1,15.09,15.88,525148.84,828190.587,0.063506
2010-04-12,15.94,16.87,15.84,16.84,636301.99,1048001.509,0.076948
2010-04-13,16.77,17.26,16.34,16.99,595289.65,1003717.166,0.071988
2010-04-14,16.99,17.11,16.68,17.02,267552.1,453199.205,0.032355
2010-04-15,17.08,17.09,16.69,16.85,212625.72,357357.502,0.025713
2010-04-16,16.85,16.89,16.55,16.74,134069.75,223891.43,0.016212999999999998
2010-04-19,16.68,17.24,16.54,16.76,311793.35,528788.733,0.037705
2010-04-20,16.8,17.35,16.25,17.34,386036.38,658372.38,0.046683
2010-04-21,17.42,18.09,17.1,17.82,453701.04,799786.644,0.054866
2010-04-22,17.74,17.96,17.34,17.65,290874.77,513762.544,0.035175
2010-04-23,17.66,17.96,17.47,17.93,210648.88,373852.722,0.025474
2010-04-26,17.93,18.06,17.84,17.94,149659.96,268764.765,0.018098
2010-04-27,17.88,17.88,16.9,17.5,253871.85,439223.962,0.030701
2010-04-28,17.4,18.39,17.24,18.28,332545.38,601326.678,0.040214999999999994
2010-04-29,18.35,18.44,17.64,17.93,230774.5,416878.942,0.027907
2010-04-30,17.95,17.95,16.94,17.16,227236.68,391365.973,0.02748
2010-05-04,17.0,18.0,16.85,17.51,208427.14,366659.786,0.025205
2010-05-05,17.4,18.38,17.4,18.28,344824.77,618361.266,0.041699
2010-05-06,18.25,18.5,17.83,17.86,209747.04,381885.071,0.025365000000000002
2010-05-07,17.26,18.01,17.16,17.45,180458.85,318014.839,0.021823000000000002
2010-05-10,17.35,17.96,17.04,17.06,157628.05,274513.673,0.019062
2010-05-11,17.28,17.44,16.44,16.63,180992.07,306078.061,0.021887
2010-05-12,16.54,16.76,16.1,16.57,158301.76,260091.953,0.019143
2010-05-13,16.57,17.29,16.54,17.27,158317.34,268786.007,0.019145000000000002
2010-05-14,17.14,17.77,17.01,17.56,157977.78,276196.209,0.019104
2010-05-17,17.31,17.65,16.78,16.83,129574.13,223680.699,0.015669
2010-05-19,16.92,17.38,16.73,16.85,129524.08,220603.323,0.015663
2010-05-20,16.78,16.85,16.3,16.37,105753.81,175335.952,0.012789
2010-05-21,16.14,16.66,15.94,16.6,103618.24,168903.127,0.01253
2010-05-24,16.59,17.2,16.59,17.03,130546.41,221853.029,0.015787
2010-05-25,16.93,17.16,16.74,16.83,98866.11,167745.443,0.011956
2010-05-26,16.94,17.07,16.61,16.97,77045.72,129941.851,0.009316999999999999
2010-05-27,16.97,17.3,16.74,17.19,104657.65,178337.789,0.012656
2010-05-28,17.26,17.82,17.26,17.52,153902.08,270660.152,0.018611
2010-05-31,17.56,18.1,17.52,17.55,171657.44,305659.905,0.020758000000000002
2010-06-01,17.48,17.56,16.84,17.56,136979.77,236617.55,0.016565
2010-06-02,17.45,17.53,16.94,17.18,125582.88,214901.018,0.015186999999999999
2010-06-03,17.26,17.46,17.08,17.11,85216.78,147062.687,0.010305
2010-06-04,17.04,17.98,16.94,17.91,173597.08,306027.407,0.020992999999999998
2010-06-07,17.57,18.7,17.51,18.64,304667.65,555573.058,0.036843
2010-06-08,18.54,18.7,18.26,18.53,130438.34,240937.465,0.015774
2010-06-09,18.5,19.0,18.36,18.84,163129.79,304900.386,0.019726999999999998
2010-06-10,18.7,19.06,18.65,18.73,90535.68,170374.843,0.010948
2010-06-11,18.83,18.83,18.34,18.45,133385.11,246973.47,0.01613
2010-06-17,18.46,18.53,16.86,16.87,282111.17,494293.218,0.034116
2010-06-18,16.66,16.7,15.18,15.94,282880.33,456575.309,0.034209
2010-06-21,15.69,16.28,15.58,16.18,107960.03,173510.599,0.013056000000000002
2010-06-22,16.18,16.47,16.04,16.38,114186.4,185756.331,0.013808
2010-06-23,16.28,16.46,16.0,16.27,77535.28,125865.27,0.009376
2010-06-24,16.17,16.63,16.16,16.33,58291.31,95592.426,0.007049
2010-06-25,16.4,16.52,16.09,16.11,84884.89,137917.919,0.010265
2010-06-28,16.04,16.43,16.04,16.18,61982.47,100577.42,0.007496
2010-06-29,16.17,16.26,15.5,15.99,100123.53,159216.59,0.012108
2010-06-30,15.9,16.53,15.51,16.38,183486.2,297435.05,0.022189
2010-07-01,16.27,16.44,15.27,15.47,110897.64,175495.653,0.013411
2010-07-02,15.36,15.41,14.19,14.79,115236.19,170192.313,0.013935
2010-07-05,14.6,14.95,14.15,14.87,44410.65,65326.709,0.005371
2010-07-06,14.74,15.5,14.74,15.43,59030.44,90053.277,0.0071389999999999995
2010-07-07,15.33,15.76,15.25,15.69,58129.38,90119.608,0.00703
2010-07-08,15.7,15.77,15.46,15.63,36351.19,56819.041,0.004396
2010-07-09,15.75,16.33,15.47,16.1,71498.85,114562.749,0.008646000000000001
2010-07-12,16.1,16.19,15.9,15.93,29011.6,46469.325,0.003508
2010-07-13,15.93,16.04,15.37,15.4,49402.93,77138.668,0.005974
2010-07-14,15.39,15.86,15.39,15.57,27304.95,42705.859,0.003302
2010-07-15,15.5,15.86,15.44,15.57,44527.43,69554.047,0.005385
2010-07-16,15.47,15.56,15.04,15.29,63996.1,97537.538,0.007739
2010-07-19,15.2,15.4,14.96,15.35,172894.71,261527.736,0.020908000000000003
2010-07-20,15.29,15.98,15.29,15.83,111696.91,175371.694,0.013507
2010-07-21,15.85,15.96,15.69,15.8,51072.01,80781.274,0.006176
2010-07-22,15.77,15.95,15.57,15.93,69477.72,109553.101,0.008402
2010-07-23,15.94,16.35,15.75,16.3,115387.46,185228.68,0.013954
2010-07-26,16.36,16.37,16.17,16.35,69596.86,113229.561,0.008416
2010-07-27,16.3,16.52,16.21,16.43,78280.48,128123.731,0.009466
2010-07-28,16.48,16.75,16.3,16.55,100826.66,166690.365,0.012193
2010-07-29,16.59,16.65,15.97,16.21,191773.76,311756.133,0.023191000000000003
2010-07-30,16.19,16.27,15.9,16.1,165680.25,266027.762,0.020036
2010-08-02,16.07,16.55,16.06,16.54,149686.36,245219.09,0.018101
2010-08-03,16.54,16.92,16.47,16.54,129106.83,215562.678,0.015612999999999998
2010-08-04,16.6,16.66,16.14,16.48,81808.94,134270.709,0.009892999999999999
2010-08-05,16.8,18.13,16.8,18.13,482905.2,861831.373,0.058397
2010-08-06,17.9,18.86,17.8,18.49,290764.78,537557.258,0.035162
2010-08-09,18.49,18.9,18.25,18.52,254030.2,473178.195,0.03072
2010-08-10,18.56,19.05,18.1,18.4,202300.65,375119.23,0.024464
2010-08-11,18.4,19.05,18.4,18.99,202931.93,380604.526,0.024540000000000003
2010-08-12,18.92,19.1,18.64,18.69,148843.58,280683.043,0.018000000000000002
2010-08-13,18.67,19.77,18.65,19.6,242041.77,466871.897,0.02927
2010-08-16,19.58,20.29,19.5,19.98,227911.21,455375.336,0.027561
2010-08-17,19.98,20.19,19.81,19.96,173130.52,346481.799,0.020937
2010-08-18,19.92,20.1,19.5,19.82,122669.75,242012.271,0.014834
2010-08-19,19.72,19.82,19.41,19.43,120971.29,236559.642,0.014629000000000001
2010-08-20,19.5,19.5,18.38,18.5,212233.88,398756.168,0.025665
2010-08-23,18.48,19.2,18.44,18.96,140834.07,266253.059,0.017031
2010-08-24,18.91,19.4,18.64,19.23,98452.61,188108.228,0.011906000000000002
2010-08-25,19.14,19.43,18.94,18.98,122256.69,234341.568,0.014783999999999999
2010-08-26,18.95,19.16,18.76,19.03,54826.72,104095.982,0.0066300000000000005
2010-08-27,19.06,19.76,19.05,19.53,78359.06,152820.59,0.009476
2010-08-30,19.66,20.66,19.61,20.12,172344.88,348470.203,0.020842
2010-08-31,20.02,20.55,20.0,20.34,88513.82,179958.475,0.010704
2010-09-01,20.34,20.45,19.66,19.82,99387.46,198456.306,0.012019
2010-09-02,19.89,20.9,19.89,20.74,162772.41,336343.29,0.019684
2010-09-03,20.76,20.96,20.34,20.66,70732.14,145966.111,0.008554
2010-09-06,20.76,21.37,20.76,20.81,86450.87,182169.742,0.010454000000000001
2010-09-09,21.1,22.89,21.1,21.86,216429.36,483125.014,0.026173000000000002
2010-09-10,21.86,22.65,21.47,22.31,163692.77,362211.042,0.019795
2010-09-13,22.31,22.65,21.81,22.19,135796.75,302134.196,0.016422000000000003
2010-09-14,22.22,22.22,21.61,21.76,147848.93,322123.154,0.017879
2010-09-15,21.76,22.28,21.6,21.79,104789.02,230096.468,0.012672000000000001
2010-09-16,21.85,22.0,20.82,21.74,105586.68,225038.783,0.012768999999999999
2010-09-17,21.68,21.99,21.38,21.76,52522.59,114299.653,0.006352
2010-09-20,21.78,21.8,21.21,21.24,36267.73,77691.137,0.004386
2010-09-21,21.25,21.6,21.05,21.49,53708.18,114532.452,0.006495
2010-09-28,22.19,22.58,21.88,22.38,90725.49,202544.899,0.010971
2010-09-29,22.38,22.55,21.55,21.8,64940.62,142536.644,0.007853
2010-09-30,21.8,22.38,21.54,22.35,57919.09,128517.659,0.007004
2010-10-08,22.5,22.77,22.25,22.53,75592.14,170129.631,0.009141
2010-10-11,22.5,22.5,20.81,21.44,283286.61,604894.762,0.034258000000000004
2010-10-12,21.24,21.59,20.58,20.84,140832.77,294887.864,0.017031
2010-10-13,20.85,21.09,20.2,20.65,168457.66,344252.881,0.020371
2010-10-14,20.72,20.84,19.7,19.9,172946.75,346956.661,0.020914000000000002
2010-10-15,19.8,20.48,19.63,20.04,143514.77,288254.935,0.017355
2010-10-18,20.04,20.26,19.0,20.25,305250.64,590853.112,0.036913999999999995
2010-10-19,19.99,20.73,19.88,20.61,135539.5,278194.123,0.016391
2010-10-20,20.3,21.78,20.28,21.44,241105.22,512906.175,0.029157000000000002
2010-10-21,21.37,21.8,21.02,21.72,148477.77,320886.606,0.017955000000000002
2010-10-22,21.75,21.89,21.47,21.87,166627.95,361430.298,0.02015
2010-10-25,21.97,22.27,21.71,22.07,131614.92,289364.306,0.015916
2010-10-26,21.91,22.0,20.95,21.42,285487.25,608302.394,0.034524
2010-10-27,21.68,22.43,21.08,21.24,295092.33,646466.175,0.035684999999999995
2010-10-28,21.21,21.37,21.0,21.28,127921.52,270738.883,0.015469
2010-10-29,21.4,21.5,20.55,21.49,187339.18,392066.388,0.022654999999999998
2010-11-01,21.58,22.25,21.45,22.18,225324.98,493688.937,0.027248
2010-11-02,22.2,23.05,21.95,22.15,185266.43,417860.699,0.022404
2010-11-03,22.0,22.78,21.9,22.36,133985.47,300064.073,0.016203000000000002
2010-11-04,22.36,22.97,22.2,22.89,126796.49,286571.345,0.015333000000000001
2010-11-05,22.85,23.16,22.24,22.57,165520.55,376231.212,0.020016
2010-11-08,22.2,22.57,21.9,22.49,141238.7,314497.332,0.017079999999999998
2010-11-09,22.49,23.19,22.0,23.11,215061.56,486015.601,0.026007
2010-11-10,23.06,24.05,22.87,23.51,210920.84,498487.363,0.025507
2010-11-11,23.51,24.5,23.1,24.26,217221.52,517344.622,0.026268
2010-11-12,23.8,24.43,22.8,22.83,170774.21,404031.513,0.020652
2010-11-15,23.0,24.98,22.89,24.73,189271.93,454007.097,0.022889
2010-11-16,24.5,25.53,23.83,23.9,182829.99,448698.739,0.022109999999999998
2010-11-17,23.6,24.03,22.0,22.51,204437.31,472102.573,0.024722
2010-11-18,22.75,22.87,22.0,22.33,97944.02,220008.471,0.011843999999999999
2010-11-19,22.5,23.71,22.35,23.69,136836.78,315514.175,0.016548
2010-11-22,23.6,24.4,23.41,23.88,85939.5,206314.432,0.010393
2010-11-23,24.0,24.0,23.11,23.72,82900.21,195934.805,0.010025
2010-11-24,23.59,24.69,23.5,24.68,83837.79,203400.747,0.010138000000000001
2010-11-25,24.98,25.1,23.85,24.29,116974.18,285381.48,0.014146
2010-11-26,24.28,24.28,23.6,23.64,72638.71,172918.379,0.008784
2010-11-29,23.6,24.28,23.57,23.81,66071.76,158002.357,0.00799
2010-11-30,25.5,26.19,24.7,25.7,434517.24,1111475.365,0.052546
2010-12-01,25.2,25.7,24.8,25.26,150356.22,379671.96,0.018182
2010-12-02,25.46,26.1,25.16,25.26,99831.94,255117.025,0.012073
2010-12-03,25.1,25.46,24.72,25.0,50900.11,127062.743,0.006155000000000001
2010-12-06,25.25,25.4,23.39,23.61,126648.49,302978.677,0.015316000000000001
2010-12-07,23.56,24.27,23.0,24.13,70339.09,167442.471,0.008506
2010-12-08,24.05,24.1,23.38,23.7,72082.65,170256.568,0.008717
2010-12-09,23.65,23.65,22.76,23.12,97863.9,224699.954,0.011835
2010-12-10,22.91,23.1,22.59,22.83,102868.28,234620.374,0.01244
2010-12-13,23.05,23.48,22.6,23.42,188663.8,434038.464,0.022815
2010-12-14,23.35,23.38,23.06,23.22,104063.94,241154.086,0.012584
2010-12-15,24.21,24.8,23.55,23.68,208772.46,499658.166,0.025247000000000002
2010-12-16,23.9,24.4,23.69,23.81,121071.43,289497.742,0.014641
2010-12-17,23.65,23.85,23.5,23.79,61618.72,145976.081,0.007451999999999999
2010-12-20,23.8,23.93,22.5,22.94,133552.36,307896.125,0.01615
2010-12-21,22.9,23.02,22.13,22.57,153066.27,344589.067,0.01851
2010-12-22,22.55,22.55,21.85,22.06,163554.17,360935.883,0.019779
2010-12-23,22.1,22.4,21.8,21.86,95005.73,209784.891,0.011489000000000001
2010-12-24,21.91,22.09,21.52,21.68,56939.95,123909.281,0.006886
2010-12-27,21.6,22.0,20.5,20.82,97109.57,207340.861,0.011742999999999998
2010-12-28,20.71,20.98,19.95,20.51,102103.37,207035.103,0.012346999999999999
2010-12-29,20.49,21.13,20.49,21.07,95802.38,200153.668,0.011585000000000002
2010-12-31,21.3,22.07,21.2,21.84,131282.76,286220.598,0.015875999999999998
2011-01-04,21.9,22.1,21.3,21.75,126610.77,275013.546,0.015310999999999998
2011-01-05,21.6,22.3,21.4,21.82,151550.97,332688.278,0.018327
2011-01-06,21.79,22.0,21.71,21.78,70647.45,154312.031,0.008543
2011-01-07,21.8,22.07,21.28,21.51,87562.36,190191.59,0.010589
2011-01-10,21.45,21.46,20.39,20.46,101638.53,210330.189,0.012291000000000002
2011-01-11,20.45,20.45,19.47,19.9,145137.26,287614.117,0.017551
2011-01-12,19.87,19.88,19.57,19.7,65301.39,128730.246,0.007897
2011-01-13,19.83,20.32,19.8,20.27,121098.56,242566.15,0.014643999999999999
2011-01-14,20.21,20.21,19.49,19.86,107937.61,212991.408,0.013052999999999999
2011-01-17,19.6,19.86,19.28,19.36,69538.19,135700.702,0.008409
2011-01-18,19.31,20.2,19.1,20.17,97655.7,192026.209,0.011809
2011-01-19,19.97,20.7,19.9,20.33,88196.86,179217.846,0.010666
2011-01-20,20.35,20.35,19.49,19.5,46037.59,91410.37,0.005567
2011-01-21,19.52,19.82,19.0,19.52,79345.01,153535.108,0.009595
2011-01-24,19.55,19.55,18.62,18.63,111757.64,211876.498,0.013515
2011-01-25,18.6,19.2,18.58,18.92,121829.19,230690.674,0.014733000000000001
2011-01-26,18.93,19.41,18.93,19.34,53597.57,103115.971,0.006482
2011-01-27,19.32,19.62,19.0,19.5,85881.95,166569.791,0.010386
2011-01-28,19.51,19.85,19.48,19.69,54612.93,107336.103,0.006604
2011-01-31,19.69,20.1,19.5,19.92,75797.4,150515.23,0.009166
2011-02-01,19.99,20.35,19.93,20.31,67297.06,135753.306,0.008138
2011-02-09,20.0,20.7,19.95,20.36,94425.47,193692.768,0.011418999999999999
2011-02-10,20.48,20.97,20.2,20.75,63481.61,131045.835,0.007677000000000001
2011-02-11,20.75,20.82,20.5,20.59,61731.15,127480.26,0.007465
2011-02-14,20.62,21.1,20.57,20.9,91657.98,190756.368,0.011084
2011-02-15,20.9,21.37,20.55,20.85,140523.48,293436.076,0.016993
2011-02-16,20.72,20.95,20.43,20.64,113503.54,233733.344,0.013726
2011-02-17,20.6,20.77,20.18,20.34,89941.25,183247.599,0.010877
2011-02-18,20.35,20.5,20.01,20.41,98566.92,199909.901,0.01192
2011-02-21,20.39,20.62,20.14,20.58,87572.06,178599.393,0.010589999999999999
2011-02-22,20.6,20.65,20.02,20.06,81563.44,165223.416,0.009863
2011-02-23,20.1,20.6,20.1,20.53,80803.44,164750.393,0.009772
2011-02-24,20.72,21.14,20.66,21.03,113860.87,237850.839,0.013769
2011-02-25,21.15,21.15,20.72,21.06,104011.02,218412.344,0.012578
2011-02-28,21.12,21.45,21.02,21.25,138130.05,293007.938,0.016704
2011-03-01,21.32,21.98,21.15,21.72,166230.65,359442.481,0.020102000000000002
2011-03-02,21.7,22.1,21.57,21.79,147059.7,320676.91,0.017784
2011-03-03,21.71,21.88,20.81,20.88,113476.24,240725.245,0.013723
2011-03-04,20.91,21.15,20.62,21.0,59174.56,123612.252,0.007156
2011-03-07,21.08,21.23,20.58,20.78,141816.32,293768.349,0.017150000000000002
2011-03-08,20.7,20.71,20.3,20.59,150402.29,308016.237,0.018188
2011-03-09,20.65,20.98,20.35,20.48,211797.53,435050.13,0.025613
2011-03-10,20.53,20.87,20.46,20.82,164832.14,342069.184,0.019933
2011-03-11,20.9,21.6,20.9,21.18,294142.13,629087.282,0.03557
2011-03-14,21.39,21.92,21.01,21.83,323257.45,695408.357,0.039091
2011-03-15,21.83,21.85,20.95,21.6,176161.99,376878.506,0.021303000000000002
2011-03-16,21.53,21.55,21.21,21.37,109050.97,232838.564,0.013186999999999999
2011-03-17,21.25,21.35,20.98,21.05,122667.01,259140.704,0.014834
2011-03-18,21.09,21.3,20.8,20.94,87199.99,183200.225,0.010545
2011-03-21,20.95,21.17,20.31,20.41,132705.55,273244.106,0.016048
2011-03-22,20.46,20.53,19.81,20.08,127347.56,255304.988,0.0154
2011-03-23,20.11,20.3,19.86,20.06,188588.42,377911.244,0.022806000000000003
2011-03-24,20.08,20.4,19.98,20.3,148302.85,299919.976,0.017934000000000002
2011-03-25,20.35,20.35,19.9,20.1,223661.9,447544.441,0.027046999999999998
2011-03-28,20.07,20.07,19.5,19.59,258842.98,510729.229,0.031301999999999996
2011-03-29,19.58,19.75,19.2,19.26,158049.35,307105.114,0.019113
2011-03-30,19.3,19.39,19.0,19.09,113636.3,218356.346,0.013742
2011-03-31,19.16,19.6,19.16,19.55,114019.15,221168.652,0.013788
2011-04-01,19.63,19.78,19.37,19.52,108774.8,212457.335,0.013153999999999999
2011-04-06,19.82,19.86,19.23,19.39,144918.05,283364.368,0.017525
2011-04-07,19.4,19.67,19.28,19.64,105687.84,206549.108,0.012781
2011-04-08,19.68,19.92,19.49,19.91,110005.28,217795.537,0.013303
2011-04-11,19.94,19.98,19.65,19.66,103738.47,205317.993,0.012544999999999999
2011-04-12,19.6,19.75,19.4,19.49,86629.69,169187.113,0.010476000000000001
2011-04-13,19.69,20.17,19.58,20.15,219877.22,438664.154,0.02659
2011-04-14,20.25,21.1,20.23,20.82,424879.06,881793.879,0.05138
2011-04-15,20.81,21.12,20.55,21.1,262156.31,547794.081,0.031702
2011-04-18,21.11,21.39,20.9,21.17,254738.17,538755.158,0.030805
2011-04-19,21.09,21.36,20.52,21.09,198907.29,418717.978,0.024054000000000002
2011-04-20,21.08,21.74,21.05,21.72,264195.21,567293.634,0.031949
2011-04-21,21.99,21.99,21.21,21.47,271832.76,588042.53,0.032873
2011-04-22,21.46,21.7,21.3,21.56,163743.58,351865.509,0.019801
2011-04-25,21.5,21.5,20.75,20.94,122508.39,257996.635,0.014815
2011-04-26,20.95,21.15,20.19,20.63,158201.61,325358.436,0.019131
2011-04-27,20.61,20.95,20.39,20.46,94552.65,195538.989,0.011434
2011-04-28,20.51,20.68,19.43,19.64,130749.12,262064.889,0.015811
2011-04-29,19.64,19.99,19.64,19.92,81679.04,162358.089,0.009877
2011-05-06,20.5,20.95,19.95,20.27,317172.7,645368.085,0.038356
2011-05-09,20.23,20.66,19.81,20.39,151721.79,307439.097,0.018348
2011-05-10,20.28,20.28,19.98,20.11,105185.22,210992.604,0.01272
2011-05-11,20.06,20.31,19.99,20.09,104207.39,209764.099,0.012602
2011-05-12,20.0,20.23,19.68,19.71,108771.38,217280.525,0.013153999999999999
2011-05-13,19.76,19.9,19.43,19.86,97839.46,191769.986,0.011832
2011-05-16,19.95,20.29,19.86,20.06,115938.97,233087.542,0.01402
2011-05-17,20.04,20.06,19.7,19.91,87825.72,174493.888,0.010621
2011-05-18,19.7,19.7,19.08,19.26,264222.2,509401.865,0.031952
2011-05-19,19.36,19.42,19.13,19.2,147447.96,283677.525,0.017831
2011-05-20,19.25,19.39,18.66,19.36,323502.04,615509.105,0.039121
2011-05-23,19.38,19.55,19.0,19.09,190010.77,366047.346,0.022978000000000002
2011-05-24,18.9,19.06,18.7,18.91,72679.18,137147.853,0.008789
2011-05-25,18.89,19.0,18.66,18.67,61797.04,116134.863,0.007473
2011-05-26,18.85,18.92,17.84,17.85,179875.37,326647.455,0.021751999999999997
2011-05-27,17.88,17.98,17.16,17.18,145105.24,252053.571,0.017547
2011-05-30,17.08,17.2,16.48,17.08,102764.55,173369.806,0.012426999999999999
2011-05-31,17.14,17.58,17.03,17.53,81289.21,140488.124,0.00983
2011-06-01,17.54,17.67,17.18,17.26,115549.23,200782.02,0.013973
2011-06-02,16.8,17.15,16.72,16.88,100624.75,170042.219,0.012168000000000002
2011-06-03,16.91,17.5,16.91,17.39,130865.7,224956.509,0.015826
2011-06-07,17.38,17.83,17.27,17.45,148283.22,260260.421,0.017932
2011-06-08,17.5,17.51,17.11,17.38,77285.73,133904.961,0.009346
2011-06-09,17.38,17.38,16.6,16.65,170372.06,288229.518,0.020602999999999996
2011-06-10,16.67,16.78,16.25,16.63,131681.56,217374.529,0.015924
2011-06-13,16.47,16.47,15.98,16.22,108296.22,175337.527,0.013096000000000002
2011-06-14,16.2,16.64,16.12,16.5,100284.43,165088.562,0.012126999999999999
2011-06-15,16.51,16.68,16.35,16.36,71016.38,117182.31,0.008588
2011-06-16,16.18,16.37,16.01,16.03,65015.06,105086.145,0.007862000000000001
2011-06-17,16.04,16.14,15.92,15.94,82631.32,132286.962,0.009993
2011-06-20,15.92,15.96,15.48,15.64,104361.37,163472.475,0.01262
2011-06-21,15.71,16.05,15.65,15.81,93936.43,148625.251,0.011359999999999999
2011-06-22,15.89,15.95,15.7,15.74,73551.98,116241.189,0.008895
2011-06-23,15.7,16.45,15.65,16.38,154899.48,250059.462,0.018732
2011-06-24,16.32,16.8,16.23,16.62,214460.89,354794.522,0.025935
2011-06-27,16.6,16.8,16.46,16.62,130389.2,216723.735,0.015768
2011-06-28,16.65,16.97,16.41,16.85,129455.02,216361.307,0.015655
2011-06-29,16.87,17.14,16.79,16.8,169835.01,288565.565,0.020537999999999997
2011-07-01,17.15,17.25,16.79,16.83,158277.48,270101.243,0.01914
2011-07-04,16.87,17.3,16.87,17.26,177673.55,303996.264,0.021486
2011-07-05,17.27,17.49,17.13,17.46,141758.33,245293.798,0.017143
2011-07-06,17.37,17.4,17.19,17.36,101314.4,175186.878,0.012252
2011-07-07,17.34,17.48,17.08,17.17,145151.9,250386.539,0.017553
2011-07-08,17.18,17.25,17.0,17.08,118610.13,202569.051,0.014343
2011-07-11,17.04,17.39,16.83,17.32,116027.11,199178.947,0.014031
2011-07-12,17.1,17.15,16.91,17.02,109477.28,186374.966,0.013239
2011-07-13,17.0,17.32,16.97,17.25,95161.13,163705.961,0.011508000000000001
2011-07-14,17.25,17.66,17.21,17.62,166298.48,290149.834,0.020110000000000003
2011-07-15,17.65,18.22,17.53,18.09,356465.09,641204.302,0.043107
2011-07-18,18.17,18.59,17.9,17.93,306928.49,560204.906,0.037117
2011-07-19,17.8,17.81,17.48,17.56,100018.85,175924.849,0.012095
2011-07-20,17.65,17.78,17.32,17.7,118470.34,207703.986,0.014327000000000001
2011-07-21,17.56,17.73,17.37,17.47,74047.11,129632.255,0.008954
2011-07-22,17.49,17.55,17.34,17.38,82478.25,143542.345,0.009974
2011-07-25,17.25,17.28,16.31,16.37,156070.6,261318.433,0.018874
2011-07-26,16.37,16.55,15.97,16.1,194546.98,314283.125,0.023526
2011-07-27,16.04,16.32,15.88,16.28,113975.09,184278.087,0.013783
2011-07-28,16.1,16.31,16.01,16.21,72154.61,116534.684,0.008726000000000001
2011-07-29,16.15,16.44,16.01,16.08,82682.16,133709.455,0.009999000000000001
2011-08-01,16.16,16.3,16.02,16.1,67692.83,109519.617,0.008186
2011-08-02,16.07,16.07,15.61,15.91,91110.73,143615.912,0.011017999999999998
2011-08-03,15.72,16.08,15.66,15.79,110305.35,174781.954,0.013339
2011-08-04,15.91,15.96,15.66,15.76,161349.23,254881.854,0.019512
2011-08-05,15.4,15.5,15.2,15.32,119825.64,184156.094,0.014490000000000001
2011-08-08,15.1,15.18,14.1,14.87,218053.72,318449.323,0.026368999999999997
2011-08-09,14.35,15.28,14.16,14.8,234291.72,343613.633,0.028333
2011-08-10,15.1,15.17,14.8,14.95,156747.15,234477.952,0.018955
2011-08-11,14.6,15.4,14.52,15.35,167050.54,251564.989,0.020200999999999997
2011-08-12,15.47,15.68,15.28,15.45,140299.84,217145.99,0.016966000000000002
2011-08-15,15.77,15.81,15.48,15.63,239860.11,374433.046,0.029005999999999997
2011-08-16,15.74,15.76,15.35,15.38,148745.64,230932.292,0.017988
2011-08-17,15.31,15.44,14.99,15.1,146376.9,221699.509,0.017701
2011-08-18,15.1,15.14,14.69,14.7,176309.43,261997.706,0.021321
2011-08-19,14.32,14.79,14.25,14.69,105339.34,152249.604,0.012739
2011-08-22,14.65,15.0,14.61,14.76,83311.45,123044.616,0.010075
2011-08-23,14.83,15.4,14.8,15.38,218159.9,331666.724,0.026382
2011-08-24,15.37,15.45,15.12,15.21,132172.95,201707.418,0.015984
2011-08-25,15.3,15.69,15.26,15.59,173742.73,269697.558,0.021011000000000002
2011-08-26,15.55,15.75,15.48,15.72,115963.54,181552.082,0.014023
2011-08-29,15.57,15.63,15.26,15.31,110004.49,169578.052,0.013303
2011-08-30,15.43,15.82,15.38,15.4,162901.2,254502.477,0.0197
2011-08-31,15.39,15.58,15.29,15.46,71799.72,110693.426,0.008683
2011-09-01,15.47,15.94,15.47,15.58,148321.27,232784.502,0.017936
2011-09-02,15.59,15.73,15.35,15.48,81461.9,126411.039,0.009851
2011-09-05,15.3,15.32,14.78,14.81,111354.96,167119.039,0.013466
2011-09-06,14.68,14.98,14.63,14.86,61078.59,90429.296,0.007386
2011-09-07,14.97,15.38,14.96,15.37,86772.92,131371.38,0.010492999999999999
2011-09-08,15.46,15.57,15.29,15.3,78691.93,121394.235,0.009516
2011-09-09,15.41,15.56,14.91,14.95,84955.02,128482.216,0.010274
2011-09-13,14.79,14.92,14.65,14.82,67305.56,99311.084,0.008139
2011-09-14,14.96,14.99,14.51,14.94,61092.42,90161.528,0.0073880000000000005
2011-09-15,15.02,15.17,14.87,14.89,79521.05,119595.11,0.009616
2011-09-16,15.0,15.21,14.97,15.18,85492.58,129200.662,0.010339000000000001
2011-09-19,15.17,15.28,14.88,15.08,83128.28,125339.512,0.010053000000000001
2011-09-20,14.98,15.29,14.86,15.09,68802.94,103715.124,0.00832
2011-09-21,15.09,15.85,14.95,15.64,160086.57,247737.497,0.019359
2011-09-22,15.45,15.57,15.07,15.1,103130.49,158103.538,0.012472
2011-09-23,14.8,15.21,14.74,15.07,104502.43,156431.859,0.012637
2011-09-26,15.0,15.14,14.77,14.79,68420.42,102152.711,0.008274
2011-09-27,15.03,15.18,14.91,15.04,80830.43,121697.264,0.009775
2011-09-28,15.11,15.23,14.65,14.83,82282.93,123080.828,0.00995
2011-09-29,14.63,14.79,14.5,14.52,60345.98,88074.377,0.007298
2011-09-30,14.55,14.76,14.5,14.52,42329.31,61826.291,0.005119
2011-10-10,14.55,14.65,14.01,14.12,67713.03,96586.002,0.008187999999999999
2011-10-11,14.5,14.66,14.13,14.17,82835.69,118306.633,0.010017
2011-10-12,14.17,14.78,13.89,14.7,112848.2,163163.902,0.013647
2011-10-13,14.65,15.04,14.53,14.96,96792.34,144056.082,0.011705
2011-10-14,14.95,14.97,14.6,14.76,48298.58,71342.51,0.005841
2011-10-17,14.76,14.95,14.7,14.79,43547.34,64393.273,0.005266
2011-10-18,14.65,14.76,14.31,14.32,56241.79,81463.146,0.006801000000000001
2011-10-19,14.31,14.48,14.18,14.21,48774.11,69692.202,0.005898
2011-10-20,14.09,14.17,13.62,13.81,96846.82,133797.445,0.011712
2011-10-21,13.8,13.88,13.64,13.67,36419.49,50040.798,0.004404
2011-10-24,13.75,14.12,13.5,14.11,65924.0,91560.662,0.007972
2011-10-25,14.02,14.49,13.83,14.38,96812.59,137557.672,0.011707
2011-10-26,14.28,14.55,14.23,14.37,77277.59,111461.293,0.009345
2011-10-27,14.45,14.67,14.35,14.44,73968.2,107229.141,0.008945
2011-10-28,14.64,14.72,14.44,14.56,121412.23,176474.828,0.014681999999999999
2011-10-31,14.53,14.62,14.37,14.47,90338.18,130790.227,0.010925
2011-11-01,14.31,14.54,14.25,14.46,106918.52,154096.833,0.012929999999999999
2011-11-02,14.26,14.68,13.99,14.6,173152.29,246732.465,0.020939
2011-11-03,14.63,15.02,14.63,14.9,254305.51,378405.854,0.023755000000000002
2011-11-04,15.0,15.12,14.91,15.07,173411.98,260182.692,0.016198999999999998
2011-11-07,15.01,15.25,14.87,14.92,116438.81,174806.167,0.010877
2011-11-08,14.93,15.01,14.61,14.7,88170.63,130543.64,0.008236
2011-11-09,14.75,14.93,14.65,14.9,88807.34,131459.488,0.008296
2011-11-10,14.7,14.76,14.52,14.53,99176.25,144976.811,0.009264
2011-11-11,14.56,14.75,14.52,14.55,54582.85,79749.77,0.005099
2011-11-14,14.68,15.03,14.66,15.0,118461.16,176488.362,0.011066
2011-11-15,14.99,15.37,14.99,15.33,151801.65,230706.428,0.01418
2011-11-16,15.49,15.49,14.8,14.92,155523.54,233714.309,0.014528000000000001
2011-11-17,14.9,14.98,14.77,14.81,62200.8,92379.488,0.005809999999999999
2011-11-18,14.72,14.95,14.46,14.56,87604.71,128510.437,0.008183000000000001
2011-11-21,14.55,14.64,14.39,14.54,44188.54,64075.399,0.004128
2011-11-22,14.42,14.52,14.31,14.41,42761.98,61551.652,0.003994
2011-11-23,14.47,14.51,14.11,14.16,47593.43,67907.887,0.004446
2011-11-24,14.07,14.17,13.82,14.16,74231.19,103791.004,0.006934
2011-11-25,14.13,14.17,13.91,14.0,48187.88,67796.864,0.004501
2011-11-28,14.0,14.07,13.51,13.76,75491.83,104046.734,0.007052
2011-11-29,13.91,13.94,13.64,13.93,118700.95,163431.974,0.011088
2011-11-30,13.9,13.9,13.19,13.29,123487.35,166659.765,0.011535
2011-12-01,13.62,13.68,13.3,13.39,163283.23,220433.324,0.015253000000000001
2011-12-02,13.21,13.3,12.8,12.85,137611.85,178487.704,0.012855
2011-12-05,12.9,12.92,12.48,12.53,85133.26,107899.593,0.007952
2011-12-06,12.55,12.62,12.4,12.47,85473.34,106844.103,0.007984
2011-12-07,12.5,12.61,12.45,12.55,41672.19,52261.321,0.0038929999999999998
2011-12-08,12.56,12.64,12.3,12.49,54482.95,68087.36,0.005089
2011-12-09,12.37,12.57,12.34,12.44,36092.74,44864.531,0.0033710000000000003
2011-12-12,12.4,12.53,12.38,12.44,33591.03,41810.499,0.003138
2011-12-13,12.4,12.42,12.08,12.17,70275.31,85593.297,0.006565
2011-12-14,12.17,12.17,11.76,11.78,74517.32,88607.442,0.006961
2011-12-15,11.71,11.71,11.14,11.31,118142.0,133710.687,0.011035999999999999
2011-12-16,11.3,11.51,11.25,11.5,79764.36,90980.304,0.007451
2011-12-19,11.4,11.4,11.0,11.27,87322.29,97464.786,0.008157
2011-12-20,11.25,11.44,11.18,11.27,52349.9,59386.226,0.00489
2011-12-21,11.36,11.44,11.06,11.09,42796.69,48341.851,0.003998
2011-12-22,11.01,11.5,10.87,11.45,118403.21,132234.709,0.01106
2011-12-23,11.37,11.69,11.33,11.54,86350.34,99420.478,0.008066
2011-12-26,11.42,11.61,11.16,11.17,73894.79,84097.592,0.006903
2011-12-27,11.14,11.27,10.92,10.94,51328.57,56936.467,0.004795
2011-12-28,10.95,11.1,10.81,10.98,55120.13,60344.339,0.005149
2011-12-29,10.96,11.18,10.9,10.95,86772.83,95366.842,0.008106
2011-12-30,11.0,11.17,10.97,11.08,92863.02,102718.532,0.008675
2012-01-04,11.16,11.22,10.66,10.67,106367.66,116478.251,0.009936
2012-01-05,10.63,10.63,10.21,10.3,135448.58,140095.337,0.012653000000000001
2012-01-06,10.24,10.43,10.15,10.36,75728.33,77696.278,0.007074
2012-01-09,10.36,10.76,10.22,10.76,222945.22,235024.068,0.020825999999999997
2012-01-10,10.75,11.43,10.71,11.4,233755.79,259465.92,0.021836
2012-01-11,11.4,11.55,11.19,11.29,143779.2,162953.827,0.013431
2012-01-12,11.24,11.44,11.19,11.23,118405.15,133693.696,0.01106
2012-01-13,11.23,11.27,10.78,10.8,130149.21,142521.319,0.012157
2012-01-16,10.7,10.7,10.53,10.58,67254.7,71437.64,0.006281999999999999
2012-01-17,10.61,11.5,10.59,11.37,198495.22,218289.055,0.018542
2012-01-18,11.36,11.46,11.0,11.07,158594.45,178168.208,0.014815
2012-01-19,11.1,11.38,10.97,11.29,191384.63,214849.022,0.017878
2012-01-20,11.31,11.6,11.26,11.56,177851.4,203376.549,0.016613
2012-01-30,11.58,11.61,11.28,11.3,137722.87,156954.423,0.012865
2012-01-31,11.29,11.35,11.15,11.29,69362.46,77967.176,0.006479
2012-02-01,11.29,11.46,11.19,11.39,111826.65,126453.479,0.010446
2012-02-02,11.39,11.57,11.28,11.54,112519.56,128611.982,0.010511
2012-02-03,11.53,11.99,11.46,11.88,249832.28,293564.542,0.023337
2012-02-06,11.98,12.15,11.88,11.98,240016.53,288151.435,0.02242
2012-02-07,11.88,11.93,11.61,11.72,151392.64,177773.72,0.014141999999999998
2012-02-08,11.68,12.06,11.59,12.0,151307.7,179652.631,0.014134
2012-02-09,12.01,12.16,11.95,12.07,167192.42,201729.775,0.015618
2012-02-10,12.08,12.21,11.95,12.01,142781.7,172581.699,0.013338000000000001
2012-02-13,11.9,12.17,11.83,12.1,169112.97,203434.67,0.015797000000000002
2012-02-14,12.1,12.34,12.08,12.22,237678.93,290588.385,0.022202000000000003
2012-02-15,12.18,12.34,12.16,12.29,118703.43,145584.339,0.011088
2012-02-16,12.26,12.38,12.08,12.17,135967.4,166111.071,0.012701
2012-02-17,12.17,12.29,12.05,12.18,97014.0,117915.893,0.009062
2012-02-20,12.29,12.33,12.11,12.19,133104.73,162553.252,0.012434
2012-02-21,12.21,12.21,11.88,12.17,105176.99,126890.539,0.009825
2012-02-22,12.14,12.3,12.09,12.29,181987.25,222458.871,0.017
2012-02-23,12.32,12.38,12.19,12.34,182248.54,224152.683,0.017023999999999997
2012-02-24,12.37,12.6,12.24,12.58,221106.0,274761.37,0.020654
2012-02-27,12.65,12.88,12.49,12.57,315834.28,399854.146,0.029502999999999998
2012-02-28,12.52,12.6,12.28,12.37,253587.44,314754.201,0.023687999999999997
2012-02-29,12.37,12.41,12.27,12.3,106373.91,131291.479,0.009937
2012-03-01,12.3,12.36,12.18,12.24,143187.05,175303.315,0.013375
2012-03-02,12.24,12.4,12.23,12.39,150611.93,185422.487,0.014069
2012-03-05,12.45,12.49,12.2,12.24,190833.69,235356.742,0.017825999999999998
2012-03-06,12.22,12.22,11.85,11.88,233010.81,279022.957,0.021766
2012-03-07,11.72,11.97,11.71,11.86,146664.54,173865.55,0.0137
2012-03-08,11.88,12.21,11.88,12.16,169745.72,205548.245,0.015856
2012-03-09,12.24,12.31,12.12,12.3,131988.28,161581.665,0.012329000000000001
2012-03-12,12.36,12.65,12.33,12.6,295193.93,368583.158,0.027575
2012-03-13,12.62,12.77,12.43,12.71,258653.27,326388.285,0.024161000000000002
2012-03-14,12.67,12.79,11.98,12.13,287358.28,357658.222,0.026843
2012-03-15,12.15,12.25,11.93,12.15,159868.75,193688.12,0.014934000000000001
2012-03-16,12.14,12.74,12.13,12.7,257324.85,319488.542,0.024037000000000003
2012-03-19,12.61,13.24,12.61,13.14,476584.02,619803.614,0.044519
2012-03-20,13.1,13.23,12.77,12.83,281084.14,364943.636,0.026257000000000003
2012-03-21,12.91,13.02,12.56,12.81,195628.1,250092.445,0.018274
2012-03-22,12.71,12.88,12.58,12.69,106330.58,135159.07,0.009932999999999999
2012-03-23,12.65,12.68,12.23,12.28,137590.5,171100.885,0.012853000000000002
2012-03-26,12.23,12.31,12.01,12.26,112257.68,136168.863,0.010486
2012-03-27,12.25,12.34,11.68,11.7,315321.7,375741.369,0.029455
2012-03-28,11.65,11.65,11.04,11.09,249719.68,281118.014,0.023327
2012-03-29,11.09,11.35,10.91,11.23,171111.04,190036.746,0.015984
2012-03-30,11.2,11.2,10.87,11.14,156805.07,172894.675,0.014646999999999999
2012-04-05,11.1,11.4,10.95,11.36,134275.55,150572.099,0.012543
2012-04-06,11.34,11.4,11.23,11.3,97275.83,110038.436,0.009087
2012-04-09,11.28,11.28,11.05,11.07,64401.46,71936.45,0.0060160000000000005
2012-04-10,11.01,11.23,10.92,11.22,78496.36,86830.296,0.007332
2012-04-11,11.09,11.25,11.06,11.17,68903.06,76930.175,0.006436
2012-04-12,11.22,11.35,11.07,11.33,183538.36,205610.146,0.017145
2012-04-13,11.33,11.45,11.26,11.37,135908.44,154422.282,0.012695000000000001
2012-04-16,11.28,11.32,11.18,11.28,81514.01,91747.568,0.007613999999999999
2012-04-17,11.25,11.45,11.17,11.3,109306.59,123884.069,0.010211
2012-04-18,11.32,11.49,11.23,11.47,128132.05,146046.773,0.011969
2012-04-19,11.44,11.5,11.35,11.47,108095.43,123568.219,0.010097
2012-04-20,11.43,11.72,11.37,11.68,162353.97,187503.703,0.015165999999999999
2012-04-23,11.66,11.85,11.51,11.61,142690.44,166838.376,0.013329
2012-04-24,11.53,11.68,11.16,11.43,114858.47,131166.425,0.010728999999999999
2012-04-25,11.36,11.51,11.31,11.47,82115.86,93766.478,0.007671
2012-04-26,11.44,11.59,11.41,11.43,82040.64,94218.2,0.007664
2012-04-27,11.45,11.66,11.45,11.59,105482.9,122083.453,0.009852999999999999
2012-05-02,11.76,11.96,11.66,11.95,211675.86,250447.22,0.019773
2012-05-03,11.93,12.25,11.88,12.02,185072.86,223429.883,0.017287999999999998
2012-05-04,11.98,12.07,11.81,12.03,104374.81,124874.499,0.00975
2012-05-07,11.95,12.34,11.91,12.34,234230.23,286379.185,0.02188
2012-05-08,12.3,12.41,12.23,12.34,150522.65,185619.573,0.014060999999999999
2012-05-09,12.23,12.23,11.93,12.06,161873.81,195510.82,0.015121
2012-05-10,12.0,12.52,12.0,12.4,197665.55,243927.062,0.018464
2012-05-11,12.44,12.56,12.2,12.37,172239.0,213279.118,0.016089
2012-05-14,12.44,12.77,12.28,12.34,240475.87,300724.521,0.022463
2012-05-15,12.2,12.54,12.02,12.48,138203.99,168917.316,0.01291
2012-05-16,12.43,12.44,12.16,12.17,103080.25,126714.666,0.009629
2012-05-17,12.22,12.33,12.0,12.31,98804.41,120588.489,0.00923
2012-05-18,12.15,12.18,11.88,11.9,88744.03,106641.441,0.008289999999999999
2012-05-21,11.85,11.97,11.65,11.72,66648.33,78545.199,0.006226000000000001
2012-05-22,11.8,12.02,11.77,11.94,94130.21,112134.99,0.008793
2012-05-23,11.82,11.82,10.75,10.75,630279.73,696882.775,0.058876
2012-05-24,10.43,10.68,10.29,10.67,1140869.8,1193103.117,0.106571
2012-05-25,10.65,10.65,10.39,10.44,434230.93,455339.798,0.040561999999999994
2012-05-28,10.35,10.44,10.12,10.38,275391.09,282925.237,0.025724999999999998
2012-05-29,10.34,10.58,10.31,10.53,308382.09,323602.026,0.028807
2012-05-30,10.48,10.57,10.43,10.5,209690.78,219956.847,0.019588
2012-06-01,10.56,10.64,10.5,10.57,247940.36,261460.929,0.023161
2012-06-04,10.45,10.71,10.36,10.49,364933.54,385978.662,0.034089
2012-06-05,10.51,10.72,10.45,10.62,254313.43,270034.924,0.023756
2012-06-06,10.66,10.68,10.38,10.47,221265.37,232699.912,0.020669
2012-06-07,10.53,10.57,10.22,10.25,230150.95,238946.228,0.021499
2012-06-08,10.3,10.33,10.06,10.07,205675.15,208508.581,0.019213
2012-06-11,10.09,10.21,10.01,10.19,120542.77,122050.162,0.01126
2012-06-12,10.14,10.19,10.1,10.15,90485.69,91802.805,0.008452
2012-06-13,10.15,10.55,10.09,10.51,252129.46,261040.617,0.023552
2012-06-14,10.42,10.5,10.34,10.35,161681.0,168537.095,0.015103
2012-06-15,10.4,10.85,10.37,10.76,449379.52,480540.495,0.041977
2012-06-18,10.79,11.15,10.72,11.02,403956.65,444557.907,0.037734000000000004
2012-06-19,10.99,11.14,10.88,10.89,211477.64,232818.757,0.019755
2012-06-20,10.83,10.98,10.66,10.67,170071.9,183164.532,0.015887
2012-06-21,10.65,10.78,10.54,10.71,137883.55,146981.67,0.01288
2012-06-25,10.67,10.84,10.55,10.63,132781.06,142189.843,0.012402999999999999
2012-06-26,10.53,10.55,10.24,10.38,147143.1,152783.187,0.013745
2012-06-27,10.42,10.5,10.35,10.37,102846.8,107278.103,0.009607
2012-06-28,10.38,10.54,10.34,10.36,103813.04,108314.915,0.009697
2012-06-29,10.35,10.69,10.31,10.67,146570.42,154134.512,0.013691
2012-07-02,10.73,10.91,10.65,10.79,183029.35,197391.482,0.017097
2012-07-03,10.76,10.96,10.65,10.69,163355.97,176487.785,0.015259
2012-07-04,10.71,10.79,10.54,10.56,103838.33,110267.466,0.0097
2012-07-05,10.51,10.52,10.27,10.42,126870.45,131882.464,0.011851
2012-07-06,10.44,10.9,10.35,10.83,175339.09,185688.044,0.016378999999999998
2012-07-09,10.75,11.03,10.67,10.91,360255.76,392661.434,0.033652
2012-07-10,10.85,10.92,10.57,10.79,139911.19,150950.587,0.013068999999999999
2012-07-11,10.73,11.24,10.7,11.23,229632.17,252658.852,0.02145
2012-07-12,11.23,11.74,11.07,11.36,429903.52,492408.72,0.040158
2012-07-13,11.32,11.52,11.22,11.41,145998.82,166053.342,0.013637999999999999
2012-07-16,11.5,11.56,10.91,10.94,204969.49,229194.037,0.019147
2012-07-17,10.86,11.04,10.68,10.82,162944.04,176134.958,0.015221
2012-07-18,10.84,11.0,10.7,10.95,161207.48,174952.875,0.015059
2012-07-19,10.9,11.14,10.84,11.0,153767.55,169251.768,0.014363999999999998
2012-07-20,10.84,11.27,10.8,11.08,131723.31,145322.691,0.012305
2012-07-23,11.0,11.28,10.8,11.1,138890.03,153552.24,0.012974000000000001
2012-07-24,11.02,11.22,10.97,11.1,95491.1,106115.782,0.00892
2012-07-25,11.1,11.23,10.89,10.91,99890.42,110638.306,0.009331
2012-07-26,10.87,11.33,10.83,11.21,237821.59,265877.085,0.022215
2012-07-27,11.15,11.25,10.89,10.93,146659.28,161844.111,0.0137
2012-07-30,10.96,11.03,10.67,10.68,102339.88,110294.152,0.009559999999999999
2012-07-31,10.61,10.77,10.52,10.61,67837.35,72210.685,0.006337000000000001
2012-08-01,10.61,10.84,10.61,10.72,63634.08,68375.669,0.0059440000000000005
2012-08-02,10.7,10.86,10.66,10.77,68988.77,74342.485,0.006444
2012-08-03,10.81,11.13,10.73,11.07,106174.56,116231.25,0.009918
2012-08-06,11.08,11.25,11.03,11.19,141641.8,158224.686,0.013231
2012-08-07,11.19,11.3,11.09,11.18,120338.43,134840.867,0.011241000000000001
2012-08-08,11.18,11.3,11.13,11.2,98497.57,110331.746,0.009201
2012-08-09,11.19,11.29,11.05,11.28,138419.14,154583.49,0.012929999999999999
2012-08-10,11.24,11.27,11.11,11.15,82405.55,92153.29,0.007698
2012-08-13,11.15,11.81,11.02,11.47,278189.54,319700.942,0.025986
2012-08-14,11.42,11.61,11.26,11.54,150555.42,173034.941,0.014064
2012-08-15,11.54,12.07,11.49,11.72,323013.18,381609.318,0.030173000000000002
2012-08-16,11.45,11.81,11.45,11.52,196974.87,228706.782,0.0184
2012-08-17,11.58,11.65,11.35,11.4,118465.9,135650.667,0.011066
2012-08-20,11.32,11.42,11.15,11.26,121575.01,137011.87,0.011356999999999999
2012-08-21,11.26,11.71,11.26,11.56,117256.45,135151.769,0.010953
2012-08-22,11.63,12.03,11.63,11.88,341162.49,405973.494,0.031869
2012-08-23,11.9,12.04,11.8,11.89,121930.12,145249.898,0.01139
2012-08-24,11.81,12.23,11.81,12.07,258030.84,311924.459,0.024103
2012-08-27,12.03,12.09,11.72,11.74,178345.18,212637.679,0.016659999999999998
2012-08-28,11.74,11.98,11.67,11.86,110464.86,130861.944,0.010319
2012-08-29,11.88,12.08,11.8,11.87,103421.43,123571.26,0.009661
2012-08-30,11.86,12.07,11.59,11.74,151313.38,178230.426,0.014134
2012-08-31,11.75,11.76,11.53,11.69,79193.75,92370.349,0.007398
2012-09-03,11.61,11.93,11.61,11.78,147361.76,173740.692,0.013765000000000001
2012-09-04,11.75,11.81,11.58,11.61,97693.92,114271.172,0.009126
2012-09-05,11.54,11.71,11.44,11.62,68116.5,78879.572,0.006363
2012-09-06,11.66,11.8,11.6,11.79,74797.01,87450.127,0.006987
2012-09-07,11.85,12.26,11.82,12.01,202893.21,243974.539,0.018953
2012-09-10,12.05,12.12,11.89,12.01,101336.05,121468.765,0.009466
2012-09-11,11.96,12.3,11.9,12.26,185575.82,225936.422,0.017335
2012-09-12,12.32,12.37,12.06,12.25,106726.98,130027.423,0.00997
2012-09-13,12.21,12.32,11.98,12.01,89284.07,108445.451,0.00834
2012-09-14,12.07,12.15,11.99,12.01,78644.59,94820.844,0.007346
2012-09-17,12.02,12.2,11.71,11.8,113582.09,136058.317,0.01061
2012-09-18,11.73,12.0,11.6,11.65,112442.73,132413.347,0.010503
2012-09-19,11.75,11.97,11.7,11.91,115160.91,136696.926,0.010757000000000001
2012-09-20,11.86,11.92,11.53,11.55,102166.2,119570.761,0.009544
2012-09-21,11.53,11.64,11.28,11.33,87607.5,100206.858,0.008184
2012-09-24,11.32,11.53,11.23,11.49,51476.53,58704.178,0.004809
2012-09-25,11.47,11.53,11.35,11.42,39524.33,45197.678,0.0036919999999999995
2012-09-26,11.42,11.55,11.25,11.28,52961.15,60277.761,0.004947
2012-09-27,11.33,11.62,11.25,11.5,81644.19,93517.544,0.007627
2012-09-28,11.42,11.83,11.42,11.79,95069.99,110844.568,0.008881
2012-10-08,12.0,12.12,11.78,11.9,134736.75,160617.535,0.012586
2012-10-09,11.91,12.21,11.91,12.14,125502.59,152179.017,0.011722999999999999
2012-10-10,12.06,12.29,12.05,12.2,106947.51,130457.767,0.00999
2012-10-11,12.13,12.22,11.92,11.99,90660.27,109423.768,0.008468999999999999
2012-10-12,12.06,12.21,11.94,12.15,77447.19,93752.071,0.007234000000000001
2012-10-15,12.16,12.27,12.02,12.2,79973.56,97274.447,0.00747
2012-10-16,12.19,12.45,12.1,12.2,163407.08,201072.721,0.015264
2012-10-17,12.19,12.24,12.04,12.13,73240.12,88911.888,0.006842
2012-10-18,12.18,12.23,12.1,12.17,110095.66,133889.152,0.010284
2012-10-19,12.18,12.19,11.93,11.95,89164.59,107365.925,0.008329
2012-10-22,11.94,12.0,11.8,11.98,90461.93,107652.693,0.00845
2012-10-23,11.94,11.98,11.68,11.69,92718.2,109394.362,0.008661
2012-10-24,11.64,11.84,11.62,11.69,82159.92,96352.188,0.0076749999999999995
2012-10-25,11.66,11.78,11.63,11.76,61594.86,72202.037,0.0057540000000000004
2012-10-26,11.72,11.78,11.47,11.65,82779.99,96105.304,0.007733
2012-10-29,11.65,11.84,11.53,11.81,50173.21,58651.023,0.004687
2012-10-30,11.78,11.8,11.11,11.15,175565.82,199917.67,0.016399999999999998
2012-10-31,11.19,11.24,11.06,11.17,84286.0,93771.281,0.007873
2012-11-01,11.16,11.41,11.14,11.4,90486.53,102320.179,0.008453
2012-11-02,11.38,11.42,11.27,11.32,53642.26,60797.482,0.005011
2012-11-05,11.32,11.41,11.26,11.29,51328.94,58215.818,0.004795
2012-11-06,11.29,11.35,11.1,11.19,66319.11,74284.56,0.006195000000000001
2012-11-07,11.22,11.28,11.16,11.24,28554.55,32025.189,0.002667
2012-11-08,11.11,11.22,10.72,10.79,110839.27,121546.206,0.010354
2012-11-09,10.8,10.94,10.79,10.83,67995.66,73846.188,0.006352
2012-11-12,10.83,11.04,10.83,11.0,60701.82,66414.007,0.00567
2012-11-13,11.0,11.04,10.74,10.81,48548.46,52511.46,0.004535
2012-11-14,10.8,10.96,10.75,10.95,59989.66,65208.926,0.0056040000000000005
2012-11-15,10.88,10.9,10.78,10.79,42309.0,45856.974,0.003952
2012-11-16,10.78,10.79,10.55,10.65,53653.57,57217.041,0.005012
2012-11-19,10.69,10.75,10.54,10.64,39254.4,41788.758,0.003667
2012-11-20,10.69,10.78,10.66,10.68,44434.28,47598.409,0.004151
2012-11-21,10.71,10.78,10.38,10.68,70527.95,74570.332,0.006588
2012-11-22,10.64,10.65,10.47,10.5,42203.71,44438.253,0.003942
2012-11-23,10.55,10.64,10.47,10.59,44137.65,46709.11,0.004123
2012-11-26,10.55,10.62,10.41,10.48,48375.55,50793.09,0.0045190000000000004
2012-11-27,10.42,10.46,10.18,10.2,58888.19,60438.661,0.005501000000000001
2012-11-28,10.2,10.2,9.94,9.98,77197.35,77342.772,0.0072109999999999995
2012-11-29,10.0,10.12,9.96,10.08,101700.54,101928.424,0.0095
2012-11-30,10.08,10.15,10.03,10.12,55800.62,56296.864,0.005212
2012-12-03,10.12,10.14,9.87,9.88,70936.09,70642.735,0.006626
2012-12-04,9.94,10.02,9.82,10.0,61533.18,60998.976,0.005748
2012-12-05,9.99,10.51,9.91,10.42,161093.94,166595.67,0.015047999999999999
2012-12-06,10.43,10.44,10.28,10.35,62930.67,65121.79,0.0058779999999999995
2012-12-07,10.35,10.66,10.3,10.59,112724.34,118545.017,0.01053
2012-12-10,10.59,10.66,10.53,10.63,100440.71,106453.503,0.009382
2012-12-11,10.65,10.65,10.48,10.57,77342.34,81630.472,0.0072250000000000005
2012-12-12,10.56,10.61,10.38,10.42,85809.81,89721.702,0.008016
2012-12-13,10.41,10.43,10.11,10.14,129754.24,133047.495,0.012121
2012-12-14,10.15,10.73,10.14,10.66,179584.92,188627.978,0.016774999999999998
2012-12-17,10.68,10.86,10.57,10.84,202584.97,216771.441,0.018924
2012-12-18,10.76,10.92,10.65,10.78,129593.88,139795.241,0.012105999999999999
2012-12-19,10.73,10.82,10.65,10.77,72596.44,77982.645,0.006781000000000001
2012-12-20,10.71,10.78,10.61,10.74,77619.97,83113.57,0.007251
2012-12-21,10.76,10.88,10.72,10.79,81054.83,87456.993,0.007571
2012-12-24,10.8,10.97,10.74,10.94,118184.0,128141.455,0.011040000000000001
2012-12-25,10.93,11.15,10.85,11.1,144705.79,159769.365,0.013517
2012-12-26,11.09,11.16,11.0,11.13,98914.11,109376.089,0.00924
2012-12-27,11.09,11.22,10.99,11.0,80290.81,88813.812,0.0075
2012-12-28,10.95,11.09,10.95,11.05,101342.86,111692.081,0.009467
2012-12-31,11.08,11.13,11.01,11.11,107616.29,119081.517,0.010053000000000001
2013-01-04,11.2,11.26,10.96,11.01,103832.6,115318.2,0.009699
2013-01-07,11.07,11.55,11.07,11.47,216625.27,245558.258,0.020235
2013-01-08,11.53,11.75,11.4,11.48,144462.91,166748.713,0.013495
2013-01-09,11.47,11.51,11.32,11.4,116184.44,132686.748,0.010853
2013-01-10,11.38,11.66,11.38,11.58,107176.53,123677.416,0.010012
2013-01-11,11.58,11.75,11.37,11.41,124724.18,143728.205,0.011651
2013-01-14,11.5,12.02,11.5,11.97,262499.56,311892.608,0.024521
2013-01-15,11.98,12.48,11.9,12.23,260254.92,319237.113,0.024311
2013-01-16,12.23,12.38,12.01,12.18,160931.75,195759.669,0.015033000000000001
2013-01-17,12.13,12.34,12.01,12.12,96981.63,118114.2,0.009059000000000001
2013-01-18,12.19,12.29,12.01,12.2,112068.42,136006.756,0.010469
2013-01-21,12.22,12.35,12.05,12.3,104208.39,127208.149,0.009734
2013-01-22,12.25,12.28,12.1,12.2,91388.11,111368.188,0.008537
2013-01-23,12.18,12.35,11.97,12.12,105310.7,128128.482,0.009837
2013-01-24,12.12,12.42,11.83,11.95,180055.45,219623.004,0.016819
2013-01-25,11.9,12.11,11.84,12.02,73675.98,88416.031,0.006882
2013-01-28,12.1,12.29,11.9,12.28,133002.45,161052.755,0.012424
2013-01-29,12.26,12.26,12.06,12.11,111862.61,135781.125,0.010449
2013-01-30,12.1,12.11,11.79,11.89,156379.85,186076.721,0.014608000000000001
2013-01-31,11.85,12.03,11.85,11.98,79664.1,95259.908,0.007442
2013-02-01,12.0,12.18,11.9,12.04,72518.94,87025.312,0.006774
2013-02-04,12.04,12.05,11.78,11.85,113409.58,135180.231,0.010594
2013-02-05,11.77,11.98,11.71,11.94,75213.93,89566.03,0.007026
2013-02-06,11.9,12.18,11.9,12.17,116657.03,140680.612,0.010896999999999999
2013-02-07,12.11,12.21,11.97,12.07,85345.67,102904.85,0.007972
2013-02-08,12.07,12.69,12.07,12.64,273997.56,339935.022,0.025595
2013-02-18,12.73,13.26,12.73,12.99,280232.08,366223.329,0.014573000000000001
2013-02-19,12.98,13.43,12.92,13.04,298952.05,393560.62,0.015547
2013-02-20,13.1,14.0,13.1,13.94,414770.86,565483.754,0.02157
2013-02-21,13.88,14.16,13.61,13.85,349035.92,485039.032,0.018151
2013-02-22,13.83,13.9,13.5,13.61,208306.95,284771.542,0.010832999999999999
2013-02-25,13.58,13.65,13.3,13.47,151492.74,203355.123,0.007878
2013-02-26,13.4,13.86,13.31,13.54,204165.62,279756.995,0.010617000000000001
2013-02-27,13.59,13.69,13.08,13.18,164224.37,217528.353,0.008539999999999999
2013-02-28,13.24,13.48,13.0,13.34,123226.01,163462.997,0.0064080000000000005
2013-03-01,13.34,13.76,13.33,13.68,154051.2,209113.628,0.008011
2013-03-04,13.6,13.91,13.15,13.24,173134.36,234381.892,0.009004
2013-03-05,13.2,13.52,13.2,13.47,144574.27,193077.686,0.007518
2013-03-06,13.52,14.12,13.51,13.97,214576.45,298339.642,0.011158999999999999
2013-03-07,13.95,13.95,13.15,13.63,214357.89,289805.052,0.011147
2013-03-08,13.47,13.75,13.06,13.22,173293.56,230541.149,0.009012
2013-03-11,13.19,13.37,12.95,13.11,78787.96,103612.873,0.004097
2013-03-12,13.12,13.25,12.75,12.83,107608.12,139071.148,0.005596
2013-03-13,12.85,12.97,12.46,12.56,91113.17,115218.769,0.004738
2013-03-14,12.56,12.77,12.5,12.68,76119.27,96244.695,0.003958
2013-03-15,12.63,13.43,12.63,12.99,168358.13,220431.388,0.008754999999999999
2013-03-18,13.0,13.24,12.75,12.89,108833.12,140603.557,0.005659999999999999
2013-03-19,12.91,12.97,12.7,12.82,65522.94,84082.708,0.003407
2013-03-20,12.85,13.15,12.68,13.05,150715.84,195720.191,0.007838000000000001
2013-03-21,13.09,13.4,13.02,13.26,147040.36,194263.901,0.007647
2013-03-22,13.27,13.34,13.1,13.24,74323.74,98404.307,0.003865
2013-03-25,13.34,13.39,13.09,13.19,67065.71,88420.872,0.0034879999999999998
2013-03-26,13.1,13.18,12.8,13.17,85598.26,111247.742,0.004451
2013-03-27,13.15,13.76,13.1,13.69,204863.48,274202.673,0.010653999999999999
2013-03-28,13.58,13.89,13.34,13.41,184098.55,249670.837,0.009574000000000001
2013-03-29,13.43,13.52,13.18,13.19,78502.69,104972.976,0.004082
2013-04-01,13.65,13.8,13.28,13.4,156032.49,210861.528,0.008114
2013-04-02,13.52,13.6,12.45,12.64,251621.47,324107.829,0.013085
2013-04-03,13.4,13.5,12.8,13.06,364196.65,476053.973,0.01894
2013-04-08,13.45,14.01,13.2,13.6,546968.53,746242.857,0.028443999999999997
2013-04-09,13.4,13.56,12.9,12.99,295025.6,387001.7,0.015342
2013-04-10,12.81,12.94,12.51,12.7,211266.03,267229.48,0.010987
2013-04-11,12.77,12.78,12.49,12.5,127297.84,160271.245,0.00662
2013-04-12,12.5,12.59,12.28,12.42,129539.43,160900.03,0.006737
2013-04-15,12.65,12.79,12.4,12.51,157574.08,197930.941,0.008194
2013-04-16,12.35,12.44,12.13,12.33,173203.96,212487.31,0.009007
2013-04-17,12.35,12.59,12.15,12.55,138336.82,171159.702,0.007194000000000001
2013-04-18,12.4,12.57,12.28,12.34,109529.88,135489.79,0.005696
2013-04-19,12.33,12.63,12.33,12.57,134764.45,168645.132,0.0070079999999999995
2013-04-22,12.7,12.84,12.56,12.65,150972.09,191351.521,0.007851
2013-04-23,12.66,12.68,12.07,12.1,124305.98,151989.053,0.006464
2013-04-24,12.11,12.38,12.07,12.36,105494.84,129038.847,0.0054859999999999996
2013-04-25,12.3,12.3,12.08,12.15,94103.17,114574.414,0.004894
2013-04-26,12.29,12.31,11.95,11.99,65205.37,78831.986,0.003391
2013-05-02,11.98,11.98,11.7,11.76,90536.6,106761.47,0.004708
2013-05-03,11.81,12.06,11.74,11.99,98996.07,118336.294,0.005148000000000001
2013-05-06,11.98,12.1,11.93,12.06,118288.84,142365.106,0.006151
2013-05-07,12.05,12.11,11.95,12.1,83725.2,100825.959,0.004354
2013-05-08,12.15,12.24,12.09,12.19,95956.77,116615.998,0.00499
2013-05-09,12.18,12.41,12.11,12.34,129303.75,158743.291,0.006724
2013-05-10,12.33,12.4,12.25,12.33,66643.46,82010.473,0.0034660000000000003
2013-05-13,12.38,12.43,12.14,12.25,80062.29,98538.596,0.004164
2013-05-14,12.2,12.25,11.91,11.98,82732.44,99494.463,0.004302
2013-05-15,11.98,12.18,11.92,12.14,64373.34,77744.044,0.003348
2013-05-16,12.13,12.25,12.0,12.19,90607.51,109964.769,0.004712
2013-05-17,12.18,12.35,12.03,12.33,143617.28,175082.022,0.007469
2013-05-20,12.3,12.33,11.97,12.1,270034.97,326391.072,0.014043000000000002
2013-05-21,12.09,12.17,12.03,12.16,169446.26,204771.445,0.008812
2013-05-22,12.16,12.31,12.09,12.29,155600.52,190266.525,0.008092
2013-05-23,12.29,12.58,12.22,12.54,323213.89,401579.368,0.016808
2013-05-24,12.48,12.64,12.4,12.54,182499.67,228831.73,0.009491000000000001
2013-05-27,12.54,12.64,12.43,12.53,119811.58,150223.507,0.0062309999999999996
2013-05-28,12.54,12.7,12.35,12.67,175556.72,219916.41,0.009130000000000001
2013-05-29,12.68,12.77,12.56,12.63,139194.61,176174.423,0.007239
2013-05-30,12.59,12.67,12.48,12.59,105807.12,133169.19,0.005502
2013-05-31,12.62,13.02,12.6,12.79,247448.69,317708.555,0.012868
2013-06-03,12.9,12.94,12.68,12.76,162055.59,207454.212,0.008428
2013-06-04,12.77,12.77,12.32,12.36,171609.72,213268.821,0.008924
2013-06-05,12.32,12.44,12.22,12.28,70869.86,87220.215,0.003686
2013-06-06,12.3,12.33,12.0,12.13,116596.33,141703.069,0.006063
2013-06-07,12.12,12.2,11.86,11.95,101826.77,122368.633,0.005294999999999999
2013-06-13,11.88,11.89,11.26,11.59,152253.85,175282.421,0.007918
2013-06-14,11.59,11.7,11.5,11.61,65261.81,75762.088,0.003394
2013-06-17,11.61,11.68,11.36,11.51,68135.08,78386.737,0.003543
2013-06-18,11.51,11.62,11.41,11.55,46057.72,53132.936,0.002395
2013-06-19,11.55,11.55,11.23,11.36,88595.46,100373.299,0.004607
2013-06-20,11.3,11.37,10.82,10.91,86432.17,95944.919,0.004495
2013-06-21,10.79,10.93,10.49,10.84,72796.43,77914.336,0.003786
2013-06-24,10.75,10.75,10.1,10.17,107515.8,112443.914,0.0055910000000000005
2013-06-25,10.21,10.44,9.69,10.34,184904.33,187726.921,0.009616
2013-06-26,10.38,10.57,10.15,10.54,125317.21,130369.396,0.006516999999999999
2013-06-27,10.63,10.89,10.56,10.62,113923.46,122155.597,0.0059240000000000004
2013-06-28,10.62,10.85,10.45,10.63,71564.37,76493.579,0.0037219999999999996
2013-07-01,10.66,10.99,10.65,10.99,76067.57,82398.881,0.003956
2013-07-02,10.94,11.48,10.85,11.39,151057.87,169263.769,0.007856
2013-07-03,11.4,11.42,11.11,11.4,90247.26,101698.493,0.004693
2013-07-04,11.27,11.4,11.15,11.2,69942.14,78878.849,0.003637
2013-07-05,11.28,11.4,10.96,11.05,66195.0,73843.165,0.003442
2013-07-08,10.89,11.02,10.6,10.73,65195.4,70401.804,0.0033900000000000002
2013-07-09,10.72,10.95,10.69,10.82,36062.19,39031.874,0.001875
2013-07-10,10.78,11.1,10.74,11.07,60543.3,66284.238,0.003148
2013-07-11,11.11,11.48,11.02,11.41,113960.82,129108.759,0.005926
2013-07-12,11.41,11.62,11.15,11.22,85873.01,97737.403,0.004466
2013-07-15,11.29,11.74,11.26,11.56,111589.63,128982.265,0.005803
2013-07-16,11.58,11.58,11.35,11.53,92640.74,106133.234,0.004818
2013-07-17,11.52,11.61,11.2,11.26,91647.4,104462.634,0.004766
2013-07-18,11.22,11.35,11.15,11.22,63153.51,71014.42,0.0032840000000000005
2013-07-19,11.23,11.34,10.92,10.96,79678.21,88703.727,0.004144
2013-07-22,10.86,11.17,10.81,11.15,55604.67,61470.888,0.002892
2013-07-23,11.17,11.49,11.11,11.39,86075.71,97976.058,0.004476
2013-07-24,11.19,11.34,11.0,11.27,100139.94,111754.892,0.005208000000000001
2013-07-25,11.25,11.44,11.1,11.31,84628.59,95598.998,0.0044009999999999995
2013-07-26,11.22,11.48,11.16,11.44,80845.79,91599.946,0.004204
2013-07-29,11.34,11.42,11.2,11.26,60206.44,68063.063,0.003131
2013-07-30,11.29,11.36,11.11,11.3,72785.14,81835.136,0.003785
2013-07-31,11.34,11.42,11.25,11.32,71739.09,81419.247,0.003731
2013-08-01,11.36,11.69,11.32,11.66,135796.27,156862.938,0.007062000000000001
2013-08-02,11.7,11.79,11.56,11.57,80460.85,94019.867,0.004184
2013-08-05,11.63,11.98,11.56,11.93,106888.78,126504.948,0.005559
2013-08-06,11.94,12.06,11.79,11.88,135716.86,161662.526,0.007058
2013-08-07,11.8,12.0,11.53,11.61,127767.73,151159.593,0.006644
2013-08-08,11.65,12.15,11.61,11.99,206866.23,246484.759,0.010758
2013-08-09,12.04,12.26,11.9,12.1,152808.44,184920.158,0.007947
2013-08-12,12.17,12.19,11.98,12.14,113050.77,136771.847,0.005879
2013-08-13,12.15,12.17,11.76,11.91,198653.67,236367.777,0.010331
2013-08-14,11.89,11.92,11.72,11.77,115436.05,136323.044,0.006003
2013-08-15,11.69,11.83,11.52,11.54,121825.72,141924.376,0.0063349999999999995
2013-08-16,11.46,12.25,11.16,11.18,199585.76,227730.006,0.010379000000000001
2013-08-19,11.13,11.34,11.03,11.31,89438.3,100530.147,0.004651
2013-08-20,11.34,11.39,11.02,11.1,127742.17,143037.788,0.006643
2013-08-21,11.15,11.15,10.92,10.96,141908.78,156266.057,0.00738
2013-08-22,10.96,11.25,10.96,11.2,103789.91,115565.83,0.005397
2013-08-23,11.21,11.24,10.85,11.02,133493.58,147382.875,0.006942
2013-08-26,11.06,11.47,11.0,11.46,239811.14,270164.489,0.012471000000000001
2013-08-27,11.46,11.77,11.38,11.7,321807.31,372575.641,0.016735
2013-08-28,11.69,11.93,11.41,11.8,364420.1,427185.288,0.018951
2013-08-29,11.9,11.9,11.56,11.64,172717.02,201576.945,0.008982
2013-08-30,11.64,11.98,11.48,11.74,254066.45,298443.049,0.013212
2013-09-02,11.7,11.82,11.42,11.55,151574.24,175356.55,0.007882
2013-09-03,11.55,11.63,11.44,11.53,144448.31,166332.662,0.007512
2013-09-04,11.5,11.58,11.27,11.29,199830.85,227256.704,0.010391999999999998
2013-09-05,11.27,11.4,11.15,11.3,110902.79,125165.653,0.0057669999999999996
2013-09-06,11.3,11.53,11.25,11.44,154339.96,175640.912,0.008026
2013-09-09,11.45,11.67,11.36,11.64,265245.2,305551.005,0.013793999999999999
2013-09-10,11.6,12.39,11.59,12.25,622322.06,750412.16,0.032363
2013-09-11,12.23,12.23,11.92,12.09,265079.76,319462.926,0.013785
2013-09-12,12.07,12.76,11.99,12.71,537960.11,669992.734,0.027976
2013-09-13,12.71,13.48,12.64,12.98,599796.73,785290.49,0.031192
2013-09-16,12.98,13.14,12.65,12.84,190708.59,245480.506,0.009918
2013-09-17,12.79,13.53,12.78,13.16,456600.94,609455.488,0.023745
2013-09-18,13.06,13.52,13.01,13.13,205446.05,272179.851,0.010684
2013-09-23,13.13,13.85,13.1,13.62,321030.18,436550.754,0.016695
2013-09-24,13.63,14.93,13.44,14.57,504041.55,714453.217,0.026212
2013-09-25,14.5,15.85,14.45,15.36,629424.91,959850.847,0.032733
2013-09-26,15.18,15.65,14.5,14.72,394681.42,596401.526,0.020525
2013-09-27,14.76,15.8,14.76,15.67,372248.7,573258.902,0.019358
2013-09-30,15.6,15.8,15.14,15.57,286609.16,440065.668,0.014905
2013-10-08,15.5,15.5,14.87,15.2,314032.46,475632.599,0.016331
2013-10-09,15.0,15.19,14.51,14.88,343090.13,507222.75,0.017842
2013-10-10,14.88,15.28,14.7,15.07,298909.16,448765.156,0.015544
2013-10-11,15.15,16.5,15.11,16.2,511308.73,808064.599,0.02659
2013-10-14,16.29,17.1,16.13,16.17,405972.06,674055.923,0.021112000000000002
2013-10-15,16.16,16.95,15.49,16.0,358667.38,572256.703,0.018652
2013-10-16,15.8,16.48,15.41,15.82,285132.96,450240.458,0.014828
2013-10-17,15.81,15.9,14.5,15.37,374446.4,564811.257,0.019473
2013-10-18,15.05,15.25,14.8,15.1,145613.54,219443.03,0.007572
2013-10-21,15.21,15.64,15.1,15.28,345315.27,532967.396,0.017958000000000002
2013-10-22,15.27,15.3,14.5,14.69,278064.44,411303.095,0.014459999999999999
2013-10-23,14.68,14.79,14.1,14.18,163252.12,234900.58,0.00849
2013-10-24,14.19,14.41,14.05,14.28,135215.56,192179.683,0.007032
2013-10-25,14.28,14.4,13.69,13.87,159425.51,223326.06,0.008291
2013-10-28,13.95,14.18,13.7,14.1,154695.16,216496.133,0.008045
2013-10-29,14.16,14.36,13.21,13.81,232147.09,317477.346,0.012073
2013-10-30,13.65,14.05,13.65,13.89,108956.71,150844.481,0.005666
2013-10-31,13.99,14.08,13.65,13.77,146371.31,202136.878,0.007612
2013-11-01,13.86,14.16,13.84,14.08,121707.02,170505.002,0.006329
2013-11-04,14.1,14.26,13.87,13.92,140982.69,198166.313,0.007332
2013-11-05,13.85,13.85,13.31,13.75,206374.33,279096.318,0.010731999999999998
2013-11-06,13.68,13.68,13.35,13.37,143764.35,193712.646,0.007476
2013-11-07,13.32,13.42,13.15,13.26,125977.98,167118.815,0.006551
2013-11-08,13.2,13.35,12.88,12.9,125845.81,164018.867,0.0065439999999999995
2013-11-11,12.89,13.35,12.78,13.3,110975.65,145342.353,0.005770999999999999
2013-11-12,13.29,13.58,13.23,13.47,116319.05,156470.332,0.006049
2013-11-13,13.49,13.54,12.96,13.1,121580.58,159645.059,0.006323
2013-11-14,13.1,14.33,12.8,14.27,354610.17,484365.911,0.018441
2013-11-15,14.32,15.52,14.32,15.05,448869.71,677371.21,0.023343
2013-11-18,15.33,15.65,14.93,15.28,348057.05,532390.444,0.0181
2013-11-19,15.2,15.62,15.0,15.19,176792.97,271142.857,0.009194
2013-11-20,15.35,15.5,15.0,15.39,203083.43,308586.881,0.010561000000000001
2013-11-21,15.21,15.32,14.92,15.12,198597.72,299757.48,0.010327999999999999
2013-11-22,15.16,15.2,14.6,14.86,138615.53,205929.233,0.007209
2013-11-25,14.86,15.61,14.6,15.36,221031.32,337088.453,0.011493999999999999
2013-11-26,15.53,15.61,15.15,15.53,212561.71,328949.832,0.011054
2013-11-27,15.6,15.9,15.5,15.68,174499.85,274822.713,0.009075
2013-11-28,15.68,16.0,15.48,15.63,143437.69,226567.477,0.007459
2013-11-29,15.65,15.71,15.33,15.53,148614.86,229944.287,0.007729000000000001
2013-12-02,15.16,15.2,14.5,14.83,176709.05,263616.787,0.00919
2013-12-03,14.71,15.34,14.69,15.25,152442.78,230578.37,0.007928
2013-12-04,15.45,16.14,15.45,15.93,303406.81,483935.559,0.015778
2013-12-05,16.11,16.12,15.75,16.05,165906.7,265052.85,0.008628
2013-12-06,16.03,16.14,15.83,15.91,118028.9,188078.351,0.006138
2013-12-09,15.95,16.35,15.94,16.11,177236.67,286238.359,0.009217
2013-12-10,16.12,16.81,16.08,16.27,235073.23,385967.382,0.012225
2013-12-11,16.09,16.1,15.52,15.79,162277.75,255997.069,0.008439
2013-12-12,15.8,16.29,15.65,15.72,154351.27,246218.216,0.008027
2013-12-13,15.68,16.04,15.55,15.77,87994.83,139382.249,0.004576
2013-12-16,15.82,15.96,14.89,14.94,232726.53,352416.332,0.012103
2013-12-17,14.7,14.75,14.15,14.21,238028.08,342771.09,0.012378
2013-12-18,14.3,14.55,14.18,14.25,153753.77,220080.182,0.007996
2013-12-19,14.32,14.6,14.22,14.23,116986.96,168656.729,0.006084000000000001
2013-12-20,14.26,14.55,13.65,13.82,178652.15,251523.997,0.009291
2013-12-23,13.88,14.16,13.58,14.12,124109.63,172855.86,0.006454
2013-12-24,14.12,14.28,13.75,13.96,109305.1,152960.561,0.005684
2013-12-25,13.98,14.36,13.84,14.29,101699.74,144086.128,0.005289
2013-12-26,14.21,14.38,13.95,14.02,83374.2,117912.317,0.004336
2013-12-27,14.02,14.42,14.01,14.34,128655.37,183460.175,0.006691
2013-12-30,14.5,14.69,14.37,14.64,141938.18,205923.657,0.0073809999999999995
2013-12-31,14.5,14.87,14.5,14.79,173293.35,254733.763,0.009012
2014-01-02,14.8,14.8,14.56,14.65,68470.13,100216.492,0.0035610000000000004
2014-01-03,14.5,14.56,14.0,14.19,126348.52,179162.791,0.0065710000000000005
2014-01-06,14.1,14.1,13.3,13.37,209429.24,282458.969,0.010891
2014-01-07,13.29,13.46,13.0,13.25,173689.47,229289.604,0.009033
2014-01-08,13.32,13.46,13.18,13.21,167329.11,222427.179,0.008702
2014-01-09,13.23,13.27,12.9,13.02,196612.01,256825.927,0.010225
2014-01-10,13.01,13.28,12.94,13.21,128058.84,167881.669,0.00666
2014-01-13,13.25,13.33,12.75,13.02,159009.07,205987.342,0.008269
2014-01-14,13.1,13.53,12.94,13.51,177839.45,234753.814,0.009248
2014-01-15,13.5,13.5,13.29,13.36,114427.97,153052.551,0.005951
2014-01-16,13.4,13.73,13.39,13.49,122955.05,166935.105,0.0063939999999999995
2014-01-17,13.33,13.46,12.99,13.1,132585.73,174225.14,0.006895
2014-01-20,13.0,13.36,12.88,13.28,118941.76,155507.27,0.006185
2014-01-21,13.32,13.42,13.24,13.38,132416.86,176597.424,0.006886
2014-01-22,13.4,14.12,13.37,14.06,208751.76,287101.669,0.010856
2014-01-23,14.0,14.21,13.8,13.98,136703.05,191238.793,0.007109
2014-01-24,14.03,14.25,13.92,13.98,130639.19,184211.866,0.006794
2014-01-27,14.08,14.08,13.4,13.47,207190.5,281367.543,0.010775
2014-01-28,13.49,13.72,13.48,13.55,113130.21,153773.247,0.005883
2014-01-29,13.65,13.73,13.38,13.46,91789.74,123820.93,0.004773
2014-01-30,13.4,13.57,13.32,13.39,93441.46,125599.863,0.004859
2014-02-07,13.27,13.68,13.2,13.66,84208.08,113479.355,0.004379
2014-02-10,14.05,14.4,14.03,14.04,266903.56,378565.807,0.013879999999999998
2014-02-11,14.07,14.36,14.04,14.19,184848.37,262062.232,0.009613
2014-02-12,14.21,14.29,13.88,14.08,199995.5,280922.362,0.010401
2014-02-13,14.0,14.23,13.88,13.91,155042.77,218539.837,0.008063
2014-02-14,13.91,14.82,13.91,14.79,335030.09,484052.775,0.017423
2014-02-17,14.97,15.01,14.64,14.84,242141.48,358515.85,0.012592
2014-02-18,14.78,14.86,14.57,14.78,145703.06,214336.327,0.007577
2014-02-19,14.77,15.19,14.68,14.94,226009.27,338597.169,0.011753
2014-02-20,15.24,15.41,14.71,14.76,271809.83,410089.175,0.014135
2014-02-21,14.76,14.96,14.28,14.42,182203.53,264725.433,0.009475
2014-02-24,14.3,14.74,14.2,14.65,194007.67,281386.788,0.010088999999999999
2014-02-25,14.64,14.94,13.9,14.08,236084.21,343245.72,0.012277
2014-02-26,14.04,14.18,13.75,14.07,155571.04,216914.473,0.00809
2014-02-27,14.16,14.21,13.93,13.98,133961.48,188580.053,0.006967
2014-02-28,13.92,14.08,13.57,13.85,123460.67,170279.984,0.00642
2014-03-03,13.84,14.85,13.7,14.55,229182.67,330579.528,0.011918
2014-03-04,14.45,14.85,14.3,14.68,154018.27,225275.826,0.00801
2014-03-05,14.72,14.78,14.34,14.46,109430.43,158702.766,0.005691000000000001
2014-03-06,14.36,14.46,13.92,14.14,125119.15,176530.646,0.006507
2014-03-07,14.14,14.46,14.1,14.21,103082.03,147003.908,0.005361
2014-03-10,14.16,14.16,13.45,13.54,133184.27,181954.508,0.006926
2014-03-11,13.52,13.64,13.34,13.6,111633.28,151024.918,0.005805
2014-03-12,13.56,13.85,13.54,13.63,95543.91,130614.707,0.004969
2014-03-13,13.64,13.79,13.56,13.77,64650.96,88704.008,0.003362
2014-03-14,13.7,13.75,13.21,13.37,111224.68,149565.805,0.005784
2014-03-17,13.41,13.56,13.24,13.55,73938.25,99481.274,0.003845
2014-03-18,13.58,13.9,13.51,13.69,101617.09,139657.358,0.005284
2014-03-19,13.62,13.62,13.15,13.34,163252.89,217203.309,0.00849
2014-03-20,13.3,13.41,13.01,13.05,116936.27,154314.954,0.006081
2014-03-21,13.05,13.37,12.9,13.36,135256.96,177630.048,0.007034
2014-03-24,13.34,13.49,13.33,13.42,87283.03,117084.633,0.0045390000000000005
2014-03-25,13.42,13.9,13.4,13.69,172862.46,237097.858,0.00899
2014-03-26,13.85,13.93,13.53,13.62,127065.92,173497.361,0.006608
2014-03-27,13.59,13.68,13.25,13.26,121939.64,163080.915,0.006341
2014-03-28,13.2,13.62,13.18,13.3,103514.18,138755.444,0.005383
2014-03-31,13.39,13.39,13.16,13.22,70530.07,93612.922,0.0036680000000000003
2014-04-01,13.25,13.36,13.17,13.33,71808.15,95380.858,0.003734
2014-04-02,13.33,13.4,13.08,13.19,112241.55,148571.751,0.005837
2014-04-03,13.22,13.31,13.03,13.11,89092.72,117281.447,0.004633
2014-04-04,13.09,13.27,13.01,13.25,55722.8,73485.11,0.002898
2014-04-08,13.08,13.55,13.02,13.5,150183.6,200588.599,0.00781
2014-04-09,13.51,13.64,13.36,13.5,102543.89,138387.442,0.005333
2014-04-10,13.54,13.62,13.35,13.57,178838.58,241743.649,0.009300000000000001
2014-04-11,13.57,13.71,13.5,13.62,132449.81,180351.289,0.006888
2014-04-14,13.65,13.72,13.45,13.51,99113.25,134139.607,0.005154
2014-04-15,13.49,13.49,13.2,13.26,138882.47,184874.806,0.007221999999999999
2014-04-16,13.25,13.37,13.19,13.27,73458.66,97562.245,0.00382
2014-04-17,13.31,13.35,13.19,13.21,70876.59,93917.374,0.003686
2014-04-18,13.15,13.31,13.14,13.28,67249.35,89147.326,0.003497
2014-04-21,13.21,13.37,13.15,13.2,68658.74,91097.106,0.0035709999999999995
2014-04-22,13.15,13.3,13.09,13.28,69971.55,92189.222,0.003639
2014-04-23,13.25,13.29,13.1,13.15,61360.04,80926.01,0.003191
2014-04-24,13.15,13.22,13.02,13.06,58838.79,77242.392,0.00306
2014-04-25,13.07,13.18,12.74,12.77,102974.17,133207.292,0.0053549999999999995
2014-04-28,12.77,12.83,12.09,12.11,149468.07,184889.03,0.0077729999999999995
2014-04-29,12.1,12.1,11.64,11.9,182685.6,215930.417,0.0095
2014-04-30,11.86,12.02,11.8,11.97,114978.47,136999.126,0.005979
2014-05-05,11.94,11.95,11.75,11.93,119262.83,141189.191,0.006202
2014-05-06,11.9,12.1,11.84,12.08,99781.51,119594.471,0.005189
2014-05-07,12.01,12.04,11.85,11.86,56126.13,67065.74,0.0029189999999999997
2014-05-08,11.84,12.05,11.83,11.89,54838.31,65543.006,0.002852
2014-05-09,11.95,11.97,11.72,11.75,50018.51,59162.413,0.002601
2014-05-12,11.85,12.05,11.77,11.99,134351.08,160469.85,0.006987
2014-05-13,12.01,12.05,11.88,11.97,74952.52,89643.404,0.003898
2014-05-14,11.96,12.03,11.93,11.98,57944.64,69386.508,0.003013
2014-05-15,12.0,12.0,11.79,11.8,50601.12,60121.893,0.002631
2014-05-16,11.75,11.83,11.66,11.78,49851.23,58510.809,0.0025919999999999997
2014-05-19,11.78,11.79,11.65,11.72,41516.82,48580.928,0.002159
2014-05-20,11.8,11.88,11.78,11.85,48915.17,57901.663,0.0025440000000000003
2014-05-21,11.94,12.53,11.84,12.43,220689.55,271845.245,0.011477
2014-05-22,12.43,12.46,12.25,12.28,88917.78,109859.592,0.004624
2014-05-23,12.16,12.35,12.11,12.35,69725.17,85223.787,0.003626
2014-05-26,12.23,12.25,12.05,12.09,52667.73,63839.332,0.0027389999999999997
2014-05-27,12.05,12.26,12.04,12.11,62104.96,75551.189,0.0032300000000000002
2014-05-28,12.16,12.3,12.0,12.23,69232.25,84344.993,0.0036
2014-05-29,12.26,12.64,12.26,12.36,124364.33,154907.988,0.0064670000000000005
2014-05-30,12.35,12.48,12.24,12.42,77549.3,96101.063,0.004033
2014-06-03,12.46,12.55,12.31,12.32,57764.51,71732.872,0.003004
2014-06-04,12.32,12.34,11.89,12.01,94816.8,113949.021,0.004931
2014-06-05,12.01,12.12,11.99,12.11,58838.68,70878.944,0.00306
2014-06-06,12.11,12.12,11.93,12.0,37847.34,45409.824,0.001968
2014-06-09,11.95,12.23,11.92,12.09,61719.93,74864.239,0.00321
2014-06-10,12.1,12.28,12.04,12.24,68859.13,83922.644,0.0035809999999999995
2014-06-11,12.23,12.33,12.18,12.27,51310.08,62913.313,0.002668
2014-06-12,12.27,12.29,12.16,12.19,36176.82,44176.996,0.0018809999999999999
2014-06-13,12.16,12.37,12.16,12.18,130397.45,159628.703,0.006781000000000001
2014-06-16,12.24,12.34,12.17,12.32,116635.03,143090.521,0.006065
2014-06-17,12.3,12.3,12.19,12.2,58863.07,72021.322,0.003061
2014-06-18,12.2,12.25,12.09,12.11,46028.1,55925.805,0.002394
2014-06-19,12.1,12.19,11.87,11.93,57474.49,69203.254,0.002989
2014-06-20,11.93,12.0,11.87,11.99,52183.35,62373.706,0.002714
2014-06-23,12.02,12.06,11.93,11.96,39533.17,47378.693,0.002056
2014-06-24,11.98,12.19,11.96,12.16,48201.29,58161.465,0.0025069999999999997
2014-06-25,12.16,12.16,12.01,12.06,28294.63,34162.381,0.001471
2014-06-26,12.11,12.23,12.07,12.16,60165.37,73027.481,0.0031290000000000003
2014-06-27,12.16,12.22,12.07,12.17,67938.78,82636.781,0.003533
2014-06-30,12.15,12.65,12.15,12.43,137959.52,171242.415,0.007174000000000001
2014-07-01,12.35,12.48,12.35,12.41,78208.84,97033.755,0.004067
2014-07-02,12.43,12.45,12.3,12.39,64378.47,79638.021,0.003348
2014-07-03,12.39,12.52,12.31,12.51,85693.8,106794.303,0.004456
2014-07-04,12.5,12.63,12.46,12.51,81921.22,102674.844,0.00426
2014-07-07,12.52,12.55,12.33,12.36,68683.75,85062.295,0.003572
2014-07-08,12.42,12.52,12.36,12.43,65962.92,82001.971,0.0034300000000000003
2014-07-09,12.43,12.47,12.07,12.12,96116.74,117940.505,0.004998
2014-07-10,12.12,12.18,12.04,12.05,78075.81,94558.738,0.00406
2014-07-11,12.06,12.35,12.05,12.1,165773.57,201703.474,0.008621
2014-07-14,12.19,12.33,12.1,12.29,111922.68,136702.691,0.00582
2014-07-15,12.26,12.34,12.18,12.27,123725.42,151608.888,0.006434
2014-07-16,12.29,12.63,12.27,12.47,274359.69,342613.092,0.014268000000000001
2014-07-17,12.47,12.48,12.27,12.39,86610.27,106919.682,0.004504
2014-07-18,12.35,12.43,12.3,12.34,85256.68,105376.96,0.0044340000000000004
2014-07-21,12.33,12.38,12.11,12.24,82928.44,101381.613,0.004313
2014-07-22,12.25,12.46,12.2,12.38,125311.24,154769.803,0.006516999999999999
2014-07-23,12.4,12.44,12.23,12.25,95003.53,117106.343,0.004941
2014-07-24,12.24,12.43,12.2,12.41,154861.46,190778.4,0.008053
2014-07-25,12.44,12.72,12.36,12.66,218884.61,274144.056,0.011383
2014-07-28,12.68,12.87,12.61,12.82,307454.12,392168.253,0.015989
2014-07-29,12.83,12.91,12.69,12.79,211649.71,270928.919,0.011007
2014-07-30,12.74,12.88,12.7,12.76,149683.62,191168.496,0.007784
2014-07-31,12.81,12.96,12.77,12.87,144418.22,185631.635,0.00751
2014-08-01,12.84,13.2,12.82,12.9,335320.45,436726.482,0.017438
2014-08-04,12.93,13.12,12.93,13.05,159231.44,207321.325,0.008281
2014-08-05,13.07,13.13,12.85,12.9,210466.44,272185.078,0.010945
2014-08-06,12.9,12.96,12.76,12.87,164909.48,211580.263,0.008576
2014-08-07,12.87,12.93,12.7,12.71,149221.48,191017.134,0.00776
2014-08-08,12.75,12.83,12.72,12.81,97019.91,124050.837,0.005044999999999999
2014-08-11,12.82,12.99,12.82,12.96,168317.57,217451.772,0.008753
2014-08-12,12.96,13.02,12.85,12.95,104778.9,135494.822,0.005449000000000001
2014-08-13,12.94,12.98,12.72,12.85,187406.39,240298.837,0.009746
2014-08-14,12.87,12.88,12.73,12.74,148540.87,190179.557,0.007724999999999999
2014-08-15,12.74,12.96,12.73,12.86,159079.74,204549.788,0.008273
2014-08-18,12.87,13.03,12.84,13.02,182764.97,236457.015,0.009504
2014-08-19,13.04,13.14,12.93,13.12,229720.63,299301.646,0.011946000000000002
2014-08-20,13.12,13.12,12.95,13.01,179604.1,233799.083,0.009340000000000001
2014-08-21,13.03,13.07,12.83,12.91,145909.93,188550.944,0.007588
2014-08-22,12.92,12.98,12.79,12.95,156932.86,202024.397,0.008161
2014-08-25,12.94,13.01,12.84,12.9,140211.39,181134.627,0.007292
2014-08-26,12.86,12.91,12.63,12.68,146910.98,187342.036,0.00764
2014-08-27,12.68,12.8,12.66,12.75,123843.96,157455.817,0.00644
2014-08-28,12.84,13.03,12.79,12.94,265147.35,343188.357,0.013789000000000001
2014-08-29,12.98,13.02,12.85,12.95,148766.66,192479.004,0.007736
2014-09-01,12.98,13.11,12.96,13.07,171574.13,223839.059,0.008923
2014-09-02,13.09,14.04,13.09,13.89,762738.9,1040568.98,0.039665
2014-09-03,13.81,13.97,13.69,13.86,338280.98,467892.951,0.017592
2014-09-04,13.81,14.1,13.75,13.91,310045.12,431217.464,0.016124
2014-09-05,13.94,14.04,13.77,13.92,281185.96,391996.25,0.014622999999999999
2014-09-09,13.99,14.38,13.99,14.12,317416.84,450045.839,0.016507
2014-09-10,14.19,14.3,14.04,14.14,257833.62,365148.761,0.013408
2014-09-11,14.13,14.21,13.74,13.79,342683.4,477512.009,0.017821
2014-09-12,13.79,14.11,13.79,14.0,271748.27,379239.136,0.014132
2014-09-15,13.99,14.25,13.86,14.21,295449.3,417809.668,0.015364
2014-09-16,14.23,14.46,13.88,13.9,385665.65,548083.862,0.020055999999999997
2014-09-17,14.0,14.03,13.77,13.96,176433.03,245329.428,0.009174999999999999
2014-09-18,13.94,14.12,13.9,14.11,160437.52,224914.331,0.008343
2014-09-19,14.1,14.75,14.08,14.59,360714.21,523755.516,0.018758999999999998
2014-09-22,14.64,15.06,14.5,14.57,355427.69,524394.428,0.018484
2014-09-23,14.5,14.87,14.39,14.77,268334.74,393139.548,0.013954
2014-09-24,14.7,15.21,14.69,15.02,380562.03,573381.95,0.019791
2014-09-25,15.05,15.15,14.82,14.87,198889.43,297392.256,0.010343
2014-09-26,14.79,14.83,14.58,14.75,182556.32,268466.608,0.009494
2014-09-29,14.76,14.88,14.54,14.7,235410.4,345844.787,0.012242
2014-09-30,14.7,15.01,14.6,14.85,218142.27,323259.271,0.011344
2014-10-08,14.9,15.08,14.75,15.04,239974.05,358134.53,0.01248
2014-10-09,15.04,15.28,14.85,14.89,291952.45,438427.378,0.015183
2014-10-10,14.85,14.85,14.36,14.46,392194.54,570875.744,0.020396
2014-10-13,14.43,14.64,14.25,14.47,242052.13,348969.558,0.012587999999999998
2014-10-14,14.45,14.59,14.38,14.55,213533.74,309578.28,0.011105
2014-10-15,14.65,15.26,14.6,15.0,666483.73,1001337.246,0.03466
2014-10-16,15.01,15.87,14.86,15.09,732203.37,1121878.143,0.038077
2014-10-17,15.14,15.27,14.61,15.06,342751.04,511911.876,0.017824
2014-10-20,15.12,15.55,15.12,15.26,287103.7,439006.998,0.01493
2014-10-21,15.15,15.17,14.76,14.77,257096.51,384647.156,0.01337
2014-10-22,14.68,14.85,14.43,14.45,183189.01,268212.353,0.009527
2014-10-23,14.43,14.49,13.93,14.08,257618.59,364256.019,0.013397
2014-10-24,14.09,14.21,13.97,14.03,106507.46,150403.677,0.005539
2014-10-27,14.0,14.22,13.87,14.14,119780.43,169111.056,0.006229
2014-10-28,14.15,14.44,14.15,14.42,164940.6,235686.085,0.008578
2014-10-29,14.48,14.56,14.3,14.44,214743.61,309697.355,0.011167
2014-10-30,14.53,14.83,14.49,14.69,291741.24,428751.756,0.015172000000000001
2014-10-31,14.62,14.74,14.46,14.69,259877.17,378567.046,0.013515
2014-11-03,14.71,14.84,14.58,14.69,240066.43,353056.949,0.012484
2014-11-04,14.65,14.65,14.3,14.4,210366.49,303771.213,0.01094
2014-11-05,14.39,14.53,14.29,14.42,114496.13,164883.203,0.005954
2014-11-06,14.49,14.49,14.32,14.42,117095.66,168501.633,0.006089
2014-11-07,14.45,14.66,14.32,14.43,221576.01,321638.064,0.011523
2014-11-10,14.44,14.76,14.43,14.75,250403.74,366476.412,0.013022
2014-11-11,14.85,14.89,14.22,14.43,314479.81,458854.169,0.016354
2014-11-12,14.44,14.45,14.21,14.44,299678.8,429500.151,0.015584
2014-11-13,14.39,14.39,14.15,14.27,218741.04,311853.281,0.011375
2014-11-14,14.18,14.43,14.16,14.35,147500.15,211189.072,0.007671
2014-11-17,14.65,14.7,14.38,14.48,242159.81,352697.861,0.012593
2014-11-18,14.5,14.59,14.33,14.51,134902.29,195576.499,0.007015
2014-11-19,14.52,14.74,14.5,14.57,298121.48,435501.374,0.015503
2014-11-20,14.5,14.52,14.34,14.39,134195.62,193397.461,0.006979
2014-11-21,14.34,14.59,14.34,14.56,192573.67,278358.522,0.010015000000000001
2014-11-24,14.65,14.78,14.56,14.69,375049.61,550799.89,0.019504
2014-11-25,14.75,15.08,14.68,15.04,377382.1,561357.239,0.019625
2014-11-26,15.08,15.14,14.7,14.91,351738.4,523603.408,0.018292
2014-11-27,14.96,15.03,14.82,14.96,294257.82,439002.298,0.015303
2014-11-28,14.98,15.07,14.74,14.91,321471.97,478455.644,0.016718
2014-12-01,14.95,15.49,14.81,15.4,575574.25,874293.698,0.029932
2014-12-02,15.42,15.64,15.29,15.56,436249.74,674654.879,0.022687
2014-12-03,15.56,16.11,15.5,16.06,615614.49,976907.141,0.032014
2014-12-04,16.1,16.17,15.91,16.15,494832.64,795476.053,0.025733000000000002
2014-12-05,16.22,16.8,15.6,15.98,667503.25,1079721.116,0.034713
2014-12-08,15.96,16.43,15.73,16.36,550708.55,887299.484,0.028639
2014-12-09,16.26,16.88,15.51,15.75,706905.11,1160727.648,0.036762
2014-12-10,15.78,16.49,15.78,16.47,458194.28,743146.529,0.023828000000000002
2014-12-11,16.51,16.82,16.18,16.55,442716.9,730384.482,0.023023
2014-12-12,16.7,16.8,16.25,16.35,269191.69,442484.913,0.013999
2014-12-15,16.35,16.52,16.05,16.39,274677.28,447914.642,0.014283999999999998
2014-12-16,16.43,16.67,16.21,16.45,240442.98,394000.733,0.012504
2014-12-17,16.48,16.5,15.8,15.99,305280.42,491433.794,0.015875999999999998
2014-12-18,16.0,16.1,15.9,16.01,196475.98,314664.77,0.010218
2014-12-19,16.01,16.02,15.52,15.89,253027.65,398844.545,0.013158000000000001
2014-12-22,15.85,16.33,15.56,16.12,356555.75,571539.845,0.018542
2014-12-23,16.21,16.26,15.73,15.76,205999.82,330370.954,0.010712999999999999
2014-12-24,15.78,15.88,15.53,15.57,206180.05,322890.207,0.010722
2014-12-25,15.65,15.98,15.59,15.94,243363.68,385163.463,0.012656
2014-12-26,15.9,16.32,15.8,16.25,285692.43,461606.307,0.014857
2014-12-29,16.3,16.46,16.14,16.34,306625.09,499514.887,0.015946000000000002
2014-12-30,16.53,16.95,16.38,16.45,452912.97,754562.179,0.023553
2014-12-31,16.36,16.6,16.2,16.5,245154.02,400797.755,0.012749
2015-01-05,16.58,17.62,16.51,17.28,580870.1,992105.687,0.030207
2015-01-06,17.1,18.11,17.01,17.9,531784.21,941347.851,0.027655
2015-01-07,17.78,17.79,17.24,17.58,394604.15,689830.621,0.020520999999999998
2015-01-08,17.56,17.78,17.18,17.27,248371.98,431532.571,0.012916
2015-01-09,17.26,17.66,16.86,16.96,291011.52,505365.439,0.015134000000000002
2015-01-12,16.83,17.0,16.53,16.94,219589.79,367154.639,0.01142
2015-01-13,16.91,17.4,16.81,17.36,189767.94,325418.181,0.009869
2015-01-14,17.36,17.5,16.81,17.09,174714.76,299417.049,0.009086
2015-01-15,17.01,17.16,16.82,17.09,152784.02,259728.039,0.007945
2015-01-16,17.11,17.35,17.05,17.25,159920.03,275322.546,0.008316
2015-01-19,16.75,17.26,15.9,16.04,361195.71,598872.735,0.018784000000000002
2015-01-20,16.27,16.59,16.17,16.56,263841.14,432561.202,0.013721
2015-01-21,16.58,17.09,16.58,17.0,261580.23,442551.139,0.013603
2015-01-22,17.21,17.34,16.8,17.13,203060.98,346562.536,0.01056
2015-01-23,17.11,17.35,17.0,17.12,214214.59,367456.66,0.01114
2015-01-26,17.15,17.85,17.1,17.66,366363.21,638827.516,0.019052
2015-01-27,17.7,17.79,17.06,17.32,255206.05,443053.049,0.013271999999999999
2015-01-28,17.44,17.55,17.1,17.21,193338.56,335311.404,0.010054
2015-01-29,17.0,17.15,16.83,16.85,193605.29,327697.03,0.010067999999999999
2015-01-30,16.87,17.0,16.54,16.62,163553.62,273508.707,0.008505
2015-02-02,16.5,16.75,16.3,16.57,134584.97,222343.18,0.006999
2015-02-03,16.66,16.75,16.43,16.66,176922.92,293458.489,0.009201
2015-02-04,16.7,16.75,16.37,16.41,165308.34,274444.879,0.008597
2015-02-05,16.61,16.67,16.22,16.24,153070.18,251976.032,0.00796
2015-02-06,16.25,16.68,16.17,16.34,170534.47,279442.389,0.008868000000000001
2015-02-09,16.35,16.39,16.03,16.23,100124.36,162359.919,0.005207000000000001
2015-02-10,16.3,16.52,16.15,16.51,133866.0,219075.598,0.006962
2015-02-11,16.51,17.08,16.5,17.05,244497.1,412860.344,0.012715
2015-02-12,17.06,17.25,16.76,17.07,229632.77,391790.295,0.011942
2015-02-13,17.05,17.63,17.05,17.24,318337.46,553678.234,0.016555
2015-02-16,17.28,17.86,17.26,17.84,360711.55,638856.152,0.018758
2015-02-17,17.86,18.07,17.61,17.66,243090.78,432346.394,0.012642
2015-02-25,17.67,17.73,17.15,17.27,210544.21,364923.513,0.010949
2015-02-26,18.0,18.38,17.74,17.93,474376.74,853822.201,0.024669
2015-02-27,17.81,18.17,17.7,17.78,296785.56,529688.746,0.015434000000000002
2015-03-02,17.78,18.14,17.5,17.91,344009.39,611503.506,0.01789
2015-03-03,17.77,18.47,17.69,18.26,500763.27,910309.759,0.026042
2015-03-04,18.31,19.07,18.2,18.86,509780.49,958657.332,0.026511
2015-03-05,18.87,19.8,18.76,19.02,503011.93,966916.12,0.026158999999999998
2015-03-06,19.04,19.36,18.47,18.48,308747.49,578203.076,0.016056
2015-03-09,18.4,19.18,18.15,19.1,335264.56,633531.033,0.017435
2015-03-10,21.01,21.01,20.37,21.01,1099870.23,2294733.827,0.057197
2015-03-11,21.39,22.08,21.01,21.63,836637.38,1802304.242,0.043508
2015-03-12,21.21,21.85,20.86,21.11,443841.15,941044.271,0.023081
2015-03-13,21.39,21.51,20.59,21.32,438049.23,919926.729,0.02278
2015-03-16,21.46,23.39,21.46,22.93,538900.49,1228263.864,0.028025
2015-03-17,22.97,23.5,22.48,22.84,398820.37,912748.359,0.020739999999999998
2015-03-18,22.9,23.11,22.51,23.07,376941.2,858760.273,0.019601999999999998
2015-03-19,23.08,23.1,22.4,22.49,351171.28,794646.214,0.018262
2015-03-20,22.51,22.73,22.0,22.23,356861.23,794000.097,0.018557999999999998
2015-03-23,22.3,23.06,22.08,22.98,563423.45,1268209.236,0.029300000000000003
2015-03-24,22.75,22.96,21.81,22.4,468841.37,1048871.319,0.024382
2015-03-25,22.04,22.2,21.58,21.78,516010.32,1124949.956,0.026835
2015-03-26,21.73,22.2,21.41,21.84,361962.82,791700.647,0.018823
2015-03-27,21.94,23.25,21.86,22.53,527985.15,1195622.602,0.027457
2015-03-30,22.55,23.58,22.52,23.06,583170.1,1344768.754,0.030327000000000003
2015-03-31,23.4,23.45,22.5,22.72,514957.23,1180074.655,0.026779999999999998
2015-04-01,22.65,23.25,22.55,23.0,341288.15,783382.351,0.017748
2015-04-02,23.6,24.79,23.6,24.39,724827.18,1756833.16,0.037694
2015-04-03,24.1,24.63,24.0,24.51,407663.6,990343.653,0.0212
2015-04-07,24.52,25.66,24.3,25.33,497302.57,1243657.208,0.025862
2015-04-08,25.48,25.88,24.4,24.98,412156.96,1035780.606,0.021434
2015-04-09,24.9,24.96,23.62,24.31,461579.02,1111623.305,0.024003999999999998
2015-04-10,24.2,25.17,23.96,24.8,362667.45,899808.101,0.01886
2015-04-13,24.8,26.76,24.31,25.98,615623.68,1569773.223,0.032014999999999995
2015-04-14,26.03,27.44,26.03,26.69,447434.14,1193438.227,0.023268
2015-04-15,26.83,27.1,25.2,25.5,442038.83,1147492.114,0.022987999999999998
2015-04-16,25.25,26.55,24.35,25.52,370838.37,944211.276,0.019285
2015-04-17,25.66,26.29,25.6,25.75,401847.35,1040034.191,0.020898
2015-04-20,25.8,25.89,24.45,24.52,503595.12,1263869.717,0.026189
2015-04-21,24.4,25.3,24.35,25.25,337518.33,845107.009,0.017552
2015-04-22,25.15,25.85,25.15,25.59,347315.19,888884.242,0.018062
2015-04-23,25.65,26.49,25.2,26.19,524442.4,1356621.683,0.027273000000000002
2015-04-24,25.84,27.29,25.43,27.24,646603.66,1715707.484,0.033626
2015-04-27,28.0,28.51,27.24,27.36,537347.88,1492277.065,0.027944
2015-04-28,27.35,27.35,25.9,26.16,399958.39,1056669.918,0.020798999999999998
2015-04-29,26.15,27.16,26.0,27.04,367474.88,973786.012,0.019110000000000002
2015-04-30,27.6,27.79,26.44,26.52,340808.42,923258.984,0.017723
2015-05-04,26.52,26.52,25.89,26.28,302043.53,787429.869,0.015707
2015-05-05,26.41,26.49,25.04,25.34,385979.56,983732.039,0.020072
2015-05-06,25.55,25.82,24.5,24.61,258170.93,653358.433,0.013426
2015-05-07,24.56,24.6,23.81,24.0,247936.21,597922.535,0.012894000000000001
2015-05-08,24.1,24.98,24.1,24.91,311973.02,767636.15,0.016224000000000002
2015-05-11,25.36,25.9,25.01,25.9,398004.41,1016925.333,0.020697999999999998
2015-05-12,25.9,28.35,25.9,27.9,699293.27,1908817.226,0.036366
2015-05-13,28.0,28.67,27.51,27.9,573721.63,1612509.217,0.029836
2015-05-14,28.1,29.9,28.1,29.39,632438.83,1845603.652,0.032889
2015-05-15,29.5,31.59,28.71,31.05,841091.63,2539851.822,0.043739999999999994
2015-05-18,31.1,32.1,29.2,29.27,1224130.69,3680640.964,0.063659
2015-05-19,29.15,29.26,27.85,29.23,824223.69,2353823.378,0.042863
2015-05-20,29.35,30.17,28.79,29.08,761280.49,2242489.335,0.03959
2015-05-21,29.28,29.46,28.66,29.1,602200.06,1746606.132,0.031317
2015-05-22,29.3,29.79,28.67,29.52,700330.24,2048286.347,0.03642
2015-05-25,29.56,31.26,29.56,30.75,722445.12,2222365.623,0.03757
2015-05-26,31.0,31.25,30.21,31.08,708745.29,2181785.564,0.036857
2015-05-27,31.07,31.07,29.71,30.16,799867.62,2408077.194,0.041596
2015-05-28,30.0,30.0,27.18,27.21,714600.86,2065988.837,0.037162
2015-05-29,27.11,27.85,25.7,26.97,582471.12,1572389.098,0.030291000000000002
2015-06-01,27.7,29.5,27.6,28.82,569609.73,1629865.664,0.029622000000000002
2015-06-02,29.02,29.46,28.55,29.24,574254.96,1665275.416,0.029863
2015-06-03,29.39,29.56,28.21,28.66,495865.76,1424003.325,0.025787
2015-06-04,28.61,28.68,26.68,28.08,495987.39,1371082.228,0.025793
2015-06-05,28.42,29.3,28.3,28.73,562927.77,1617006.132,0.029274
2015-06-08,28.76,30.25,28.59,30.07,896100.62,2657273.647,0.046601
2015-06-09,30.2,30.3,28.9,29.23,568737.9,1676429.964,0.029577
2015-06-10,29.0,29.98,28.5,29.58,533766.83,1575471.312,0.027757999999999998
2015-06-11,29.61,29.69,28.85,29.19,508867.59,1482939.944,0.026463
2015-06-12,29.32,30.15,29.2,29.93,696073.89,2068799.019,0.036199
2015-06-15,30.11,30.29,28.8,28.96,517956.3,1522207.475,0.026936
2015-06-16,28.96,28.96,27.51,27.92,379050.47,1067408.384,0.019712
2015-06-17,28.0,28.2,26.69,28.18,379394.9,1041034.268,0.01973
2015-06-18,28.06,28.5,27.08,27.42,394893.38,1094635.36,0.020536
2015-06-19,26.52,27.12,25.05,25.26,298077.11,784029.061,0.015501000000000001
2015-06-23,25.0,25.65,23.25,25.56,379052.84,932355.903,0.019712
2015-06-24,25.8,26.26,25.31,26.03,360447.27,931553.91,0.018745
2015-06-25,26.13,26.13,24.45,24.85,331231.07,842395.24,0.017225
2015-06-26,24.3,24.3,22.37,22.37,387749.9,895011.312,0.020164
2015-06-29,23.0,23.08,20.13,20.73,548136.1,1167328.459,0.028505
2015-06-30,20.7,22.31,19.01,22.27,504665.1,1057431.738,0.026244999999999997
2015-07-01,22.28,22.87,20.81,20.89,423088.36,937452.026,0.022002
2015-07-02,21.0,21.28,18.81,19.52,459876.77,925098.741,0.023915000000000002
2015-07-03,19.52,20.4,17.57,17.64,621416.15,1162151.033,0.032316
2015-07-06,19.4,19.4,16.91,18.36,760480.75,1389861.069,0.039548
2015-07-07,17.81,18.75,16.55,18.19,854809.79,1521029.918,0.04445299999999999
2015-07-08,16.37,16.9,16.37,16.37,832978.12,1368268.34,0.043318
2015-07-09,16.37,18.01,15.88,18.01,655727.49,1136394.949,0.0341
2015-07-10,19.38,19.81,18.78,19.81,259637.69,508051.047,0.013502
2015-07-13,20.94,21.79,20.33,21.79,904239.85,1931363.199,0.047023999999999996
2015-07-14,21.0,22.87,20.88,21.41,782311.09,1713182.974,0.040683
2015-07-15,21.01,21.24,19.3,19.44,488309.5,985872.704,0.025394
2015-07-16,19.44,20.86,18.66,20.48,408587.42,823439.345,0.021248
2015-07-17,20.62,21.99,20.49,21.8,365169.71,781771.364,0.01899
2015-07-20,21.8,22.29,21.14,21.6,397746.37,864679.862,0.020684
2015-07-21,21.55,22.53,21.2,22.16,400225.94,877617.289,0.020813
2015-07-22,22.0,22.16,21.24,22.03,435119.7,946480.054,0.022628
2015-07-23,21.86,22.7,21.86,22.49,501063.4,1117834.04,0.026057
2015-07-24,22.52,22.75,20.9,21.62,482930.25,1076057.791,0.025114
2015-07-27,21.1,21.47,19.46,19.46,450097.45,929358.723,0.023407
2015-07-28,19.07,20.22,17.9,19.61,630184.46,1197400.128,0.032772
2015-07-29,19.67,20.74,19.26,20.65,326115.04,647003.042,0.016959
2015-07-30,20.61,21.0,19.69,19.92,336648.54,692188.99,0.017506999999999998
2015-07-31,19.57,20.48,19.52,20.44,242633.68,486575.447,0.012618
2015-08-03,20.43,21.28,19.9,21.25,475639.81,980555.378,0.024735
2015-08-04,21.18,21.95,20.71,21.92,325765.73,698513.24,0.016940999999999998
2015-08-05,21.75,21.99,21.21,21.28,197039.88,425883.163,0.010247
2015-08-06,21.0,21.57,20.82,21.18,123455.04,263125.238,0.00642
2015-08-07,21.35,21.82,21.31,21.49,204778.17,441644.948,0.010648999999999999
2015-08-10,21.58,22.52,21.45,22.36,345645.92,762284.798,0.017975
2015-08-11,22.3,22.57,21.92,22.06,300083.8,666982.352,0.015606
2015-08-12,21.85,22.36,21.5,21.68,281921.35,620246.901,0.014661
2015-08-13,21.53,22.42,21.53,22.32,313236.0,693301.911,0.016289
2015-08-14,22.45,22.56,22.09,22.32,273383.06,610699.316,0.014217
2015-08-17,22.1,23.29,21.83,23.27,396938.12,898570.963,0.020642
2015-08-18,23.2,23.22,21.0,21.04,456921.33,1011724.671,0.023762
2015-08-19,20.65,21.88,20.41,21.79,337143.9,713776.097,0.017533
2015-08-20,21.51,22.12,21.18,21.26,272330.48,590964.999,0.014162
2015-08-21,21.01,21.25,19.88,19.95,271275.69,552708.616,0.014107000000000001
2015-08-24,19.0,19.26,17.96,17.98,407954.79,739046.598,0.021215
2015-08-25,17.08,18.04,16.18,16.28,385976.64,654526.397,0.020072
2015-08-26,17.0,17.52,16.36,16.72,354462.53,599447.663,0.018432999999999998
2015-08-27,17.2,17.91,16.86,17.88,245676.96,425185.797,0.012776000000000001
2015-08-28,18.04,18.88,18.04,18.86,307964.12,565313.669,0.016014999999999998
2015-08-31,18.4,18.76,17.9,18.74,217757.19,399365.27,0.011324
2015-09-01,18.31,18.77,17.51,18.75,312437.92,570611.958,0.016248
2015-09-02,18.05,19.28,17.93,19.05,444893.02,835509.39,0.023136
2015-09-07,19.12,19.68,18.24,18.4,179920.53,340870.775,0.009356999999999999
2015-09-08,18.3,19.19,18.08,19.06,128841.04,240545.139,0.0067
2015-09-09,19.1,19.62,18.89,19.3,198309.85,382918.813,0.010313000000000001
2015-09-10,19.0,19.19,18.72,18.84,110363.13,209115.056,0.005738999999999999
2015-09-11,18.73,18.95,18.47,18.77,92664.09,173284.077,0.004819
2015-09-14,19.12,19.49,18.55,19.18,323651.14,616368.77,0.016831
2015-09-15,18.71,18.74,17.26,17.48,194256.64,346323.33,0.010102
2015-09-16,17.5,19.17,17.2,18.79,204103.49,367095.564,0.010613999999999998
2015-09-17,18.51,18.93,18.01,18.04,194942.99,361169.209,0.010138000000000001
2015-09-18,18.13,18.37,17.8,18.23,102373.73,185211.821,0.005324
2015-09-21,18.0,18.59,17.85,18.53,102244.35,187873.94,0.005317
2015-09-22,18.55,18.8,18.44,18.6,102373.17,190678.997,0.005324
2015-09-23,18.26,18.38,17.9,17.99,76984.03,139725.107,0.004003
2015-09-24,18.0,18.2,17.88,18.03,82564.95,148705.25,0.004294
2015-09-25,17.95,18.24,17.61,17.66,75954.87,135668.2,0.00395
2015-09-28,17.66,17.7,17.4,17.67,85797.04,150396.979,0.004462
2015-09-29,17.35,17.47,17.3,17.4,63371.74,110192.654,0.003296
2015-09-30,17.45,17.62,17.39,17.44,47193.03,82630.359,0.002454
2015-10-08,18.4,18.84,18.4,18.64,185145.95,343813.038,0.009628
2015-10-09,18.52,18.85,18.42,18.63,148968.7,278223.872,0.007747
2015-10-12,18.67,19.45,18.66,19.07,288655.81,548304.772,0.015011000000000002
2015-10-13,18.89,19.02,18.7,18.97,171200.8,323396.737,0.008903
2015-10-14,18.96,19.07,18.78,18.82,145449.84,275198.149,0.0075639999999999995
2015-10-15,18.8,19.32,18.73,19.25,155658.71,296809.32,0.008095
2015-10-16,19.28,19.5,19.0,19.46,223519.31,430744.866,0.011624
2015-10-19,19.53,19.56,19.03,19.15,175757.64,338748.338,0.00914
2015-10-20,19.17,19.45,19.05,19.36,149306.56,287392.776,0.007764999999999999
2015-10-21,19.5,20.22,18.62,18.71,336072.02,659459.626,0.017477
2015-10-22,18.58,19.58,18.58,19.5,182271.86,348764.288,0.009479
2015-10-23,19.75,20.25,19.71,19.94,290203.11,579810.289,0.015092000000000001
2015-10-26,20.15,20.18,19.61,19.69,231729.28,458835.101,0.012051000000000001
2015-10-27,19.45,19.67,18.8,19.32,198999.72,381930.427,0.010348999999999999
2015-10-28,19.2,19.69,19.05,19.12,204959.45,397309.205,0.010659
2015-10-29,19.31,19.5,19.03,19.23,103289.59,198678.677,0.005371
2015-10-30,19.23,19.54,19.0,19.37,207391.53,401372.378,0.010785
2015-11-02,19.05,19.46,18.81,18.83,158572.49,304507.865,0.008246
2015-11-03,18.94,19.07,18.5,18.63,136537.72,256718.185,0.0070999999999999995
2015-11-04,18.73,19.5,18.73,19.48,234032.68,449695.841,0.012171000000000001
2015-11-05,19.5,20.28,19.42,19.7,466380.7,925106.698,0.024253999999999998
2015-11-06,19.73,20.2,19.63,20.18,308678.1,616886.827,0.016052
2015-11-09,19.99,20.68,19.99,20.32,316166.88,644147.041,0.016442000000000002
2015-11-10,20.2,20.95,20.12,20.54,296438.17,610273.801,0.015416000000000001
2015-11-11,20.48,20.55,20.06,20.48,172062.39,350060.387,0.008948000000000001
2015-11-12,20.55,20.61,20.15,20.23,134553.37,273337.587,0.006997
2015-11-13,20.02,20.14,19.76,19.8,156555.02,311808.752,0.008141
2015-11-16,19.59,19.88,19.5,19.87,129454.94,255131.944,0.006732
2015-11-17,19.95,20.45,19.88,19.9,162264.42,327480.443,0.008438
2015-11-18,19.98,20.51,19.91,20.11,165842.99,335228.597,0.008624
2015-11-19,20.02,20.29,19.82,20.28,107648.35,215887.676,0.005598
2015-11-20,20.29,20.33,20.06,20.17,95681.98,192936.111,0.0049759999999999995
2015-11-23,20.14,20.26,19.86,19.9,120006.12,240156.854,0.006241
2015-11-24,19.82,19.97,19.52,19.8,121044.75,238058.029,0.006294999999999999
2015-11-25,19.75,20.05,19.61,20.02,122652.72,243904.373,0.006378
2015-11-26,20.08,20.15,19.85,19.87,104741.95,209211.964,0.005447
2015-11-27,19.8,19.8,18.71,18.83,164246.85,317107.709,0.008541
2015-11-30,18.94,19.19,18.31,18.66,247613.72,462634.111,0.012877000000000001
2015-12-01,18.63,18.88,18.43,18.75,169761.38,315348.082,0.008828
2015-12-02,18.7,19.45,18.59,19.35,157298.33,299474.891,0.00818
2015-12-03,19.3,19.51,19.12,19.43,92936.0,179670.502,0.0048330000000000005
2015-12-04,19.3,19.33,18.93,18.97,99357.73,189868.451,0.005167000000000001
2015-12-07,18.98,19.4,18.91,19.22,92818.28,178283.028,0.0048270000000000006
2015-12-08,18.98,19.01,18.42,18.49,148170.48,278038.133,0.007705
2015-12-09,18.39,18.87,18.38,18.61,120137.49,224295.871,0.006248
2015-12-10,18.58,18.78,18.52,18.65,79141.29,147568.401,0.004116
2015-12-11,18.65,18.65,18.32,18.54,79708.29,147062.92,0.004144999999999999
2015-12-14,18.47,18.86,18.34,18.82,141670.27,263636.234,0.007367
2015-12-15,18.81,18.94,18.62,18.75,128613.46,241496.028,0.0066879999999999995
2015-12-16,18.79,18.92,18.64,18.67,107108.55,201248.468,0.00557
2015-12-17,18.77,19.09,18.76,19.04,159161.08,301745.184,0.008277
2015-12-18,18.98,19.31,18.91,19.24,172213.31,330469.216,0.008955999999999999
2015-12-21,19.19,20.27,19.12,20.05,357273.73,713001.59,0.01858
2015-12-22,20.05,20.23,19.73,19.96,121148.75,241652.373,0.0063
2015-12-23,20.0,20.46,19.98,20.08,185790.78,375221.145,0.009661999999999999
2015-12-24,20.0,20.17,19.52,19.7,93857.24,185319.994,0.004881
2015-12-25,19.83,19.89,19.69,19.86,63790.54,126233.65,0.003317
2015-12-28,19.93,19.98,19.3,19.32,118292.5,233070.289,0.0061519999999999995
2015-12-29,19.35,19.59,19.21,19.54,76033.14,147328.875,0.003954
2015-12-30,19.58,19.83,19.54,19.75,79920.93,157513.943,0.004156
2015-12-31,19.83,20.17,19.77,19.91,147067.7,294676.621,0.007648
2016-01-04,20.02,20.08,18.3,18.32,119790.93,231530.077,0.00623
2016-01-05,18.01,18.85,17.8,18.78,246552.52,451743.136,0.012822
2016-01-06,18.61,18.96,18.5,18.93,109645.64,205620.594,0.0057020000000000005
2016-01-07,18.65,18.65,17.91,18.0,36733.91,66565.599,0.00191
2016-01-08,18.34,18.58,17.68,18.25,151449.23,277278.893,0.007876
2016-01-11,18.0,18.29,16.8,16.85,134308.69,237046.236,0.006985
2016-01-12,17.09,17.33,16.81,17.04,80345.06,137570.636,0.004178
2016-01-13,17.2,17.3,16.19,16.37,133270.6,223009.304,0.0069310000000000005
2016-01-14,16.0,16.8,15.89,16.75,154843.38,253352.164,0.008052
2016-01-15,16.68,16.7,16.05,16.24,84581.04,138522.825,0.004399
2016-01-18,16.0,16.55,15.86,16.45,68537.91,111787.449,0.003564
2016-01-19,16.42,16.98,16.35,16.95,83061.76,138792.704,0.00432
2016-01-20,16.95,17.09,16.51,16.69,89485.58,150507.323,0.004654
2016-01-21,16.57,16.95,16.34,16.35,78323.56,130457.807,0.004073
2016-01-22,16.52,16.75,16.1,16.59,67739.56,111749.055,0.003523
2016-01-25,16.65,16.8,16.25,16.48,64755.33,107223.216,0.003368
2016-01-26,16.3,16.37,15.1,15.29,114485.13,180443.535,0.005954
2016-01-27,15.31,15.48,14.66,15.33,110536.69,166279.474,0.005748
2016-01-28,15.11,15.76,14.87,15.2,104186.02,159148.776,0.005417999999999999
2016-01-29,15.1,15.69,15.1,15.62,104852.23,161830.3,0.005453
2016-02-01,15.54,15.59,15.0,15.21,77395.14,118131.788,0.004025
2016-02-02,15.21,15.62,15.16,15.51,85785.0,132655.535,0.004461
2016-02-03,15.33,15.42,15.12,15.33,49629.57,75755.777,0.002581
2016-02-04,15.35,15.67,15.35,15.56,69320.32,107626.571,0.0036049999999999997
2016-02-05,15.54,15.85,15.51,15.69,94194.84,147975.936,0.0048980000000000004
2016-02-15,15.35,16.11,15.25,15.94,69358.27,108729.715,0.0036070000000000004
2016-02-16,15.96,16.57,15.96,16.44,122963.97,200513.955,0.006395
2016-02-17,16.35,16.5,16.13,16.42,67311.32,109901.213,0.0034999999999999996
2016-02-18,16.46,16.62,16.13,16.2,123411.62,201824.421,0.006418
2016-02-19,16.2,16.3,16.13,16.27,61322.92,99549.379,0.003189
2016-02-22,16.42,16.64,16.37,16.55,91727.49,151359.369,0.00477
2016-02-23,16.52,16.55,16.12,16.28,60571.32,98998.362,0.00315
2016-02-24,16.25,16.59,16.16,16.57,84981.82,139585.428,0.004419
2016-02-25,16.55,16.55,15.21,15.5,90355.78,143860.859,0.004699
2016-02-26,15.62,15.73,15.4,15.51,69274.29,108043.72,0.0036030000000000003
2016-02-29,15.6,15.6,14.61,15.15,103789.02,154200.598,0.005397
2016-03-01,15.1,15.35,14.75,15.29,86634.21,130678.158,0.004505
2016-03-02,15.34,15.91,15.21,15.88,105714.92,165255.178,0.005497999999999999
2016-03-03,15.87,16.07,15.71,16.03,104409.61,166317.415,0.005430000000000001
2016-03-04,15.99,16.36,15.88,16.26,197475.87,320288.117,0.01027
2016-03-07,16.4,16.47,16.03,16.21,70923.64,115338.084,0.0036880000000000003
2016-03-08,16.22,16.22,15.66,16.14,57063.51,91009.954,0.002968
2016-03-09,15.9,16.2,15.7,16.18,61550.69,97840.349,0.003201
2016-03-10,15.99,16.12,15.8,15.8,40151.22,64028.567,0.002088
2016-03-11,15.72,15.87,15.6,15.81,29233.67,46030.348,0.0015199999999999999
2016-03-14,15.96,16.3,15.8,16.13,79342.14,128266.292,0.004126
2016-03-15,16.1,16.29,15.7,16.26,99650.57,159638.638,0.005182
2016-03-16,16.17,16.47,16.08,16.4,140541.06,229680.114,0.0073089999999999995
2016-03-17,16.35,16.68,16.35,16.57,80408.5,132954.865,0.004182
2016-03-18,16.56,16.92,16.56,16.74,126611.88,212241.463,0.006584
2016-03-21,16.9,16.96,16.75,16.82,117140.8,197408.852,0.006091999999999999
2016-03-22,16.82,16.88,16.76,16.78,61912.3,104113.988,0.00322
2016-03-23,16.74,16.84,16.55,16.71,72022.26,120202.811,0.003745
2016-03-24,16.7,16.85,16.48,16.49,85204.22,141629.633,0.004431
2016-03-25,16.47,16.66,16.4,16.57,50585.15,83692.652,0.002631
2016-03-28,16.68,17.06,16.65,16.81,143231.79,242303.453,0.007449
2016-03-29,16.75,16.96,16.65,16.8,87841.52,147542.093,0.004568
2016-03-30,16.98,17.29,16.85,17.28,133986.14,229452.42,0.006967999999999999
2016-03-31,17.33,17.35,17.06,17.13,64448.7,110666.156,0.003352
2016-04-01,17.08,17.23,16.73,17.21,77780.88,132258.663,0.004045
2016-04-05,17.15,17.4,17.05,17.34,79445.79,137203.762,0.004131
2016-04-06,17.25,17.36,17.0,17.22,69982.07,120560.22,0.003639
2016-04-07,17.25,17.63,17.25,17.29,118655.88,207151.984,0.006170999999999999
2016-04-08,17.2,17.3,17.0,17.12,66424.82,113836.391,0.003454
2016-04-11,17.25,18.08,17.25,17.93,185325.63,328719.311,0.009638
2016-04-12,17.93,17.98,17.71,17.8,55378.02,98701.051,0.0028799999999999997
2016-04-13,17.8,18.2,17.8,17.93,80922.65,146232.986,0.004208
2016-04-14,17.95,18.09,17.8,17.98,34116.98,61185.411,0.001774
2016-04-15,18.03,18.09,17.78,17.97,50384.55,90426.494,0.00262
2016-04-18,17.95,17.95,17.47,17.53,56785.71,99935.075,0.002953
2016-04-19,17.63,17.73,17.37,17.57,48462.26,85100.297,0.00252
2016-04-20,17.57,17.65,16.83,17.43,113488.17,194435.257,0.005901999999999999
2016-04-21,17.2,17.39,17.0,17.06,37238.11,64132.505,0.0019370000000000001
2016-04-22,17.0,17.11,16.91,17.05,29184.39,49662.039,0.0015179999999999998
2016-04-25,17.03,17.07,16.71,16.99,31040.2,52465.051,0.001614
2016-04-26,17.0,17.22,16.99,17.18,33815.14,57798.383,0.001759
2016-04-27,17.23,17.34,17.14,17.24,43924.3,75629.884,0.002284
2016-04-28,17.26,17.26,16.88,17.03,39693.12,67560.221,0.002064
2016-04-29,17.1,18.18,17.06,18.1,164705.47,293708.325,0.008565
2016-05-03,17.9,18.85,17.87,18.35,183648.9,339736.668,0.00955
2016-05-04,18.22,18.92,18.22,18.87,178005.56,333581.054,0.009257
2016-05-05,18.65,18.92,18.41,18.51,98979.26,184402.156,0.0051470000000000005
2016-05-06,18.6,18.64,18.11,18.12,99813.53,183231.45,0.005191
2016-05-09,18.04,18.39,17.76,17.91,113540.17,204481.162,0.0059050000000000005
2016-05-10,17.88,18.35,17.72,17.9,143802.24,259432.365,0.007478
2016-05-11,17.98,19.18,17.98,18.86,229276.64,429856.066,0.011923
2016-05-12,18.66,19.07,18.46,19.03,122797.21,229844.339,0.006385999999999999
2016-05-13,18.9,19.44,18.55,18.64,131525.12,249810.997,0.006840000000000001
2016-05-16,18.5,19.15,18.45,18.84,125717.41,238072.204,0.006538
2016-05-17,18.91,19.0,18.58,18.96,85589.15,160794.975,0.004451
2016-05-18,18.72,18.88,18.41,18.81,80094.19,149320.242,0.004164999999999999
2016-05-19,18.72,19.0,18.4,18.42,69871.31,130984.509,0.003634
2016-05-20,18.3,18.58,18.21,18.5,49766.55,91742.718,0.0025879999999999996
2016-05-23,18.54,18.95,18.48,18.64,63523.53,118657.235,0.003303
2016-05-24,18.69,18.79,18.4,18.77,48337.66,89679.385,0.002514
2016-05-25,18.77,18.95,18.17,18.19,96130.15,178209.98,0.004999
2016-05-26,18.11,18.33,17.5,18.06,78012.61,139463.415,0.004057
2016-05-27,17.99,18.02,17.72,17.9,74338.12,132526.758,0.003866
2016-05-30,17.81,18.13,17.7,17.92,41293.34,74080.911,0.002147
2016-05-31,17.96,18.46,17.96,18.43,88810.87,162808.383,0.004619
2016-06-01,18.44,18.55,18.13,18.21,114871.33,210077.336,0.005974
2016-06-02,18.22,18.28,18.01,18.12,67719.41,122809.291,0.003522
2016-06-03,18.12,18.96,18.06,18.84,151518.56,281292.976,0.00788
2016-06-06,18.8,18.82,18.51,18.68,71484.57,133153.582,0.003717
2016-06-07,18.67,18.69,18.4,18.56,59591.54,110344.76,0.003099
2016-06-08,18.4,18.57,18.28,18.4,65281.31,120048.521,0.0033950000000000004
2016-06-13,18.21,18.21,17.75,17.76,60465.58,108889.772,0.003144
2016-06-14,17.74,17.86,17.58,17.8,46302.89,82103.228,0.002408
2016-06-15,17.64,18.18,17.64,18.02,50965.89,91733.6,0.00265
2016-06-16,18.01,18.02,17.7,17.78,69546.38,123810.047,0.0036170000000000004
2016-06-17,17.79,18.07,17.77,17.88,61741.31,110882.509,0.003211
2016-06-20,17.88,17.93,17.65,17.68,65936.02,116763.037,0.0034289999999999998
2016-06-21,17.79,17.87,17.51,17.54,81425.46,144010.142,0.004234
2016-06-22,17.55,17.79,17.37,17.75,84246.79,148087.711,0.0043809999999999995
2016-06-23,17.74,17.9,17.66,17.73,48029.58,85372.649,0.002498
2016-06-24,17.74,17.8,17.2,17.45,56262.51,98479.535,0.002926
2016-06-27,17.35,17.65,17.32,17.63,63500.14,111550.348,0.003302
2016-06-28,17.53,18.0,17.47,17.92,86384.48,154014.481,0.0044919999999999995
2016-06-29,17.89,18.12,17.82,17.88,60993.64,109608.156,0.003172
2016-06-30,17.94,18.18,17.9,18.05,57248.14,103456.506,0.002977
2016-07-01,18.14,18.26,17.94,17.98,48323.57,87432.432,0.002513
2016-07-04,17.94,18.35,17.88,18.32,81522.74,148744.07,0.004239
2016-07-05,18.3,18.37,18.19,18.3,54916.63,100470.579,0.002856
2016-07-06,18.24,18.41,18.07,18.29,74299.17,135556.111,0.0038640000000000002
2016-07-07,18.28,18.65,18.28,18.34,100146.53,184857.377,0.005208000000000001
2016-07-08,18.45,18.45,18.11,18.22,53992.06,98619.647,0.0028079999999999997
2016-07-11,18.32,18.78,18.26,18.52,91277.09,169490.093,0.004747
2016-07-12,18.54,19.1,18.52,19.1,181372.48,343189.36,0.009432000000000001
2016-07-13,19.3,19.77,19.03,19.23,169988.42,329901.541,0.00884
2016-07-14,19.4,19.5,19.09,19.35,66816.71,128821.594,0.003475
2016-07-15,19.33,19.7,19.28,19.54,84462.7,164519.633,0.004392
2016-07-18,19.55,19.95,19.5,19.55,84207.6,166009.868,0.004379
2016-07-19,19.3,19.32,18.75,19.08,71813.71,136175.066,0.003735
2016-07-20,19.06,19.75,19.06,19.36,75606.76,147371.398,0.003932
2016-07-21,19.54,20.15,19.4,19.9,201383.14,401822.759,0.010473
2016-07-22,19.75,19.79,19.48,19.53,107986.44,211993.635,0.0056159999999999995
2016-07-25,19.43,19.72,19.23,19.26,76994.81,149574.48,0.004004
2016-07-26,19.26,19.98,19.26,19.96,104702.03,205328.803,0.005445
2016-07-27,19.9,20.76,19.77,20.31,321145.83,650489.846,0.016701
2016-07-28,20.12,21.42,19.84,20.76,249818.62,520992.805,0.012991999999999998
2016-07-29,20.77,21.0,20.31,20.41,143166.71,295689.959,0.007445
2016-08-01,20.35,20.4,19.59,19.85,138012.25,273790.654,0.007177
2016-08-02,19.93,20.05,19.63,19.99,127580.3,252513.747,0.006634999999999999
2016-08-03,19.9,20.7,19.85,20.37,193753.27,395324.297,0.010076
2016-08-04,20.3,20.66,19.86,19.99,144448.72,290712.372,0.007512
2016-08-05,20.08,20.09,19.75,19.81,91883.81,182619.93,0.004778
2016-08-08,19.81,20.04,19.54,20.0,109993.17,217075.783,0.005719999999999999
2016-08-09,19.93,20.04,19.8,19.91,107966.57,214729.586,0.005615
2016-08-10,19.91,20.24,19.72,19.76,108894.47,217273.789,0.0056630000000000005
2016-08-11,19.71,19.83,19.45,19.48,106898.41,209270.286,0.005559
2016-08-12,19.53,19.8,19.41,19.67,127425.68,249050.139,0.006626999999999999
2016-08-15,19.77,20.3,19.63,20.01,204414.47,407555.458,0.010629999999999999
2016-08-16,20.08,20.47,19.84,19.88,321426.88,644052.101,0.016715
2016-08-17,19.88,19.97,19.77,19.81,168560.63,334649.982,0.008766000000000001
2016-08-18,19.84,19.88,19.54,19.7,163253.38,321867.638,0.00849
2016-08-19,19.69,19.8,19.51,19.57,139842.24,274443.797,0.007272
2016-08-22,19.68,19.72,19.49,19.55,126109.29,246814.198,0.0065580000000000005
2016-08-23,19.6,20.05,19.52,19.97,195555.17,388362.518,0.010169999999999998
2016-08-24,20.0,20.28,19.91,20.14,149011.16,300300.423,0.007749000000000001
2016-08-25,20.16,20.28,19.81,20.18,125583.06,252350.964,0.006531
2016-08-26,20.02,20.57,19.9,20.4,177689.6,361121.219,0.009241000000000001
2016-08-29,20.44,20.94,20.1,20.74,177028.18,362535.771,0.009205999999999999
2016-08-30,20.52,20.58,20.08,20.16,176899.48,358337.844,0.009199
2016-08-31,20.1,20.36,20.07,20.26,88438.03,178706.596,0.004599
2016-09-01,20.18,20.19,19.9,19.91,107575.78,215829.038,0.005594
2016-09-02,19.9,20.48,19.82,20.48,179747.86,363824.711,0.009348
2016-09-05,20.48,20.85,20.38,20.45,148147.52,305489.751,0.007704
2016-09-06,20.48,21.05,20.36,20.84,174153.15,361773.384,0.009056999999999999
2016-09-07,20.8,21.1,20.61,20.79,120461.47,251679.419,0.006264
2016-09-08,20.75,21.01,20.58,20.62,110606.71,229737.201,0.005752
2016-09-09,20.65,20.9,20.46,20.5,138761.47,286941.378,0.007216
2016-09-12,20.16,20.45,19.88,20.43,175741.82,353490.38,0.009139000000000001
2016-09-13,20.37,20.52,20.2,20.32,88278.9,180064.002,0.0045910000000000005
2016-09-14,20.24,20.24,19.8,19.94,108352.3,216547.001,0.005635
2016-09-19,19.91,20.03,19.78,19.94,81704.75,162593.883,0.004249
2016-09-20,19.89,20.01,19.71,19.97,105237.27,208704.328,0.0054730000000000004
2016-09-21,19.92,20.0,19.74,19.93,71264.22,141712.303,0.0037059999999999997
2016-09-22,19.99,20.35,19.85,19.87,93545.65,187657.993,0.0048649999999999995
2016-09-23,19.88,19.98,19.84,19.94,55054.49,109566.722,0.002863
2016-09-26,19.9,19.92,19.26,19.37,98653.22,193826.476,0.00513
2016-09-27,19.33,19.5,19.1,19.37,75674.33,145834.743,0.003935
2016-09-28,19.44,19.58,19.26,19.38,51840.18,100718.779,0.002696
2016-09-29,19.44,19.65,19.35,19.58,48690.4,95140.768,0.002532
2016-09-30,19.5,19.77,19.48,19.73,50574.61,99338.881,0.00263
2016-10-10,19.83,20.06,19.8,20.0,89617.98,179102.946,0.00466
2016-10-11,19.95,20.07,19.81,19.89,66939.27,133457.823,0.003481
2016-10-12,19.89,19.96,19.78,19.92,62247.25,123708.01,0.003237
2016-10-13,19.91,20.25,19.85,20.0,115078.01,231326.29,0.005984000000000001
2016-10-14,20.02,20.18,19.96,20.17,61503.03,123348.63,0.003198
2016-10-17,20.18,20.2,19.5,19.64,111737.76,222060.793,0.005810999999999999
2016-10-18,19.66,19.98,19.58,19.92,90027.43,178485.362,0.004682
2016-10-19,19.9,20.04,19.9,19.97,70875.07,141606.699,0.003686
2016-10-20,19.94,20.0,19.78,19.85,55465.72,110200.592,0.002884
2016-10-21,19.85,19.95,19.74,19.92,51508.54,102309.23,0.0026790000000000004
2016-10-24,19.92,20.3,19.85,20.09,117637.52,235820.162,0.006118
2016-10-25,20.1,20.15,19.86,20.07,80209.21,160301.97,0.004171
2016-10-26,20.0,20.1,19.88,20.02,79023.39,157848.907,0.00411
2016-10-27,19.96,20.03,19.8,19.89,43563.52,86630.354,0.002265
2016-10-28,19.87,19.97,19.68,19.69,77395.23,152972.076,0.004025
2016-10-31,19.6,19.92,19.43,19.81,101757.32,200993.188,0.005292
2016-11-01,19.82,19.91,19.7,19.88,79223.83,156911.676,0.0041199999999999995
2016-11-02,19.85,20.24,19.7,20.15,199914.0,401801.288,0.010396
2016-11-03,20.18,20.24,19.95,20.16,115882.1,233343.73,0.006026
2016-11-04,20.15,20.64,20.1,20.51,238395.19,487987.077,0.012397
2016-11-07,20.64,20.66,20.36,20.47,94072.74,192663.71,0.0048920000000000005
2016-11-08,20.52,20.63,20.42,20.59,96957.81,199040.178,0.005042
2016-11-09,20.6,20.6,20.09,20.21,120417.12,244740.606,0.006262
2016-11-10,20.42,20.48,20.19,20.29,138599.46,281023.466,0.007208
2016-11-11,20.27,20.28,19.97,20.18,176695.01,354075.839,0.009189000000000001
2016-11-14,20.14,20.24,20.07,20.13,112064.99,225478.239,0.005828
2016-11-15,20.16,20.3,20.07,20.25,73752.21,148919.708,0.003835
2016-11-16,20.28,20.28,20.1,20.21,65983.65,133183.248,0.003431
2016-11-17,20.21,20.41,20.08,20.35,89411.05,181046.908,0.0046500000000000005
2016-11-18,20.34,20.35,20.18,20.2,58415.77,118488.568,0.0030380000000000003
2016-11-21,20.21,20.42,20.01,20.11,116870.93,236367.9,0.006078
2016-11-22,20.11,20.19,19.96,20.05,152302.64,305654.079,0.00792
2016-11-23,20.03,20.22,19.98,20.12,104879.58,210708.976,0.005454
2016-11-24,20.13,20.38,20.02,20.31,123116.14,249321.087,0.006403
2016-11-25,20.3,20.5,20.26,20.39,103717.07,211438.576,0.0053939999999999995
2016-11-28,20.47,20.5,20.22,20.32,178707.93,363664.871,0.009293000000000001
2016-11-29,20.28,20.96,20.21,20.45,338617.18,696897.63,0.017609
2016-11-30,20.42,20.57,20.18,20.28,91682.83,186198.746,0.004768
2016-12-01,20.28,20.45,20.22,20.35,149546.49,303460.815,0.007776999999999999
2016-12-02,20.24,20.25,20.03,20.12,111030.8,223470.369,0.0057740000000000005
2016-12-05,20.0,20.18,19.9,20.12,102145.23,204697.659,0.005312
2016-12-06,20.12,20.22,20.02,20.1,50081.29,100800.87,0.0026040000000000004
2016-12-07,20.1,20.19,19.96,20.16,55702.54,111889.83,0.0028970000000000003
2016-12-08,20.13,20.24,20.03,20.05,48557.88,97826.787,0.002525
2016-12-09,20.01,20.27,19.96,20.13,121809.7,244806.86,0.0063349999999999995
2016-12-12,20.1,20.16,19.55,19.93,182985.72,362667.2,0.009516
2016-12-13,19.8,19.89,19.55,19.72,54491.93,107583.317,0.0028339999999999997
2016-12-14,19.72,19.88,19.5,19.53,51114.05,100563.876,0.0026579999999999998
2016-12-15,19.5,19.59,18.9,19.08,102741.93,197339.664,0.005343
2016-12-16,19.06,19.2,18.91,19.14,49308.61,94129.145,0.0025640000000000003
2016-12-19,19.14,19.51,19.02,19.36,69648.12,134543.169,0.0036220000000000002
2016-12-20,19.32,19.39,19.01,19.18,54041.37,103669.194,0.0028100000000000004
2016-12-21,19.19,19.45,19.19,19.37,40205.43,77850.949,0.002091
2016-12-22,19.38,19.64,19.35,19.54,69520.45,136021.07,0.0036149999999999997
2016-12-23,19.46,19.6,19.39,19.5,49771.54,96977.892,0.0025879999999999996
2016-12-26,19.49,19.5,19.14,19.49,47029.06,90854.004,0.0024460000000000003
2016-12-27,19.47,19.7,19.32,19.54,36616.72,71643.435,0.001904
2016-12-28,19.53,19.67,19.49,19.6,42032.85,82349.664,0.002186
2016-12-29,19.59,19.59,19.35,19.37,40563.12,78980.404,0.002109
2016-12-30,19.45,19.58,19.38,19.56,34727.77,67621.572,0.001806
2017-01-03,19.57,19.98,19.5,19.86,89832.35,178070.062,0.004672
2017-01-04,19.88,19.96,19.78,19.92,35685.4,71068.029,0.0018559999999999998
2017-01-05,19.95,20.14,19.83,19.95,66160.56,132138.539,0.003441
2017-01-06,19.99,20.07,19.83,19.99,50785.59,101475.127,0.002641
2017-01-09,20.3,20.62,20.22,20.41,183460.2,375709.822,0.009541
2017-01-10,20.43,20.93,20.38,20.46,143650.25,297100.19,0.00747
2017-01-11,20.41,20.69,20.35,20.44,84669.79,173587.767,0.004403000000000001
2017-01-12,20.43,20.77,20.2,20.21,91219.85,186053.751,0.004744
2017-01-13,20.2,20.42,20.05,20.33,118803.73,240024.328,0.006178
2017-01-16,20.28,20.76,20.0,20.7,193859.91,395444.302,0.010081
2017-01-17,20.67,20.8,20.4,20.68,90482.92,187043.57,0.004705
2017-01-18,20.7,21.25,20.6,21.12,171167.13,360060.592,0.008901
2017-01-19,21.36,21.47,20.88,20.92,149817.18,317553.747,0.007791
2017-01-20,21.08,21.68,21.0,21.6,155816.09,335145.761,0.008103
2017-01-23,21.47,21.85,21.22,21.5,136303.89,293481.057,0.007088
2017-01-24,21.38,21.49,21.04,21.17,91578.01,194562.036,0.004762
2017-01-25,21.16,22.0,21.07,21.9,174710.0,379093.12,0.009086
2017-01-26,21.92,22.02,21.63,21.91,124199.92,270837.073,0.006459
2017-02-03,21.91,21.91,21.52,21.76,73283.81,158985.885,0.003811
2017-02-06,21.76,22.2,21.64,21.67,148873.97,325488.995,0.007742
2017-02-07,21.67,21.87,21.53,21.7,105091.66,227927.155,0.005465
2017-02-08,21.61,21.68,21.23,21.5,161778.84,346513.537,0.008413
2017-02-09,21.47,21.5,21.08,21.23,240309.37,510214.498,0.012497000000000001
2017-02-10,21.28,21.4,21.13,21.26,163905.15,348115.322,0.008524
2017-02-13,21.25,21.51,21.23,21.36,154934.46,330952.782,0.008057
2017-02-14,21.39,21.57,21.34,21.43,118140.18,253455.528,0.006143999999999999
2017-02-15,21.43,21.48,21.16,21.19,138218.76,294500.239,0.007188
2017-02-16,21.19,21.28,21.01,21.1,124153.75,262336.369,0.006456
2017-02-17,21.14,21.35,20.95,20.97,126708.85,268036.809,0.006589
2017-02-20,21.04,21.64,21.0,21.62,194039.06,415648.985,0.010091000000000001
2017-02-21,21.63,21.85,21.41,21.5,140269.34,302860.304,0.007295
2017-02-22,21.56,21.82,21.41,21.68,131569.47,285171.997,0.006842
2017-02-23,21.64,22.28,21.6,22.19,215172.33,473222.711,0.01119
2017-02-24,22.21,22.27,21.73,22.01,147219.25,323439.504,0.007656
2017-02-27,22.01,22.15,21.72,21.73,105603.73,230698.829,0.005492
2017-02-28,21.72,21.78,21.35,21.68,135306.53,291881.236,0.007036
2017-03-01,21.62,21.78,21.53,21.69,108184.73,234756.357,0.005626
2017-03-02,21.71,21.73,21.48,21.55,56889.91,122816.8,0.002958
2017-03-03,21.49,21.49,21.23,21.35,61931.33,132137.385,0.003221
2017-03-06,21.35,21.46,21.24,21.4,83071.66,177077.831,0.00432
2017-03-07,21.37,21.68,21.28,21.61,81309.47,175239.026,0.004228
2017-03-08,21.61,21.76,21.54,21.62,68675.24,148708.983,0.0035709999999999995
2017-03-09,21.68,21.73,21.31,21.45,57183.61,122848.492,0.002974
2017-03-10,21.45,21.64,21.19,21.46,63619.15,136315.467,0.0033079999999999997
2017-03-13,21.47,21.68,21.18,21.57,69976.26,150688.553,0.003639
2017-03-14,21.64,21.85,21.55,21.84,86760.95,188299.793,0.0045119999999999995
2017-03-15,21.86,21.94,21.7,21.92,90933.99,198500.632,0.004729
2017-03-16,21.92,21.99,21.72,21.86,95997.84,209401.018,0.004992
2017-03-17,21.84,21.85,21.5,21.63,75561.09,163815.569,0.003929
2017-03-20,21.61,21.75,21.45,21.72,82458.54,177978.864,0.004288
2017-03-21,21.66,22.77,21.63,22.64,263136.67,588506.558,0.013684
2017-03-22,22.3,23.42,22.3,23.0,332530.46,761029.291,0.017293
2017-03-23,23.11,23.55,22.9,23.22,204542.12,474324.735,0.010637
2017-03-24,23.3,23.3,22.83,23.03,142246.56,327369.42,0.007397
2017-03-27,22.99,23.21,22.52,22.64,144599.05,329814.948,0.00752
2017-03-28,22.67,23.07,22.57,23.05,92903.16,211977.509,0.004830999999999999
2017-03-29,23.08,23.22,22.66,23.01,99174.26,228258.656,0.005157
2017-03-30,22.93,23.25,22.68,23.18,112085.94,258516.854,0.005829
2017-03-31,23.07,23.36,22.83,23.31,103333.65,239055.451,0.005374
2017-04-05,23.31,23.9,23.06,23.09,220097.37,515324.892,0.011446000000000001
2017-04-06,23.03,23.23,22.81,23.18,104677.91,240612.868,0.005444
2017-04-07,23.1,23.43,22.85,23.36,83079.69,192757.16,0.00432
2017-04-10,23.31,23.45,22.7,22.73,100432.74,230543.631,0.005223
2017-04-11,22.74,22.95,22.51,22.84,107398.23,244107.009,0.005585
2017-04-12,22.72,23.13,22.64,23.06,82115.53,188320.042,0.0042699999999999995
2017-04-13,23.05,23.38,22.82,23.2,56076.54,130121.272,0.002916
2017-04-14,23.19,23.39,23.0,23.19,52317.58,121168.98,0.002721
2017-04-17,23.1,23.58,22.85,23.5,97017.15,227130.432,0.005044999999999999
2017-04-18,23.5,24.02,23.41,23.75,88185.3,209901.64,0.004586
2017-04-19,23.68,24.04,23.55,23.95,110848.12,264343.79,0.005765
2017-04-20,23.93,24.4,23.76,24.29,132315.92,320259.297,0.006881000000000001
2017-04-21,24.26,24.5,23.93,24.46,108326.14,262026.896,0.005633
2017-04-24,24.28,24.28,23.36,24.2,154312.04,367749.658,0.008025
2017-04-25,23.98,24.06,23.62,23.68,75213.4,179384.23,0.003911
2017-04-26,23.72,24.0,23.41,23.6,94806.78,224161.93,0.00493
2017-04-27,23.62,23.82,23.24,23.75,78314.68,184651.139,0.004073
2017-04-28,23.95,24.2,23.71,23.74,91441.2,218904.674,0.004755
2017-05-02,23.62,24.12,23.54,24.05,75890.49,181414.418,0.003947
2017-05-03,24.01,24.24,23.91,24.19,56278.41,135643.227,0.0029270000000000003
2017-05-04,24.12,24.12,23.71,23.96,69475.72,166159.174,0.003613
2017-05-05,23.8,24.16,23.72,24.0,74606.64,178720.271,0.00388
2017-05-08,23.9,24.19,23.18,24.1,186991.13,446263.202,0.009724
2017-05-09,23.92,23.97,23.16,23.18,126624.84,296939.587,0.006585
2017-05-10,23.22,23.53,23.02,23.11,96024.58,222927.359,0.004994
2017-05-11,23.0,23.53,22.87,23.39,71236.6,165913.443,0.003705
2017-05-12,23.37,23.69,23.23,23.66,45275.77,106786.607,0.002355
2017-05-15,23.69,24.48,23.66,24.44,105669.09,255515.801,0.005495
2017-05-16,24.46,25.27,24.05,25.2,170240.66,422025.433,0.008853
2017-05-17,25.18,25.49,24.87,24.88,78143.57,196392.898,0.004064
2017-05-18,24.88,25.16,24.61,24.97,59531.1,148241.047,0.003096
2017-05-19,24.97,25.55,24.78,25.35,66629.48,168514.515,0.0034649999999999998
2017-05-22,25.36,25.44,24.69,25.31,106207.45,266106.772,0.005523
2017-05-23,25.14,25.68,24.88,25.66,127688.48,323705.669,0.00664
2017-05-24,25.49,25.57,25.0,25.49,87252.8,220281.995,0.004537
2017-05-25,25.35,25.8,25.21,25.48,60919.64,155273.88,0.0031680000000000002
2017-05-26,25.48,25.61,24.94,25.19,81520.18,205743.079,0.004239
2017-05-31,25.21,25.6,24.91,25.57,118743.13,299819.356,0.006175000000000001
2017-06-01,25.44,26.05,25.2,25.95,163369.94,421053.449,0.008496
2017-06-02,25.86,26.23,25.34,25.41,102242.14,263925.882,0.005317
2017-06-05,25.38,25.5,24.95,25.41,103121.73,260404.997,0.005363
2017-06-06,25.41,25.41,24.96,25.27,90068.32,226340.331,0.004684
2017-06-07,25.25,26.31,25.23,25.8,143350.63,370905.462,0.007455000000000001
2017-06-08,25.8,26.48,25.76,26.14,134461.57,352452.574,0.006993
2017-06-09,26.18,26.75,26.15,26.67,172357.65,458113.164,0.008963
2017-06-12,26.66,27.3,26.6,26.94,114788.29,310829.812,0.0059689999999999995
2017-06-13,26.89,27.24,26.79,26.94,73980.5,198934.335,0.0038469999999999997
2017-06-14,26.86,27.05,26.38,26.47,83065.51,221870.644,0.00432
2017-06-15,26.43,26.75,25.89,26.03,96255.2,251346.457,0.005006
2017-06-16,26.03,26.19,25.9,26.09,45332.78,118142.231,0.0023569999999999997
2017-06-19,26.08,26.64,26.07,26.62,63922.37,168669.807,0.0033239999999999997
2017-06-20,26.61,26.65,26.1,26.23,69395.89,182174.072,0.003609
2017-06-21,26.3,26.96,26.1,26.89,88595.06,234552.258,0.004607
2017-06-22,26.95,27.06,26.53,26.93,157357.4,422082.85,0.008183000000000001
2017-06-23,26.58,27.46,26.52,27.34,115646.61,312079.441,0.006014
2017-06-26,27.3,28.11,27.2,27.81,181071.83,505110.777,0.009416
2017-06-27,27.81,28.36,27.81,28.29,144415.76,405089.26,0.00751
2017-06-28,28.27,28.27,27.8,27.88,69527.39,194475.858,0.003616
2017-06-29,27.82,28.72,27.62,28.66,130575.71,368287.027,0.006790000000000001
2017-06-30,28.57,29.25,28.36,28.88,91977.68,266126.237,0.004783
2017-07-03,28.93,28.94,27.82,28.05,176469.44,496606.865,0.009177
2017-07-04,28.08,28.38,27.3,28.18,150923.79,419430.505,0.007849
2017-07-05,27.95,28.98,27.88,28.73,119722.46,341373.544,0.006226000000000001
2017-07-06,28.84,29.16,28.06,28.59,105578.41,300700.989,0.00549
2017-07-07,28.46,28.46,27.6,28.07,120389.85,336763.083,0.006261
2017-07-10,27.9,27.9,26.83,27.47,171012.05,466917.395,0.008893
2017-07-11,27.3,28.07,27.01,27.68,108781.28,300074.963,0.005657
2017-07-12,27.55,27.65,26.86,27.14,129049.17,349544.861,0.006711
2017-07-13,27.09,27.43,26.97,27.2,77942.71,212378.335,0.004053
2017-07-14,26.89,27.17,26.68,27.09,66453.07,178796.415,0.0034560000000000003
2017-07-17,26.97,27.0,25.7,26.99,104210.37,276322.646,0.005419
2017-07-18,26.82,27.2,26.0,26.36,100878.83,266609.157,0.005246
2017-07-19,26.25,26.81,26.21,26.6,68821.12,182819.172,0.003579
2017-07-20,26.62,27.18,26.41,27.05,81318.47,218939.056,0.004229
2017-07-21,26.99,27.13,26.68,26.79,58392.33,156737.348,0.003037
2017-07-24,26.8,26.97,26.05,26.38,110671.0,292624.91,0.005755
2017-07-25,26.3,26.74,26.28,26.46,56547.96,149871.61,0.0029409999999999996
2017-07-26,26.46,26.58,25.85,26.08,121719.83,317533.756,0.00633
2017-07-27,26.08,26.08,24.51,25.32,233062.26,582593.502,0.012119999999999999
2017-07-28,25.02,25.32,24.78,25.03,120952.21,302404.387,0.0062900000000000005
2017-07-31,25.04,25.14,24.8,24.96,86794.4,216353.964,0.004514000000000001
2017-08-01,24.95,25.08,24.52,24.95,144814.63,359735.81,0.0075309999999999995
2017-08-02,24.94,25.04,24.79,24.82,68351.31,170198.686,0.003555
2017-08-03,24.82,25.06,24.75,24.88,94595.4,235692.538,0.004919
2017-08-04,24.93,25.45,24.85,25.34,112305.97,282672.546,0.00584
2017-08-07,25.22,25.23,24.93,25.19,68300.57,171319.362,0.003552
2017-08-08,25.19,25.56,25.1,25.47,93767.75,237905.826,0.004876
2017-08-09,25.36,26.05,25.08,26.0,108148.36,279045.649,0.0056240000000000005
2017-08-10,26.01,26.28,25.53,26.0,130668.63,339474.22,0.006795
2017-08-11,25.91,26.16,25.7,26.13,113961.95,296137.548,0.005926
2017-08-14,26.0,26.27,25.84,25.94,90991.35,236774.882,0.004732
2017-08-15,25.97,26.03,24.97,25.13,167250.82,422480.872,0.008698000000000001
2017-08-16,25.09,25.2,24.9,25.02,76576.21,191843.817,0.003982
2017-08-17,25.11,25.25,25.02,25.19,63943.23,160870.841,0.0033250000000000003
2017-08-18,25.14,25.25,25.01,25.13,66637.03,167255.481,0.0034649999999999998
2017-08-21,25.11,25.37,25.04,25.31,69074.2,174274.121,0.003592
2017-08-22,25.31,25.46,25.18,25.31,50106.8,126881.778,0.002606
2017-08-23,25.3,25.33,25.02,25.04,45020.39,113068.876,0.002341
2017-08-24,25.01,25.14,24.14,24.3,164041.82,402133.905,0.008531
2017-08-25,24.26,24.58,24.21,24.49,72909.74,178237.974,0.003792
2017-08-28,24.54,24.86,24.31,24.63,117819.64,289344.354,0.0061270000000000005
2017-08-29,24.63,24.63,23.2,23.28,538009.52,1270313.085,0.027978999999999997
2017-08-30,23.28,23.39,23.04,23.37,215498.27,500810.336,0.011207
2017-08-31,23.36,23.39,22.73,23.3,310600.92,715721.285,0.016152
2017-09-01,23.23,23.58,23.15,23.45,191232.4,447335.876,0.009945
2017-09-04,23.45,23.54,23.25,23.44,110783.92,259165.194,0.005761
2017-09-05,23.47,23.59,23.39,23.49,113264.55,266043.503,0.005889999999999999
2017-09-06,23.46,23.46,23.22,23.35,114224.22,266229.463,0.00594
2017-09-07,23.29,23.5,23.2,23.4,161846.2,378484.587,0.008417000000000001
2017-09-08,23.44,23.54,23.33,23.4,132313.34,309454.912,0.006881000000000001
2017-09-11,23.4,23.56,23.26,23.39,116962.66,273839.282,0.006083
2017-09-12,23.39,23.54,23.34,23.44,131956.15,309439.843,0.006862
2017-09-13,23.45,23.5,23.36,23.47,67001.07,157076.338,0.0034839999999999997
2017-09-14,23.53,23.56,23.39,23.42,105250.92,246844.676,0.0054730000000000004
2017-09-15,23.43,23.46,23.27,23.42,108961.04,254800.793,0.005666
2017-09-18,23.4,23.62,23.31,23.48,133236.1,313391.236,0.006928999999999999
2017-09-19,23.57,23.57,23.19,23.28,135042.88,314514.514,0.007023000000000001
2017-09-20,23.22,23.38,23.14,23.21,94449.67,219372.065,0.004912000000000001
2017-09-21,23.22,23.25,22.96,23.0,119011.44,274469.969,0.006189
2017-09-22,22.95,23.18,22.76,23.16,121762.57,279099.602,0.006332
2017-09-25,23.16,23.92,23.11,23.85,294813.39,698292.182,0.015331
2017-09-26,23.87,23.87,23.58,23.72,106357.3,252067.288,0.005531
2017-09-27,23.68,23.73,23.45,23.57,106268.65,250178.97,0.005526
2017-09-28,23.57,23.66,23.3,23.64,108585.34,254783.209,0.005647
2017-09-29,23.66,23.97,23.47,23.74,140302.59,333984.819,0.007296
2017-10-09,24.0,24.1,23.75,23.91,132617.49,317547.834,0.0068969999999999995
2017-10-10,24.0,24.67,24.0,24.51,265016.68,647774.167,0.013782
2017-10-11,24.58,25.33,24.55,24.93,272861.36,682162.665,0.014190000000000001
2017-10-12,25.01,25.1,24.7,24.95,113074.74,280800.577,0.00588
2017-10-13,25.0,25.16,24.78,24.85,99480.25,248180.07,0.005173
2017-10-16,24.86,25.05,24.35,24.47,134882.14,332717.442,0.007014
2017-10-17,24.44,24.73,24.37,24.5,71058.37,174039.355,0.003695
2017-10-18,24.54,25.18,24.35,25.15,181314.87,451124.976,0.009429
2017-10-19,25.25,25.55,25.0,25.41,195421.02,494882.934,0.010163
2017-10-20,25.23,25.33,24.85,25.13,95159.88,238567.795,0.004949
2017-10-23,25.06,25.95,25.0,25.94,184790.51,473635.759,0.00961
2017-10-24,25.78,26.25,25.65,26.01,182545.72,474610.371,0.009493
2017-10-25,26.0,26.67,25.88,26.56,173891.57,458127.174,0.009043
2017-10-26,26.6,27.09,26.06,26.2,194646.84,516825.028,0.010121999999999999
2017-10-27,26.26,26.5,26.02,26.3,117342.58,307911.868,0.006102
2017-10-30,26.3,26.46,25.68,26.45,181153.85,471498.706,0.009421
2017-10-31,26.19,26.19,24.91,25.0,323637.78,818442.403,0.01683
2017-11-01,25.1,25.25,24.78,25.16,223000.52,557245.025,0.011597
2017-11-02,25.09,25.09,24.26,24.49,262929.13,644517.134,0.013673
2017-11-03,24.45,24.45,23.63,24.23,244912.75,588523.238,0.012736
2017-11-06,24.06,25.09,24.03,24.91,182281.07,448379.67,0.009479
2017-11-07,24.8,25.18,24.27,24.42,197980.95,488250.475,0.010296000000000001
2017-11-08,24.37,24.69,24.13,24.4,110980.12,270685.03,0.005770999999999999
2017-11-09,24.41,24.65,24.26,24.46,100875.33,246634.158,0.005246
2017-11-10,24.45,24.88,24.28,24.81,139830.1,344402.628,0.007272
2017-11-13,24.74,24.74,24.37,24.46,127580.65,312548.845,0.006634999999999999
2017-11-14,24.4,24.61,24.0,24.09,117653.83,285772.063,0.006118
2017-11-15,24.3,24.9,24.28,24.7,234518.94,579066.054,0.012196
2017-11-16,24.75,25.39,24.75,25.34,230491.62,579302.151,0.011986000000000002
2017-11-17,25.4,25.91,24.98,25.88,304507.11,778271.853,0.015836
2017-11-20,25.73,25.89,25.21,25.86,175191.58,447580.367,0.009111000000000001
2017-11-21,25.72,26.4,25.61,26.28,203289.16,532381.805,0.010572
2017-11-22,26.2,26.34,25.31,25.51,181411.25,467350.811,0.009434
2017-11-23,25.43,25.43,24.82,25.09,160997.53,403823.81,0.008372000000000001
2017-11-24,24.96,25.05,24.4,24.97,120726.47,298602.4,0.006278000000000001
2017-11-27,24.8,25.15,24.46,25.01,80727.66,200961.258,0.004198
2017-11-28,24.99,25.0,24.46,24.72,67034.14,165417.615,0.0034860000000000004
2017-11-29,24.74,24.78,24.28,24.43,75990.71,186050.124,0.003952
2017-11-30,24.43,24.43,23.98,24.18,78622.42,189706.285,0.004089
2017-12-01,24.19,24.34,24.02,24.27,57248.48,138604.255,0.002977
2017-12-04,24.26,24.45,24.07,24.32,61011.32,148138.997,0.0031730000000000005
2017-12-05,24.31,25.05,24.27,25.02,151738.82,375777.671,0.007891
2017-12-06,24.97,25.0,24.44,24.69,99620.17,245883.714,0.005181
2017-12-07,24.75,24.85,24.04,24.43,92079.63,223477.815,0.004788
2017-12-08,24.23,24.44,24.13,24.33,94323.15,229102.161,0.004905
2017-12-11,24.33,24.83,24.22,24.8,110635.74,272118.435,0.005753
2017-12-12,24.76,24.83,24.26,24.32,67360.87,164955.682,0.003503
2017-12-13,24.27,24.39,24.15,24.34,51138.15,124069.251,0.0026590000000000003
2017-12-14,24.34,24.57,24.18,24.4,53901.81,131368.938,0.002803
2017-12-15,24.38,24.38,23.96,24.05,83807.92,201900.971,0.004358
2017-12-18,23.85,24.14,23.68,24.12,64673.62,154738.446,0.0033629999999999997
2017-12-19,24.04,24.25,23.91,24.24,43436.9,104838.027,0.0022589999999999997
2017-12-20,24.24,24.32,23.9,24.3,51426.1,124313.008,0.002674
2017-12-21,24.3,24.7,24.01,24.54,98436.88,240100.553,0.005119
2017-12-22,24.47,25.07,24.41,24.82,122045.03,303916.218,0.006347
2017-12-25,24.9,25.02,24.52,24.88,82376.58,203861.696,0.004284
2017-12-26,24.83,24.85,24.38,24.56,71790.67,176214.764,0.003733
2017-12-27,24.51,24.65,24.09,24.15,66875.81,163030.379,0.003478
2017-12-28,24.1,24.28,24.05,24.17,60860.44,146919.163,0.003165
2017-12-29,24.19,24.32,24.08,24.19,48139.21,116305.77,0.002503
2018-01-02,24.28,24.33,23.9,24.31,91714.14,221816.412,0.004769
2018-01-03,24.29,24.75,24.12,24.68,124906.71,306475.84,0.006495999999999999
2018-01-04,24.66,25.15,24.5,25.05,135715.41,338598.6,0.007058
2018-01-05,24.99,25.04,24.74,24.91,89399.16,222610.691,0.0046489999999999995
2018-01-08,24.91,25.2,24.8,24.91,130730.4,326296.439,0.006797999999999999
2018-01-09,24.98,25.56,24.71,25.53,196114.0,495540.404,0.010199
2018-01-10,25.6,25.68,24.9,25.18,140600.37,354352.715,0.007312
2018-01-11,25.12,25.16,24.78,24.89,98403.09,245361.966,0.005117
2018-01-12,24.89,25.26,24.89,25.12,78082.61,195559.898,0.004061
2018-01-15,25.38,25.98,25.26,25.4,274440.54,702564.023,0.014272
2018-01-16,25.45,25.88,25.23,25.82,235339.8,603644.796,0.012239
2018-01-17,25.81,25.81,25.4,25.7,143283.58,366816.662,0.007451
2018-01-18,25.69,25.78,25.26,25.58,139502.08,355426.352,0.007255
2018-01-19,25.45,25.45,24.2,24.27,352399.55,869304.384,0.018326
2018-01-22,24.28,24.49,24.03,24.34,114021.99,276739.826,0.0059299999999999995
2018-01-23,24.33,24.46,24.23,24.29,96725.11,235278.222,0.00503
2018-01-24,24.25,24.44,24.23,24.39,82868.74,201818.307,0.004309
2018-01-25,24.35,24.35,24.05,24.2,104889.3,253580.432,0.005455
2018-01-26,24.11,24.27,24.08,24.12,92395.18,223010.627,0.004805
2018-01-29,24.05,24.32,23.96,24.01,99866.1,241069.254,0.005193
2018-01-30,23.92,24.09,23.6,23.69,105543.3,250903.713,0.005489000000000001
2018-01-31,23.65,23.97,23.64,23.87,65590.98,156264.6,0.003411
2018-02-01,23.87,23.92,23.04,23.81,162794.52,383065.502,0.008466
2018-02-02,23.58,24.0,23.55,23.89,55012.75,131182.634,0.0028610000000000003
2018-02-05,23.8,23.84,23.53,23.71,39238.68,92934.706,0.002041
2018-02-06,23.43,23.61,22.66,22.67,98844.63,229136.605,0.0051400000000000005
2018-02-07,22.95,23.17,22.23,22.31,87910.84,198293.316,0.004572
2018-02-08,22.31,22.5,22.08,22.3,67716.6,151049.913,0.003522
2018-02-09,21.82,21.95,20.81,21.15,138648.22,294534.195,0.007209999999999999
2018-02-12,21.2,21.67,21.18,21.58,61636.35,132157.973,0.003205
2018-02-13,21.65,21.95,21.6,21.71,44470.83,96799.064,0.002313
2018-02-14,21.74,22.03,21.7,21.87,37593.47,82382.722,0.001955
2018-02-22,22.08,22.15,21.9,22.01,54584.95,120287.154,0.002839
2018-02-23,22.08,22.14,21.9,22.1,53571.81,117988.896,0.0027860000000000003
2018-02-26,22.19,22.41,21.85,22.33,84681.6,187814.516,0.004404
2018-02-27,22.33,22.58,22.17,22.38,64633.61,144880.143,0.0033610000000000003
2018-02-28,22.26,22.45,22.16,22.24,45937.89,102529.882,0.002389
2018-03-01,22.18,22.47,22.07,22.45,50646.56,113120.262,0.002634
2018-03-02,22.34,22.74,22.17,22.37,50109.75,112607.58,0.002606
2018-03-05,22.35,22.51,22.09,22.13,48756.9,108385.621,0.002536
2018-03-06,22.31,22.9,22.17,22.69,116503.36,262661.131,0.006059
2018-03-07,22.67,22.83,22.28,22.3,73085.59,164469.565,0.003801
2018-03-08,22.48,23.53,22.41,23.2,189547.7,437657.226,0.009857
2018-03-09,23.35,23.35,23.05,23.28,72930.31,169253.67,0.0037930000000000004
2018-03-12,23.26,23.85,23.25,23.64,126376.67,299150.94,0.006572
2018-03-13,23.6,23.98,23.5,23.55,106304.43,252842.811,0.005528
2018-03-14,23.48,23.74,23.11,23.17,89165.58,207760.458,0.004637
2018-03-15,23.15,23.37,23.03,23.23,51577.75,119779.459,0.002682
2018-03-16,23.17,23.65,23.15,23.23,66880.33,157048.57,0.003478
2018-03-19,23.2,23.82,23.2,23.72,88584.73,209706.096,0.004607
2018-03-20,23.62,24.53,23.53,24.41,203129.71,492807.672,0.010564
2018-03-21,24.31,24.48,24.08,24.16,130429.78,316673.719,0.006783
2018-03-22,24.1,24.42,23.75,23.95,84501.74,203377.383,0.004394
2018-03-23,23.44,23.7,22.69,23.12,115366.08,267955.036,0.005999
2018-03-26,23.0,23.91,22.9,23.76,152203.27,359537.563,0.007915
2018-03-27,23.95,24.26,23.8,24.03,173186.18,416637.496,0.009006
2018-03-28,23.98,24.57,23.81,24.25,170671.78,415981.654,0.008876
2018-03-29,24.26,24.65,24.1,24.27,156777.64,382462.157,0.008153
2018-03-30,24.35,24.78,24.3,24.66,150172.99,369317.404,0.00781
2018-04-02,24.6,24.97,24.33,24.34,135563.16,334933.265,0.00705
2018-04-03,24.2,24.59,23.98,24.49,106391.94,259837.633,0.005533
2018-04-04,24.86,25.51,24.86,25.08,299232.16,756513.445,0.015561
2018-04-09,24.98,25.66,24.83,25.54,205463.5,522230.953,0.010685
2018-04-10,25.48,25.55,24.99,25.21,134841.98,339223.263,0.007012000000000001
2018-04-11,24.85,24.9,24.2,24.31,236219.04,577780.941,0.012284
2018-04-12,24.32,24.59,24.14,24.27,118807.06,289363.243,0.006178
2018-04-13,24.91,24.99,23.94,24.01,197864.55,485579.222,0.010289999999999999
2018-04-16,23.9,23.92,23.38,23.54,150331.64,354893.532,0.007818
2018-04-17,23.49,23.67,22.9,22.98,124622.13,289077.504,0.006481
2018-04-18,23.1,23.12,22.58,22.92,122608.77,279713.497,0.006376
2018-04-19,22.98,23.2,22.82,23.0,96004.34,220919.24,0.004993
2018-04-20,22.9,23.04,22.53,22.65,75269.03,171305.641,0.003914
2018-04-23,22.69,22.86,22.1,22.28,95401.92,214008.567,0.004961
2018-04-24,22.42,22.87,22.42,22.85,132672.31,300495.989,0.006899
2018-04-25,22.72,23.26,22.71,23.07,101072.63,232298.39,0.005255999999999999
2018-04-26,23.0,23.23,22.91,22.95,85808.21,198003.345,0.004462
2018-04-27,22.85,23.4,22.85,23.37,89459.83,207854.657,0.004652
2018-05-02,23.32,23.98,23.3,23.68,146598.1,347528.781,0.007624
2018-05-03,23.67,24.09,23.25,23.99,129687.07,307614.417,0.006744
2018-05-04,23.96,24.35,23.8,24.02,108633.05,262127.167,0.0056489999999999995
2018-05-07,24.23,24.65,24.23,24.58,159217.7,390309.939,0.00828
2018-05-08,24.5,25.01,24.24,24.36,182140.99,449083.974,0.009472000000000001
2018-05-09,24.45,24.97,24.45,24.86,123267.72,305919.374,0.00641
2018-05-10,24.97,25.2,24.76,25.04,165661.21,414042.097,0.008615000000000001
2018-05-11,25.02,26.08,24.79,24.89,233606.07,592575.653,0.012148
2018-05-14,24.82,25.44,24.27,25.29,197848.76,491911.53,0.010289
2018-05-15,25.25,25.78,25.16,25.68,170114.76,433350.409,0.008847
2018-05-16,25.5,26.03,25.35,25.68,129941.83,335386.282,0.006757
2018-05-17,25.68,25.84,24.77,24.87,123496.82,310043.492,0.006422
2018-05-18,25.0,25.99,24.87,25.93,181106.42,461604.287,0.009418
2018-05-21,26.06,26.18,25.51,25.83,150159.76,387375.975,0.007809
2018-05-22,25.83,26.17,25.7,25.99,112055.34,290654.334,0.005827
2018-05-23,26.0,26.87,25.96,26.17,178614.35,472940.061,0.009288999999999999
2018-05-24,26.15,26.91,26.09,26.79,181767.71,485189.005,0.009453
2018-05-25,26.97,27.18,26.6,27.04,146751.35,395534.193,0.007632
2018-05-28,26.81,27.29,26.77,27.01,120939.48,326405.875,0.006289
2018-05-29,27.0,27.12,25.51,25.55,187542.29,494792.194,0.009753
2018-05-30,25.5,26.49,25.36,25.81,223817.01,582286.107,0.011639
2018-05-31,26.13,26.65,25.7,26.49,146463.19,385006.288,0.0076170000000000005
2018-06-01,26.4,26.98,25.68,25.87,142506.19,372709.589,0.007411
2018-06-04,26.08,26.09,25.32,25.57,119179.38,305426.287,0.006198
2018-06-05,25.69,26.69,25.58,26.6,138113.59,364336.745,0.007181999999999999
2018-06-06,26.52,26.56,26.08,26.3,132275.41,347270.446,0.006879
2018-06-07,26.3,26.35,25.27,25.35,176456.73,451300.658,0.009176
2018-06-08,25.23,25.45,24.66,24.91,135055.1,337256.325,0.007023000000000001
2018-06-11,25.15,25.15,24.57,24.75,84605.94,209888.912,0.0044
2018-06-12,24.78,25.32,24.45,25.25,115026.6,287240.677,0.0059819999999999995
2018-06-13,25.12,25.37,24.86,25.12,71792.8,180252.649,0.003734
2018-06-14,24.91,25.04,24.37,24.59,89247.03,220012.917,0.004641
2018-06-15,24.5,24.75,24.18,24.5,81216.31,198545.034,0.004224
2018-06-19,24.2,24.8,23.5,23.85,132880.06,319328.595,0.0069099999999999995
2018-06-20,23.8,24.55,23.7,24.53,79497.61,192809.786,0.004134
2018-06-21,24.56,24.8,24.0,24.23,77514.81,189610.262,0.004031
2018-06-22,24.21,24.3,23.6,24.24,91345.5,218491.27,0.00475
2018-06-25,24.27,24.45,23.99,24.02,73749.52,178657.794,0.003835
2018-06-26,23.79,23.96,23.0,23.4,114932.88,268833.726,0.005977
2018-06-27,23.38,23.48,22.39,22.68,111284.98,254728.413,0.005787
2018-06-28,22.7,23.42,22.51,23.22,110458.23,255314.941,0.005744
2018-06-29,23.17,23.94,22.98,23.9,77403.58,182670.075,0.004025
2018-07-02,24.0,24.3,23.28,23.61,67241.35,159924.639,0.003497
2018-07-03,23.59,23.59,22.59,23.2,113558.82,261049.86,0.0059050000000000005
2018-07-04,23.0,23.2,22.82,22.9,46083.62,105928.24,0.002397
2018-07-05,22.81,23.06,22.45,22.55,55336.15,125408.448,0.002878
2018-07-06,22.67,22.97,22.38,22.58,86355.69,196022.243,0.004491
2018-07-09,22.59,23.68,22.59,23.66,102238.29,238565.399,0.005317
2018-07-10,23.79,23.85,23.5,23.79,62110.93,147146.5,0.0032300000000000002
2018-07-11,23.42,24.15,23.16,24.06,115595.83,275687.844,0.006011
2018-07-12,24.06,25.0,24.0,24.89,136230.32,335691.851,0.007084
2018-07-13,24.81,25.35,24.61,25.22,98343.48,247254.498,0.005114
2018-07-16,24.9,25.0,24.55,24.86,76703.54,190204.75,0.0039889999999999995
2018-07-17,24.8,24.85,24.38,24.61,51891.98,127407.638,0.0026989999999999996
2018-07-18,24.66,25.09,24.42,24.48,56494.36,140013.285,0.002938
2018-07-19,24.65,24.81,24.02,24.27,58467.79,142879.918,0.003041
2018-07-20,24.37,24.8,24.2,24.78,66335.77,163348.273,0.00345
2018-07-23,24.0,24.43,23.2,23.86,158274.89,376016.9,0.008231
2018-07-24,23.7,24.98,23.59,24.93,179665.76,437249.947,0.009343
2018-07-25,24.72,24.98,24.58,24.85,109159.83,270189.658,0.005677
2018-07-26,24.8,25.07,24.21,24.28,79662.66,195915.126,0.004143
2018-07-27,24.15,24.5,24.05,24.11,58405.53,141556.059,0.003037
2018-07-30,24.18,24.39,23.0,23.2,125730.61,294630.074,0.006538
2018-07-31,23.01,23.5,22.8,23.13,102591.33,236579.539,0.0053349999999999995
2018-08-01,23.1,23.29,22.9,22.92,59163.72,136625.27,0.003077
2018-08-02,22.92,22.99,22.39,22.8,85963.81,194636.405,0.00447
2018-08-03,22.79,22.79,21.75,21.81,136551.62,302031.901,0.007101
2018-08-06,21.8,21.89,20.78,20.86,121631.99,259121.116,0.006325
2018-08-07,21.01,21.5,20.82,21.48,126170.47,268519.462,0.006561
2018-08-08,21.5,21.59,20.85,21.0,96195.4,204014.8,0.005003
2018-08-09,20.98,21.9,20.6,21.79,126743.43,273631.293,0.0065910000000000005
2018-08-10,21.75,22.3,21.55,21.97,78157.35,171627.251,0.004064
2018-08-13,21.72,22.25,21.6,22.07,68874.31,150761.127,0.003582
2018-08-14,22.2,22.41,21.92,22.12,42500.23,94261.097,0.00221
2018-08-15,22.06,22.09,21.35,21.43,58620.57,126852.865,0.0030480000000000004
2018-08-16,21.22,21.85,21.12,21.35,51507.47,110957.786,0.0026790000000000004
2018-08-17,21.53,22.0,20.63,21.55,103915.08,217956.34,0.005404
2018-08-20,21.0,21.19,20.48,20.99,106073.96,220533.457,0.005516
2018-08-21,20.89,21.35,20.64,21.16,89422.33,188405.738,0.0046500000000000005
2018-08-22,21.18,21.18,20.38,20.47,157838.23,325399.737,0.008208
2018-08-23,20.46,20.6,20.02,20.31,114277.83,231748.828,0.005943
2018-08-24,20.3,20.44,20.02,20.28,84273.96,170292.654,0.004383000000000001
2018-08-27,20.42,21.18,20.3,21.18,119673.96,249635.713,0.0062239999999999995
2018-08-28,21.18,21.53,21.0,21.36,82956.88,176829.354,0.004314
2018-08-29,21.58,22.04,21.48,21.88,114517.06,250270.883,0.005955
2018-08-30,21.78,21.95,21.64,21.75,59111.66,128812.776,0.003074
2018-08-31,21.6,21.6,21.08,21.27,98787.8,210020.949,0.005137
2018-09-03,21.24,21.48,21.01,21.4,64103.76,136409.743,0.0033339999999999997
2018-09-04,21.4,21.74,21.33,21.62,55481.68,119818.471,0.002885
2018-09-05,21.71,21.84,21.35,21.37,41171.91,89068.832,0.002141
2018-09-06,21.3,21.64,21.15,21.34,37355.47,79951.059,0.001943
2018-09-07,21.28,21.75,21.28,21.53,57085.55,123074.898,0.002969
2018-09-10,21.49,21.93,21.31,21.4,75900.19,164185.347,0.003947
2018-09-11,21.39,21.6,21.23,21.48,38319.58,82010.658,0.001993
2018-09-12,21.48,21.48,20.57,20.68,59988.41,125587.843,0.00312
2018-09-13,21.08,21.15,20.05,20.43,104960.31,213960.118,0.005457999999999999
2018-09-14,20.4,20.44,20.07,20.25,56623.0,114624.051,0.0029449999999999997
2018-09-17,20.22,20.22,19.26,19.36,139433.77,271595.656,0.007251
2018-09-18,19.2,19.66,19.07,19.49,120304.33,232488.642,0.006256
2018-09-19,19.46,20.15,19.37,19.9,98952.43,196329.182,0.0051459999999999995
2018-09-20,19.82,20.05,19.63,19.78,93225.12,184776.078,0.004848
2018-09-21,19.88,20.2,19.38,20.11,136210.58,270069.903,0.007083000000000001
2018-09-25,19.94,19.94,19.76,19.86,90699.4,180036.424,0.004717
2018-09-26,19.95,20.46,19.77,20.19,109112.94,220182.141,0.005674
2018-09-27,20.19,20.65,20.17,20.47,98125.75,200746.949,0.005103
2018-09-28,20.44,20.64,20.41,20.5,65403.19,134228.906,0.003401
2018-10-08,20.01,20.07,19.5,19.58,93842.62,185246.235,0.00488
2018-10-09,19.58,19.74,19.51,19.57,38584.72,75629.642,0.002007
2018-10-10,19.58,19.69,19.22,19.44,55484.1,107744.947,0.002885
2018-10-11,19.0,19.29,18.7,19.29,117643.92,223011.322,0.006118
2018-10-12,19.11,19.28,18.74,19.17,61548.19,116772.389,0.003201
2018-10-15,19.3,19.35,18.82,18.88,56487.29,107990.832,0.002938
2018-10-16,18.97,19.17,18.41,18.57,47244.74,88595.164,0.002457
2018-10-17,18.8,18.92,17.62,18.29,73425.53,133793.578,0.0038179999999999998
2018-10-18,18.06,18.08,17.65,17.9,62263.95,111241.796,0.0032379999999999996
2018-10-19,17.77,18.49,17.69,18.47,75102.53,136438.571,0.003906
2018-10-22,18.57,19.6,18.57,19.39,90075.67,173251.189,0.004684
2018-10-23,19.38,19.42,18.9,19.02,44340.93,85058.403,0.002306
2018-10-24,19.18,19.33,18.77,18.9,46498.8,88603.23,0.002418
2018-10-25,18.35,18.85,18.31,18.83,47142.44,87551.549,0.002452
2018-10-26,18.93,19.16,18.71,18.83,47057.15,88997.976,0.002447
2018-10-29,18.98,19.25,18.72,19.02,82424.8,156355.31,0.004286
2018-10-30,19.05,19.49,18.8,19.35,67611.84,130127.765,0.003516
2018-10-31,19.4,19.82,19.28,19.8,79191.19,155038.327,0.004118
2018-11-01,19.8,20.16,19.62,19.69,81877.3,163500.874,0.0042580000000000005
2018-11-02,20.0,20.25,19.73,20.2,82800.21,166187.566,0.004306
2018-11-05,20.2,20.2,19.59,20.01,51962.25,103516.427,0.002702
2018-11-06,19.91,20.14,19.82,20.0,34001.4,67902.522,0.001768
2018-11-07,20.0,20.27,19.9,20.15,49945.91,100567.523,0.002597
2018-11-08,20.22,20.3,19.93,19.98,40647.48,81566.36,0.002114
2018-11-09,19.8,20.18,19.8,20.06,37300.34,74790.242,0.00194
2018-11-12,20.1,20.59,19.86,20.54,60593.78,123487.233,0.0031509999999999997
2018-11-13,20.35,20.87,20.25,20.73,51522.88,106593.977,0.0026790000000000004
2018-11-14,20.69,21.23,20.69,20.95,70704.64,148798.318,0.003677
2018-11-15,20.8,21.01,20.48,20.83,51667.44,107150.035,0.002687
2018-11-16,20.82,20.97,20.49,20.83,62527.69,129563.517,0.0032519999999999997
2018-11-19,20.75,20.99,20.55,20.83,55570.44,115257.157,0.0028899999999999998
2018-11-20,20.68,20.9,20.51,20.78,47255.37,97854.903,0.002457
2018-11-21,20.7,20.97,20.23,20.83,65911.39,136467.193,0.003428
2018-11-22,20.89,21.1,20.77,21.07,60472.46,126811.001,0.0031450000000000002
2018-11-23,21.2,21.2,19.8,19.98,94237.08,191257.305,0.004901
2018-11-26,19.99,20.38,19.85,20.34,56312.31,113708.702,0.002928
2018-11-27,20.36,20.52,20.14,20.25,53587.67,109030.527,0.002787
2018-11-28,20.37,20.5,20.19,20.34,32707.55,66600.414,0.001701
2018-11-29,20.43,20.77,20.26,20.34,67534.83,138532.004,0.003512
2018-11-30,20.38,20.49,20.11,20.24,38042.55,77185.649,0.001978
2018-12-03,20.51,20.93,20.48,20.68,69048.24,142993.899,0.0035909999999999996
2018-12-04,20.7,20.78,20.52,20.74,45330.12,93568.898,0.0023569999999999997
2018-12-05,20.61,20.79,20.36,20.59,47456.91,97475.066,0.0024679999999999997
2018-12-06,20.46,20.65,19.33,19.52,124003.71,244448.53,0.006449
2018-12-07,19.38,19.45,18.03,18.36,234829.84,433583.366,0.012212
2018-12-10,18.23,18.23,17.52,17.77,163292.43,291349.73,0.008492
2018-12-11,17.9,17.97,17.72,17.9,63246.83,112852.157,0.0032890000000000003
2018-12-12,17.99,18.0,17.57,17.73,81390.0,144186.097,0.004233
2018-12-13,17.73,17.95,17.59,17.89,116863.51,208065.289,0.006077
2018-12-14,17.83,17.92,17.6,17.6,78233.89,138898.633,0.004068
2018-12-17,17.52,17.67,17.05,17.54,85214.89,147786.654,0.004432
2018-12-18,17.47,17.84,17.38,17.77,82944.24,146299.984,0.004313
2018-12-19,17.77,17.77,17.15,17.2,87731.42,152174.502,0.004562
2018-12-20,17.2,17.27,17.04,17.21,47422.62,81279.886,0.0024660000000000003
2018-12-21,17.21,17.21,16.83,16.97,56454.42,95916.918,0.0029360000000000002
2018-12-24,16.95,17.19,16.82,17.07,48765.44,83218.698,0.002536
2018-12-25,16.98,17.09,16.54,16.97,54376.3,91390.58,0.002828
2018-12-26,16.95,17.07,16.85,16.9,31076.1,52612.86,0.001616
2018-12-27,17.1,17.15,16.88,16.99,51975.92,88309.255,0.0027029999999999997
2018-12-28,16.97,17.0,16.76,17.0,63346.87,106923.815,0.003294
2019-01-02,16.97,16.99,16.32,16.39,63431.23,104880.398,0.0032990000000000003
2019-01-03,16.28,16.54,16.11,16.54,67462.27,110492.416,0.003508
2019-01-04,16.38,16.77,16.22,16.72,55176.3,91702.623,0.002869
2019-01-07,16.75,16.78,16.24,16.42,134703.66,221219.003,0.007005
2019-01-08,16.37,16.56,16.31,16.45,74736.93,122924.425,0.003887
2019-01-09,16.45,16.84,16.45,16.68,79068.93,131921.637,0.004112
2019-01-10,16.43,16.54,15.79,16.4,113604.64,185268.614,0.005908
2019-01-11,16.39,16.48,16.18,16.31,84193.95,137181.903,0.004378
2019-01-14,16.35,16.37,15.98,16.07,80176.22,129113.331,0.004169
2019-01-15,16.1,16.43,16.05,16.41,68575.42,111561.636,0.0035659999999999997
2019-01-16,16.47,16.62,16.29,16.58,81049.12,133707.894,0.004215
2019-01-17,16.62,16.64,16.42,16.48,64521.0,106598.442,0.0033550000000000003
2019-01-18,16.48,16.98,16.48,16.95,129018.09,216925.993,0.0067090000000000006
2019-01-21,16.97,17.16,16.9,17.14,98098.49,167413.651,0.005101
2019-01-22,17.1,17.1,16.52,16.63,103012.97,172084.79,0.005357
2019-01-23,16.55,16.67,16.49,16.58,36632.02,60692.706,0.001905
2019-01-24,16.6,16.73,16.45,16.67,38710.23,64337.05,0.002013
2019-01-25,16.68,16.78,16.59,16.71,55467.05,92571.533,0.002884
2019-01-28,16.75,16.92,16.54,16.62,86856.49,145552.063,0.004517
2019-01-29,16.56,16.69,16.18,16.47,73771.18,121189.701,0.003836
2019-01-30,16.31,16.52,15.99,16.04,106162.76,171874.226,0.005521000000000001
2019-01-31,16.08,16.24,16.02,16.1,75948.91,122244.937,0.00395
2019-02-01,16.25,16.47,16.15,16.46,84315.42,137717.247,0.004385
2019-02-11,16.37,16.89,16.31,16.87,130547.84,217652.126,0.006789
2019-02-12,16.95,17.65,16.93,17.45,202838.83,351713.957,0.010548
2019-02-13,17.43,17.95,17.33,17.73,185479.04,328430.613,0.009646
2019-02-14,17.7,18.06,17.66,17.84,108466.24,193891.424,0.005641
2019-02-15,17.84,17.95,17.64,17.66,114881.87,203988.924,0.005974
2019-02-18,17.91,18.18,17.78,18.17,98626.72,177806.95,0.005129
2019-02-19,18.15,18.17,17.72,17.9,150454.23,269876.894,0.007824
2019-02-20,17.81,17.93,17.59,17.75,92181.17,163361.995,0.004794
2019-02-21,17.75,17.77,17.45,17.56,120079.06,211436.18,0.0062450000000000006
2019-02-22,17.5,17.72,17.33,17.71,93300.15,163332.313,0.004852
2019-02-25,17.73,18.42,17.72,18.39,253160.87,457416.143,0.013165
2019-02-26,18.4,19.25,18.19,18.65,278924.05,525680.458,0.014504999999999999
2019-02-27,18.62,18.84,18.3,18.46,140524.49,261370.156,0.007308
2019-02-28,18.49,18.8,18.27,18.42,133952.44,248140.184,0.006966
2019-03-01,18.42,18.58,18.02,18.35,192571.54,350682.89,0.010014
2019-03-04,18.45,18.89,18.41,18.74,216848.07,405214.646,0.011276999999999999
2019-03-05,18.65,18.95,18.55,18.93,172618.7,324041.964,0.008977
2019-03-06,18.96,19.07,18.75,18.98,166316.85,314428.117,0.008649
2019-03-07,19.0,19.0,18.55,18.71,208764.25,391173.468,0.010857
2019-03-08,18.51,18.55,17.89,17.94,174649.69,318927.217,0.009082
2019-03-11,19.73,19.73,18.88,19.69,543411.16,1058122.43,0.028259
2019-03-12,19.6,19.72,19.2,19.55,380425.51,738361.54,0.019784
2019-03-13,19.91,20.51,19.5,19.65,451311.28,903460.221,0.02347
2019-03-14,19.41,19.7,18.71,18.83,283789.66,543743.779,0.014758
2019-03-15,18.65,19.38,18.65,19.11,299844.21,571815.099,0.015593
2019-03-18,19.93,20.13,19.55,19.79,351071.49,694319.117,0.018257000000000002
2019-03-19,19.99,20.38,19.79,20.03,363845.1,732144.892,0.018921
2019-03-20,20.04,21.5,19.82,21.4,583570.61,1216967.56,0.030348
2019-03-21,21.5,22.46,21.03,21.72,635319.24,1381688.888,0.033039
2019-03-22,21.6,23.66,21.46,23.06,624812.35,1410126.527,0.032493
2019-03-25,22.39,22.67,21.51,21.55,567195.49,1252324.614,0.029496
2019-03-26,21.66,21.77,20.25,20.3,422968.41,879004.626,0.021996
2019-03-27,20.51,20.73,20.08,20.52,303767.88,620455.507,0.015797000000000002
2019-03-28,20.39,20.39,19.91,20.05,274751.55,553023.636,0.014288
2019-03-29,20.2,20.78,19.6,20.68,370817.22,750682.264,0.019284
2019-04-01,20.75,21.35,20.7,21.25,396873.77,838403.202,0.020638999999999998
2019-04-02,21.3,21.32,20.81,20.93,314962.55,662236.725,0.016378999999999998
2019-04-03,20.8,20.96,20.62,20.85,290082.56,602944.746,0.015085
2019-04-04,21.0,21.57,20.79,21.49,471556.53,999138.182,0.024523000000000003
2019-04-08,21.49,21.55,20.9,21.09,328382.14,696495.145,0.017077
2019-04-09,21.1,21.4,21.01,21.27,238521.03,505417.627,0.012404
2019-04-10,21.12,21.72,21.04,21.6,384716.72,828842.224,0.020007
2019-04-11,22.09,22.74,21.69,21.69,493814.5,1096279.31,0.02568
2019-04-12,21.72,21.72,21.04,21.21,197452.74,419607.45,0.010268
2019-04-15,21.4,21.75,21.0,21.08,193601.07,415072.135,0.010067999999999999
2019-04-16,21.07,21.42,20.61,21.34,177222.76,372209.599,0.009216
2019-04-17,21.3,21.54,21.13,21.19,156461.84,333283.824,0.008137
2019-04-18,21.1,21.21,20.9,20.93,141220.94,296707.529,0.007344000000000001
2019-04-19,20.9,21.06,20.68,20.88,164731.64,342940.963,0.008567
2019-04-22,20.95,21.0,20.17,20.19,247591.98,506303.351,0.012876
2019-04-23,20.3,20.34,20.0,20.21,121976.09,246357.902,0.006343
2019-04-24,20.23,20.37,20.03,20.31,88242.54,178338.151,0.004588999999999999
2019-04-25,20.32,20.35,19.8,19.81,126725.49,253863.103,0.00659
2019-04-26,19.8,19.93,19.1,19.2,194688.28,378805.425,0.010125
2019-04-29,19.4,19.96,19.22,19.59,201053.05,393340.314,0.010456
2019-04-30,19.56,19.88,19.48,19.68,123728.9,243648.201,0.006434
2019-05-06,19.21,19.21,18.11,18.65,206468.51,386465.886,0.010737000000000002
2019-05-07,18.88,19.04,18.5,18.73,136755.37,256917.702,0.007112
2019-05-08,18.34,19.11,18.31,18.78,113690.7,214435.43,0.005912
2019-05-09,18.7,18.88,18.26,18.32,118357.36,218120.776,0.006155000000000001
2019-05-10,18.47,18.73,18.0,18.7,139556.13,258630.745,0.007257
2019-05-13,18.52,18.65,18.38,18.54,75431.77,139667.029,0.003922999999999999
2019-05-14,18.84,19.21,18.78,18.87,202202.4,384249.505,0.010515000000000002
2019-05-15,18.91,19.17,18.85,19.07,146474.56,279214.301,0.0076170000000000005
2019-05-16,19.0,19.1,18.87,19.07,103561.75,196623.186,0.005385999999999999
2019-05-17,19.1,19.15,18.59,18.67,109827.35,206698.672,0.005711000000000001
2019-05-20,18.55,18.75,18.17,18.39,97017.58,177918.921,0.005044999999999999
2019-05-21,18.45,18.89,18.37,18.8,94762.12,177495.367,0.004928
2019-05-22,18.81,18.9,18.63,18.75,65538.81,122978.267,0.003408
2019-05-23,18.67,18.74,18.31,18.58,71178.64,131744.82,0.0037019999999999996
2019-05-24,18.44,18.65,18.39,18.47,41158.17,76111.577,0.00214
2019-05-27,18.58,18.71,18.3,18.69,71047.68,131651.797,0.003695
2019-05-28,18.63,19.1,18.63,18.87,129526.14,244730.887,0.006736
2019-05-29,18.82,18.87,18.67,18.73,85329.99,159855.989,0.004437
2019-05-30,18.73,18.73,18.37,18.42,81932.74,151223.676,0.004261
2019-05-31,18.48,18.53,18.35,18.4,64456.66,118751.871,0.003352
2019-06-03,18.45,18.5,18.28,18.43,94024.52,172639.337,0.00489
2019-06-04,18.37,18.43,18.1,18.16,63501.85,115671.841,0.003302
2019-06-05,18.22,18.29,17.5,17.61,179041.78,318375.216,0.009311
2019-06-06,17.59,17.59,16.98,17.12,118300.23,202607.817,0.0061519999999999995
2019-06-10,17.16,17.37,17.05,17.3,56328.51,97133.034,0.0029289999999999997
2019-06-11,17.23,17.77,17.23,17.76,105335.9,185456.163,0.005477999999999999
2019-06-12,17.68,17.81,17.62,17.66,57815.23,102269.62,0.003007
2019-06-13,17.69,17.79,17.54,17.77,61157.99,107992.168,0.00318
2019-06-14,17.76,17.99,17.67,17.7,63800.29,113783.273,0.0033179999999999998
2019-06-17,17.7,17.95,17.7,17.73,71198.4,127008.815,0.003703
2019-06-18,17.75,17.88,17.65,17.78,45023.14,79782.788,0.002341
2019-06-19,18.01,18.15,17.81,17.85,75458.51,135639.075,0.003924
2019-06-20,17.84,18.24,17.79,18.17,108549.79,196325.524,0.005645
2019-06-21,18.19,18.35,18.14,18.26,93360.61,170690.095,0.004855
2019-06-24,18.3,18.37,18.16,18.22,57118.6,104141.257,0.00297
2019-06-25,18.19,18.29,17.8,18.01,70721.58,127194.079,0.0036780000000000003
2019-06-26,18.02,18.33,17.94,18.3,71729.69,130540.972,0.00373
2019-06-27,18.29,18.42,18.23,18.32,74822.94,137154.84,0.003891
2019-06-28,18.32,18.35,18.01,18.15,56166.53,101906.526,0.0029210000000000004
2019-07-01,18.38,18.48,18.23,18.41,170443.12,312527.305,0.008864
2019-07-02,18.41,18.56,18.35,18.51,147167.03,271656.384,0.007653
2019-07-03,18.45,18.45,18.2,18.24,126607.24,231609.992,0.006584
2019-07-04,18.28,18.34,18.13,18.18,67298.29,122710.387,0.0034999999999999996
2019-07-05,18.22,18.26,18.13,18.22,77368.29,140827.87,0.004023
2019-07-08,18.22,18.23,17.6,17.62,125465.99,223578.466,0.0065249999999999996
2019-07-09,17.62,17.74,17.41,17.53,92082.15,161288.688,0.004789
2019-07-10,17.52,17.61,17.4,17.46,87595.13,153125.746,0.004555
2019-07-11,17.49,17.59,17.41,17.48,82250.62,143859.554,0.004277
2019-07-12,17.54,17.65,17.45,17.63,110795.71,194554.973,0.005762000000000001
2019-07-15,17.64,17.84,17.42,17.71,92618.93,163509.334,0.004817
2019-07-16,17.44,17.44,17.2,17.33,71901.27,124380.68,0.003739
2019-07-17,17.3,17.45,17.21,17.42,66925.04,116404.901,0.0034799999999999996
2019-07-18,17.31,17.45,17.25,17.33,52041.36,90270.594,0.002706
2019-07-19,17.33,17.51,17.32,17.36,57487.23,100077.556,0.00299
2019-07-22,17.33,17.38,17.09,17.2,65856.39,113284.387,0.003425
2019-07-23,17.18,17.36,17.16,17.35,41405.74,71619.313,0.002153
2019-07-24,17.4,17.54,17.33,17.39,66712.02,116416.827,0.003469
2019-07-25,17.37,17.49,17.33,17.47,42490.84,73993.994,0.00221
2019-07-26,17.45,17.5,17.36,17.46,45488.33,79324.304,0.002366
2019-07-29,17.49,17.73,17.39,17.7,94579.23,166055.162,0.0049180000000000005
2019-07-30,17.69,18.28,17.65,18.21,201775.85,364602.418,0.010492999999999999
2019-07-31,18.25,18.34,17.98,18.16,161448.58,293876.947,0.008396
2019-08-01,18.15,18.29,17.96,18.02,105507.17,190871.64,0.005487
2019-08-02,17.7,17.93,17.61,17.75,89277.44,158541.483,0.0046429999999999996
2019-08-05,17.65,17.82,17.38,17.48,124282.17,218254.335,0.006463
2019-08-06,17.31,17.45,16.93,17.45,117818.93,202243.356,0.0061270000000000005
2019-08-07,17.54,17.57,17.01,17.23,98983.65,170211.312,0.005148000000000001
2019-08-08,17.25,17.39,17.13,17.35,71732.17,123814.894,0.00373
2019-08-09,17.36,17.45,17.18,17.21,54842.16,95115.727,0.002852
2019-08-12,17.26,17.41,17.19,17.38,55731.88,96396.12,0.002898
2019-08-13,17.21,17.43,17.19,17.3,47456.39,81987.583,0.0024679999999999997
2019-08-14,17.4,17.54,17.36,17.39,51707.49,90149.058,0.0026889999999999996
2019-08-15,17.19,17.47,17.01,17.45,72771.86,125743.555,0.003784
2019-08-16,17.45,17.96,17.37,17.76,108915.13,192620.712,0.005664
2019-08-19,17.8,18.14,17.7,18.09,139111.27,250730.947,0.007234000000000001
2019-08-20,18.1,18.2,17.9,18.05,94450.25,170485.77,0.004912000000000001
2019-08-21,18.1,18.15,17.91,17.92,70193.9,126358.577,0.00365
2019-08-22,18.13,19.08,18.13,18.85,288383.46,540929.88,0.014997
2019-08-23,18.85,19.14,18.64,18.98,247464.33,469231.412,0.012868999999999998
2019-08-26,18.69,19.64,18.62,19.54,291849.68,565042.841,0.015177000000000001
2019-08-27,19.51,19.88,19.15,19.32,325126.87,633262.533,0.016908
2019-08-28,19.32,19.41,18.87,19.02,154520.32,294374.288,0.008036
2019-08-29,19.03,19.12,18.71,19.05,136386.76,258061.398,0.007093
2019-08-30,19.23,19.46,18.69,18.84,234477.59,445856.263,0.012194
2019-09-02,18.8,18.95,18.65,18.88,205373.35,386023.317,0.01068
2019-09-03,18.88,19.12,18.76,18.92,136220.31,257940.071,0.007084
2019-09-04,18.92,19.16,18.84,19.16,146803.25,280208.78,0.007633999999999999
2019-09-05,19.22,19.45,19.08,19.1,161974.08,312225.519,0.008423
2019-09-06,19.1,19.55,19.05,19.48,154316.0,298705.517,0.008025
2019-09-09,19.51,19.59,19.36,19.46,131915.19,256935.555,0.006860000000000001
2019-09-10,19.46,19.47,19.07,19.35,137941.09,265468.959,0.0071730000000000006
2019-09-11,19.36,19.45,19.05,19.08,124789.0,239309.512,0.00649
2019-09-12,19.11,19.26,18.93,19.22,82498.43,157890.978,0.0042899999999999995
2019-09-16,19.23,19.37,19.19,19.25,90621.06,174795.365,0.004713
2019-09-17,19.2,19.22,18.56,18.69,117207.36,220918.928,0.006095000000000001
2019-09-18,18.79,19.01,18.7,18.8,95851.66,180893.665,0.004985
2019-09-19,18.94,18.97,18.71,18.79,90730.18,170448.9,0.004718
2019-09-20,18.8,19.22,18.8,19.21,137719.33,262912.341,0.007161999999999999
2019-09-23,19.12,19.14,18.57,18.7,131690.04,246451.349,0.006848
2019-09-24,18.69,19.0,18.59,18.79,114646.78,215566.461,0.005961999999999999
2019-09-25,18.65,18.65,18.11,18.45,147753.02,270926.165,0.007684
2019-09-26,18.45,18.5,18.26,18.3,83807.46,153889.334,0.004358
2019-09-27,18.32,18.4,18.2,18.25,46107.87,84376.259,0.002398
2019-09-30,18.27,18.41,17.87,18.2,65373.74,118981.801,0.0034000000000000002
2019-10-08,18.2,18.41,18.12,18.25,58324.44,106367.587,0.003033
2019-10-09,18.21,18.21,17.81,18.05,59879.24,107506.879,0.003114
2019-10-10,18.15,18.29,18.06,18.27,51720.55,94067.824,0.00269
2019-10-11,18.35,18.5,18.32,18.4,52538.61,96723.31,0.002732
2019-10-14,18.57,18.74,18.46,18.62,84842.87,157828.683,0.004412
2019-10-15,18.54,18.74,18.48,18.6,68173.89,127177.962,0.003545
2019-10-16,18.72,18.97,18.63,18.8,73913.72,139168.588,0.003844
2019-10-17,18.81,18.94,18.57,18.81,69475.29,129965.518,0.003613
2019-10-18,18.82,18.9,18.39,18.47,83125.89,154722.085,0.0043230000000000005
2019-10-21,18.21,18.47,18.05,18.3,64506.08,118124.314,0.0033550000000000003
2019-10-22,18.3,18.66,18.3,18.66,49372.42,91393.814,0.0025679999999999995
2019-10-23,18.7,18.76,18.39,18.42,33339.68,61753.137,0.001734
2019-10-24,18.42,18.5,18.12,18.28,52202.6,95261.34,0.0027150000000000004
2019-10-25,18.3,18.38,18.09,18.35,61060.97,111318.618,0.003175
2019-10-28,18.33,18.62,18.16,18.43,121086.6,221637.157,0.0062970000000000005
2019-10-29,18.42,19.15,18.32,18.8,193119.33,363808.241,0.010043
2019-10-30,18.78,19.21,18.64,19.18,228135.96,434233.369,0.011864
2019-10-31,19.2,19.22,18.41,18.55,239911.52,449124.969,0.012476000000000001
2019-11-01,18.54,18.98,18.32,18.89,142023.66,266599.247,0.007386
2019-11-04,19.17,19.35,18.96,19.27,191481.21,367838.936,0.009958
2019-11-05,19.27,19.28,18.92,18.97,166725.17,318456.722,0.00867
2019-11-06,19.07,19.08,18.7,18.72,92840.59,174583.264,0.004828
2019-11-07,18.75,19.1,18.74,19.03,104455.83,198179.91,0.005432
2019-11-08,19.17,19.17,18.6,18.62,147812.91,278428.496,0.007687
2019-11-11,18.64,18.74,18.36,18.36,115942.64,215119.248,0.006029
2019-11-12,18.5,18.52,18.3,18.4,82561.26,151819.282,0.004294
2019-11-13,18.45,18.46,18.15,18.21,76058.85,138835.399,0.003955
2019-11-14,18.24,18.38,18.2,18.26,55964.2,102409.342,0.00291
2019-11-15,18.3,18.35,17.97,17.98,75192.24,136008.477,0.00391
2019-11-18,17.99,18.21,17.95,18.09,66054.73,119519.013,0.003435
2019-11-19,18.09,18.28,18.03,18.27,66048.32,120122.923,0.003435
2019-11-20,18.21,18.26,17.98,18.05,67611.59,122275.695,0.003516
2019-11-21,17.95,17.97,17.59,17.8,96206.93,170762.894,0.005003
2019-11-22,17.83,17.94,17.5,17.52,97841.58,173042.594,0.0050880000000000005
2019-11-25,17.58,17.93,17.52,17.9,96272.17,171293.828,0.005007
2019-11-26,17.88,17.95,17.78,17.89,74555.34,133341.475,0.003877
2019-11-27,17.87,17.97,17.73,17.92,52524.19,93924.871,0.002731
2019-11-28,17.96,17.96,17.62,17.67,64953.43,115036.178,0.003378
2019-11-29,17.65,17.79,17.54,17.79,50092.49,88408.128,0.002605
2019-12-02,17.69,17.74,17.45,17.52,67593.92,118727.018,0.003515
2019-12-03,17.46,17.49,17.23,17.34,82704.76,143096.993,0.004301
2019-12-04,17.29,17.57,17.26,17.57,68061.6,118945.105,0.003539
2019-12-05,17.59,17.67,17.51,17.64,62978.92,110910.05,0.003275
2019-12-06,17.63,17.72,17.55,17.69,44007.66,77604.114,0.002289
2019-12-09,17.69,17.72,17.57,17.67,61660.8,108667.006,0.0032069999999999998
2019-12-10,17.63,17.69,17.55,17.66,54867.0,96751.382,0.002853
2019-12-11,17.69,17.73,17.53,17.58,61073.61,107487.376,0.003176
2019-12-12,17.61,17.62,17.39,17.46,68741.4,119968.373,0.003575
2019-12-13,17.55,17.68,17.45,17.67,99191.05,173949.743,0.005158
2019-12-16,17.7,17.9,17.63,17.89,98900.8,175919.653,0.005143
2019-12-17,17.92,18.23,17.86,18.14,140187.37,253962.704,0.00729
2019-12-18,18.15,18.15,18.01,18.07,80086.36,144665.899,0.004164999999999999
2019-12-19,18.12,18.18,18.03,18.08,68718.96,124266.465,0.003574
2019-12-20,18.17,18.19,18.03,18.15,89622.05,162554.419,0.004661
2019-12-23,18.13,18.13,17.83,17.84,79039.58,142090.036,0.00411
2019-12-24,17.84,17.9,17.8,17.89,45112.44,80505.679,0.002346
2019-12-25,17.9,18.08,17.8,17.91,53735.02,96285.485,0.0027939999999999996
2019-12-26,17.9,17.95,17.75,17.91,60397.14,107812.704,0.0031409999999999997
2019-12-27,17.91,18.06,17.86,17.89,70259.59,126194.374,0.003654
2019-12-30,17.89,17.98,17.7,17.94,83940.26,149666.569,0.004365
2019-12-31,17.96,18.47,17.91,18.37,198873.69,363191.211,0.010342
2020-01-02,18.34,18.57,18.14,18.5,182507.15,335547.933,0.009491000000000001
2020-01-03,18.46,18.57,18.33,18.47,100349.51,185178.733,0.0052190000000000005
2020-01-06,18.42,18.59,18.23,18.48,152332.61,281421.212,0.007922
2020-01-07,18.47,18.76,18.42,18.75,118789.99,221815.489,0.006178
2020-01-08,18.68,18.69,18.36,18.38,105847.08,195574.649,0.005504
2020-01-09,18.53,18.59,18.41,18.59,88030.24,163042.099,0.004578
2020-01-10,18.6,18.64,18.4,18.45,83599.18,154439.366,0.004347
2020-01-13,18.47,18.53,18.3,18.53,79347.06,146109.646,0.004126
2020-01-14,18.62,18.62,18.45,18.48,60369.71,111817.514,0.0031390000000000003
2020-01-15,18.51,18.57,18.33,18.47,59363.44,109437.988,0.003087
2020-01-16,18.47,18.63,18.31,18.6,114505.7,211533.918,0.005955
2020-01-17,18.75,18.91,18.47,18.51,116043.03,216686.162,0.006035
2020-01-20,18.85,19.16,18.62,19.06,231818.56,438615.34,0.012055
2020-01-21,19.25,19.74,19.2,19.66,426153.28,831812.326,0.022162
2020-01-22,19.67,19.74,18.9,19.06,225482.1,431172.202,0.011726
2020-01-23,19.28,19.38,18.55,18.91,184462.95,350257.757,0.009593
2020-02-03,19.46,20.76,19.46,20.69,895051.51,1788381.844,0.046546000000000004
2020-02-04,20.4,20.5,19.2,20.0,555974.22,1109243.742,0.028913
2020-02-05,20.99,21.0,20.05,20.83,740670.8,1528393.299,0.038518
2020-02-06,21.09,22.34,20.53,21.8,873346.96,1875810.261,0.045417
2020-02-07,21.88,22.16,20.4,20.79,701300.37,1487852.548,0.036469999999999995
2020-02-10,20.5,20.5,19.6,19.97,523210.28,1042239.709,0.027208999999999997
2020-02-11,19.81,19.91,19.38,19.7,327160.33,640815.218,0.017014
2020-02-12,19.64,19.85,19.47,19.67,264623.31,520158.385,0.013761
2020-02-13,19.68,21.5,19.12,20.81,589103.89,1186335.446,0.030636
2020-02-14,20.73,20.73,19.32,19.94,432624.07,871600.81,0.022498
2020-02-17,20.4,20.5,20.11,20.16,356600.22,721270.504,0.018545
2020-02-18,22.1,22.1,20.61,20.84,848503.23,1800789.178,0.044125
2020-02-19,20.87,20.87,20.03,20.05,470495.31,954092.378,0.024468
2020-02-20,20.16,20.17,19.8,20.03,334573.75,668267.379,0.017399
2020-02-21,20.0,20.45,19.81,20.11,389391.5,782349.555,0.02025
2020-02-24,20.25,20.35,19.91,19.95,348520.22,699549.605,0.018124
2020-02-25,19.6,20.17,19.48,19.82,384039.06,759641.324,0.019972
2020-02-26,19.8,19.8,19.24,19.25,347574.92,675504.331,0.018075
2020-02-27,19.21,19.4,19.05,19.18,195807.7,376141.737,0.010183
2020-02-28,18.87,19.25,18.67,18.67,251431.84,475207.121,0.013075000000000002
2020-03-02,18.72,19.18,18.72,19.09,200302.9,380305.826,0.010417000000000001
2020-03-03,19.25,19.27,19.01,19.07,226378.51,433411.577,0.011773
2020-03-04,18.96,19.04,18.8,18.99,163052.22,308314.967,0.008479
2020-03-05,19.07,19.25,19.02,19.15,222232.75,425029.765,0.011557
2020-03-06,19.09,19.4,19.05,19.18,201448.8,387851.478,0.010476000000000001
2020-03-09,19.24,19.51,18.83,18.96,288952.11,553843.799,0.015026999999999999
2020-03-10,18.63,18.87,18.15,18.73,278006.9,515635.777,0.014457
2020-03-11,18.75,18.83,18.54,18.55,166842.28,311480.608,0.008676
2020-03-12,18.39,18.45,17.9,17.95,239909.19,434465.468,0.012476000000000001
2020-03-13,17.25,17.57,17.03,17.4,277219.05,478725.542,0.014416
2020-03-16,17.62,18.1,17.46,17.56,267769.55,476310.117,0.013925
2020-03-17,17.56,17.93,17.02,17.84,237748.65,415759.664,0.012364
2020-03-18,17.99,18.05,17.44,17.47,191461.24,340554.051,0.009957
2020-03-19,17.44,17.78,17.08,17.34,154675.01,268394.908,0.008044
2020-03-20,17.79,19.07,17.63,19.07,573797.35,1056797.372,0.02984
2020-03-23,19.05,19.65,18.58,18.85,620723.52,1186899.273,0.03228
2020-03-24,19.0,19.0,18.18,18.51,332981.28,615042.658,0.017316
2020-03-25,18.69,19.18,18.47,18.81,373731.67,703403.554,0.019435
2020-03-26,18.61,19.57,18.51,19.29,440277.91,837590.299,0.022896
2020-03-27,19.29,19.3,18.75,18.79,294227.64,559507.684,0.015301
2020-03-30,19.05,19.92,18.78,19.64,629961.16,1226770.43,0.03276
2020-03-31,19.53,19.79,19.4,19.51,331706.75,649012.669,0.01725
2020-04-01,19.47,19.47,18.85,18.88,301730.62,574801.552,0.015691
2020-04-02,18.84,18.84,18.24,18.74,266407.47,493046.666,0.013854
2020-04-03,18.74,19.15,18.71,18.93,268367.55,509046.963,0.013956
2020-04-07,19.35,19.66,19.01,19.5,426558.45,827464.008,0.022183
2020-04-08,19.42,20.18,19.12,19.72,532533.38,1053795.431,0.027694
2020-04-09,19.73,20.07,19.45,19.85,379315.51,751334.493,0.019726
2020-04-10,20.1,20.34,19.6,19.75,348265.31,695278.974,0.018111
2020-04-13,19.75,20.3,19.64,20.15,348107.03,699239.109,0.018103
2020-04-14,20.01,20.07,19.54,19.88,393933.37,779267.285,0.020486
2020-04-15,19.88,20.2,19.81,19.85,344876.92,688570.496,0.017935
2020-04-16,19.85,20.25,19.57,19.92,368705.16,734553.581,0.019174
2020-04-17,20.0,20.1,19.51,19.57,322739.76,636921.161,0.016784
2020-04-20,19.74,20.07,19.71,19.74,282288.28,560466.068,0.01468
2020-04-21,19.65,20.5,19.45,20.1,438221.1,874653.817,0.022789
2020-04-22,20.02,20.02,19.65,19.79,275135.27,544643.636,0.014308000000000001
2020-04-23,19.69,20.05,19.58,19.6,255998.1,506543.896,0.013312999999999998
2020-04-24,19.71,19.75,18.93,19.0,275393.96,528309.789,0.014322
2020-04-27,18.9,18.97,18.54,18.73,186426.63,349895.497,0.009695
2020-04-28,18.74,18.96,18.2,18.4,211643.58,389963.815,0.011006
2020-04-29,18.22,18.56,18.22,18.28,147128.53,270509.634,0.007651
2020-04-30,18.34,18.53,18.31,18.5,147223.43,271353.042,0.007656
2020-05-06,18.29,18.68,18.28,18.65,192282.52,355618.407,0.009999000000000001
2020-05-07,18.59,18.68,18.45,18.51,132632.99,245886.563,0.0068969999999999995
2020-05-08,18.52,18.58,18.45,18.53,151065.5,279571.214,0.007856
2020-05-11,18.54,18.57,18.35,18.4,136640.7,252160.372,0.007106
2020-05-12,18.34,18.47,18.07,18.16,173961.08,317151.811,0.009047
2020-05-13,18.15,18.41,17.95,18.27,138326.75,251170.578,0.007194000000000001
2020-05-14,18.28,18.29,17.95,17.99,129854.21,234533.837,0.006753
2020-05-15,18.09,18.13,17.92,17.95,105866.98,190475.305,0.0055049999999999995
2020-05-18,18.0,18.16,17.86,18.08,106598.74,192356.698,0.005544
2020-05-19,18.21,18.26,18.07,18.1,112616.45,204147.497,0.005856
2020-05-20,18.05,18.13,17.91,17.95,89728.67,161494.7,0.004666
2020-05-21,18.03,18.11,17.71,17.74,167266.72,299712.964,0.008699
2020-05-22,17.76,17.77,17.29,17.39,137932.75,241198.961,0.0071730000000000006
2020-05-25,17.38,17.68,17.34,17.64,94291.42,165657.037,0.004904
2020-05-26,17.65,17.78,17.62,17.76,77369.61,137077.811,0.004024
2020-05-27,17.8,17.81,17.55,17.6,70351.82,124030.017,0.003659
2020-05-28,17.61,17.79,17.42,17.57,76364.9,134442.461,0.003971
2020-05-29,17.64,17.84,17.6,17.8,97143.18,172404.487,0.005052
2020-06-01,17.83,18.08,17.83,18.04,123671.83,222617.293,0.006431
2020-06-02,18.09,18.11,17.95,18.06,88813.78,159931.039,0.004619
2020-06-03,18.05,18.23,17.97,18.0,137427.73,248693.413,0.007147
2020-06-04,18.06,18.11,17.91,18.04,87735.16,157934.833,0.004563
2020-06-05,18.06,18.07,17.95,18.04,76611.48,137984.369,0.003984
2020-06-08,18.06,18.18,18.02,18.05,104317.82,188765.184,0.005425
2020-06-09,18.15,18.36,18.13,18.34,171335.36,313053.491,0.00891
2020-06-10,18.37,18.4,18.07,18.19,116021.48,211375.178,0.006034
2020-06-11,18.13,18.17,17.9,17.92,120964.12,218086.298,0.006291
2020-06-12,17.68,18.04,17.62,17.96,107483.61,192136.267,0.00559
2020-06-15,18.06,18.35,18.06,18.15,168099.4,306199.81,0.008742
2020-06-16,18.24,18.25,18.09,18.21,122678.91,222944.37,0.00638
2020-06-17,18.27,18.98,18.22,18.73,387081.43,721042.163,0.02013
2020-06-18,18.68,18.69,18.38,18.49,193199.0,357005.761,0.010046999999999999
2020-06-19,18.5,18.62,18.36,18.45,154569.78,285231.589,0.008038
2020-06-22,18.45,18.48,18.26,18.36,145261.66,266451.406,0.007554
2020-06-23,18.38,18.49,18.21,18.31,125410.64,230173.668,0.006522
2020-06-24,18.4,18.54,18.3,18.49,154170.89,284520.076,0.008017
2020-06-29,18.47,18.6,18.2,18.35,178285.61,328307.837,0.009272
2020-06-30,18.45,18.52,18.32,18.38,166700.61,306965.657,0.008669
2020-07-01,18.41,18.59,18.34,18.56,214795.02,396939.579,0.01117
2020-07-02,18.56,18.88,18.53,18.82,256266.67,480707.232,0.013327
2020-07-03,18.83,19.09,18.73,19.01,295262.79,558675.376,0.015355
2020-07-06,19.14,19.55,19.14,19.47,402758.11,780407.81,0.020945000000000002
2020-07-07,19.52,19.75,19.32,19.36,407160.17,793136.466,0.021174
2020-07-08,19.35,19.49,19.1,19.4,288069.66,555905.865,0.014981
2020-07-09,19.45,19.98,19.39,19.8,401403.41,791628.272,0.020874999999999998
2020-07-10,19.78,20.06,19.54,19.63,318724.15,630828.009,0.016575
2020-07-13,19.68,20.22,19.67,20.2,364195.77,729673.864,0.01894
2020-07-14,20.36,20.59,19.88,20.3,364567.68,737060.06,0.018959
2020-07-15,20.36,20.67,20.18,20.41,407983.27,835088.262,0.021217
2020-07-16,20.48,20.5,19.25,19.36,369009.75,729748.647,0.01919
2020-07-17,19.35,19.52,19.16,19.3,191186.13,369654.652,0.009942
2020-07-20,19.11,19.23,18.76,19.18,171594.94,326490.605,0.008924
2020-07-21,19.19,19.65,19.06,19.57,250769.67,485556.482,0.013041
2020-07-22,19.5,19.69,19.34,19.45,199153.05,388551.767,0.010357
2020-07-23,19.39,20.2,19.16,20.02,378802.48,748718.273,0.019699
2020-07-24,19.89,20.1,18.99,19.0,317811.76,619102.902,0.016527
2020-07-27,18.95,20.19,18.95,20.1,463574.91,915544.275,0.024108
2020-07-28,20.25,20.3,19.62,19.9,327491.06,651133.144,0.017031
2020-07-29,19.81,20.64,19.75,20.54,476693.39,971498.266,0.02479
2020-07-30,20.55,21.0,20.35,20.5,468335.58,967057.995,0.024355
2020-07-31,20.5,20.54,20.02,20.5,346862.19,705207.835,0.018038000000000002
2020-08-03,21.33,22.55,21.33,22.55,712906.87,1593214.402,0.037073999999999996
2020-08-04,23.0,24.81,22.72,24.52,1591654.68,3879041.85,0.08277200000000001
2020-08-05,23.65,24.45,22.65,24.07,852451.21,2027703.799,0.044330999999999995
2020-08-06,23.8,25.26,23.66,24.13,760418.54,1858651.109,0.039545
2020-08-07,24.73,25.98,23.22,25.2,796797.26,1933454.037,0.041437
2020-08-10,25.35,25.68,24.15,24.42,538654.67,1337168.747,0.028012000000000002
2020-08-11,24.43,24.7,23.05,23.17,543514.69,1291214.83,0.028265
2020-08-12,23.4,23.57,22.22,22.9,368521.17,840732.994,0.019165
2020-08-13,22.87,22.95,22.19,22.41,270580.17,611148.974,0.014071
2020-08-14,22.39,22.69,22.0,22.59,228577.28,511725.518,0.011887000000000002
2020-08-17,22.52,22.97,22.39,22.84,263467.99,598201.563,0.013701000000000001
2020-08-18,22.83,23.29,22.75,22.93,239907.04,550407.387,0.012476000000000001
2020-08-19,22.98,23.05,22.2,22.27,288570.77,646588.933,0.015007
2020-08-20,22.04,22.18,21.65,21.81,213949.03,468563.562,0.011126
2020-08-21,22.0,22.25,21.56,21.71,181621.86,397187.613,0.009445
2020-08-24,21.7,21.92,21.56,21.74,147720.81,321111.02,0.007682
2020-08-25,21.79,21.79,21.13,21.21,213295.11,456984.834,0.011092
2020-08-26,21.11,21.54,21.02,21.1,167517.05,356681.434,0.008712
2020-08-27,21.1,21.27,20.74,21.26,146062.95,306689.493,0.007596
2020-08-28,21.4,21.92,21.26,21.82,239182.78,516531.086,0.012438
2020-08-31,21.96,22.65,21.69,22.2,327042.03,725108.969,0.017007
2020-09-01,22.55,22.58,22.07,22.36,205577.7,459174.599,0.010690999999999999
2020-09-02,22.43,22.47,21.76,21.8,225051.5,494924.019,0.011704
2020-09-03,21.83,23.19,21.68,22.65,387564.95,877993.258,0.020155
2020-09-04,22.22,22.4,21.91,22.23,198779.64,440115.983,0.010337
2020-09-07,22.12,22.33,21.4,21.4,201148.79,438784.935,0.010461
2020-09-08,21.39,21.64,21.25,21.58,110904.19,238545.066,0.0057669999999999996
2020-09-09,21.3,21.49,20.84,20.91,160905.01,339295.744,0.008368
2020-09-10,21.16,21.42,20.68,20.68,122847.03,258452.867,0.006389000000000001
2020-09-11,20.66,21.06,20.63,21.06,93358.78,194887.322,0.004855
2020-09-14,21.11,21.26,20.79,20.85,112825.98,236544.279,0.005867
2020-09-15,20.86,20.98,20.66,20.91,105197.43,218945.63,0.005471
2020-09-16,20.91,20.91,20.5,20.57,109787.83,226764.623,0.005709
2020-09-17,20.56,20.57,20.05,20.22,146247.57,295920.18,0.007605
2020-09-18,20.22,20.72,20.15,20.69,130560.45,266773.458,0.006790000000000001
2020-09-21,20.65,20.98,20.48,20.7,107309.16,222238.08,0.005580000000000001
2020-09-22,20.6,21.04,20.56,20.6,132622.68,276101.946,0.0068969999999999995
2020-09-23,20.71,21.26,20.55,20.9,183504.96,384354.678,0.009543000000000001
2020-09-24,20.74,20.82,20.32,20.59,140152.67,288227.333,0.007288
2020-09-25,20.58,21.06,20.47,20.59,138194.21,287171.999,0.007187
2020-09-28,20.63,20.7,20.26,20.33,87090.37,177869.729,0.004529
2020-09-29,20.44,20.68,20.22,20.5,91024.31,186325.599,0.0047339999999999995
2020-09-30,20.55,20.8,20.22,20.31,86208.9,176138.779,0.004483
2020-10-09,20.41,20.82,20.41,20.74,126760.71,262158.562,0.006592
2020-10-12,20.89,21.24,20.8,21.23,160358.36,338323.044,0.008339
2020-10-13,21.22,21.55,21.11,21.36,167620.81,358394.832,0.008717
2020-10-14,21.3,21.47,21.06,21.11,122452.27,259891.181,0.006368
2020-10-15,21.18,21.34,20.87,21.1,131903.03,277968.03,0.006859
2020-10-16,21.0,21.64,20.97,21.63,198559.93,423727.666,0.010326
2020-10-19,21.62,21.62,20.99,21.08,177322.43,377522.679,0.009221
2020-10-20,21.09,21.23,20.83,21.12,96368.21,202592.039,0.005012
2020-10-21,21.1,21.52,21.03,21.27,144072.95,306756.445,0.0074919999999999995
2020-10-22,21.25,21.25,20.87,20.95,98492.94,206288.782,0.005122
2020-10-23,20.84,21.08,20.05,20.12,206138.75,422041.742,0.01072
2020-10-26,20.03,20.23,19.82,20.05,91441.16,183156.519,0.004755
2020-10-27,19.97,20.23,19.94,20.14,73445.1,147733.422,0.0038190000000000003
2020-10-28,20.24,20.24,19.98,20.17,77384.65,155673.4,0.004024
2020-10-29,20.01,20.52,19.98,20.42,107865.68,219136.018,0.005608999999999999
2020-10-30,20.42,20.46,19.86,19.92,142474.06,286415.204,0.007409
2020-11-02,19.93,20.05,19.82,19.96,94485.15,188077.001,0.004914
2020-11-03,19.97,20.18,19.87,20.12,94739.63,190071.722,0.004927
2020-11-04,20.12,20.15,19.54,19.77,166491.36,329697.454,0.008658
2020-11-05,19.85,20.35,19.85,20.3,157357.51,316750.428,0.008183000000000001
2020-11-06,20.3,20.38,20.08,20.38,122396.23,247415.22,0.006364999999999999
2020-11-09,20.4,20.65,20.28,20.65,147886.94,303486.325,0.007691
2020-11-10,21.01,21.55,20.66,20.69,180363.06,378935.714,0.00938
2020-11-11,20.63,20.65,20.28,20.37,118724.8,242553.35,0.006174
2020-11-12,20.48,20.59,20.29,20.33,78905.77,161218.031,0.004103
2020-11-13,20.35,20.49,20.12,20.31,99854.27,202791.971,0.005193
2020-11-16,20.35,20.72,20.35,20.6,90427.64,185632.201,0.004703
2020-11-17,20.71,20.72,20.37,20.71,109887.54,225711.851,0.0057150000000000005
2020-11-18,20.6,20.96,20.54,20.78,119079.08,247503.896,0.006193
2020-11-19,20.78,20.98,20.71,20.96,95852.7,200378.453,0.004985
2020-11-20,20.98,20.99,20.72,20.82,80491.61,167635.54,0.0041860000000000005
2020-11-23,20.85,21.1,20.8,20.91,167980.58,351944.155,0.008736
2020-11-24,20.83,20.84,20.52,20.53,136470.64,281368.387,0.007097
2020-11-25,20.57,20.72,20.25,20.45,143889.57,294207.795,0.007483
2020-11-26,20.39,20.44,20.16,20.23,95969.07,194322.109,0.004991
2020-11-27,20.28,20.35,20.08,20.33,78211.24,158098.483,0.004067
2020-11-30,20.33,20.39,20.11,20.11,130323.97,263855.757,0.006777
2020-12-01,20.22,20.28,20.14,20.22,127622.48,257901.435,0.006637
2020-12-02,20.22,20.34,20.15,20.2,129407.02,261561.962,0.006730000000000001
2020-12-03,20.22,20.45,20.16,20.28,144381.1,293416.352,0.007508
2020-12-04,20.32,20.38,20.19,20.29,94143.9,190627.904,0.004896
2020-12-07,20.3,20.33,19.9,19.9,141551.06,284350.146,0.0073609999999999995
2020-12-08,19.91,19.95,19.62,19.65,152742.8,301334.096,0.007943
2020-12-09,19.65,19.79,19.6,19.64,79291.61,156066.532,0.004123
2020-12-10,19.6,19.73,19.45,19.48,108516.27,212050.137,0.0056430000000000004
2020-12-11,19.49,19.54,19.12,19.16,110616.3,212889.712,0.005752
2020-12-14,19.16,19.28,19.0,19.22,78310.82,149968.18,0.004072
2020-12-15,19.11,19.22,18.91,19.0,118359.08,225094.586,0.006155000000000001
2020-12-16,19.1,19.22,19.01,19.06,64335.99,122862.953,0.003346
2020-12-17,19.19,19.43,19.1,19.38,105241.11,203424.973,0.0054730000000000004
2020-12-18,19.38,19.5,19.23,19.26,73071.56,141202.535,0.0038
2020-12-21,19.26,19.31,19.04,19.2,74239.11,142206.088,0.003861
2020-12-22,19.24,19.66,19.2,19.3,142658.86,277258.258,0.007419
2020-12-23,19.24,19.24,19.01,19.15,89200.03,170312.888,0.004639
2020-12-24,19.15,19.17,18.88,18.89,81526.9,154634.035,0.00424
2020-12-25,18.86,18.86,18.39,18.63,106128.49,197812.511,0.005519
2020-12-28,18.69,18.74,18.4,18.55,72213.15,134183.275,0.003755
2020-12-29,18.6,19.02,18.53,18.77,91383.57,171725.454,0.004752
2020-12-30,18.87,18.93,18.72,18.91,72291.88,136303.701,0.003759
2020-12-31,19.0,19.25,18.95,19.2,98093.39,187887.167,0.005101
2021-01-04,19.23,19.28,18.91,19.09,110510.8,210264.06,0.0057469999999999995
2021-01-05,19.09,19.25,18.88,19.18,151940.99,289501.979,0.007902
2021-01-06,19.18,19.43,19.09,19.3,116366.59,224316.911,0.006051999999999999
2021-01-07,19.3,19.3,18.7,18.88,139272.63,263685.457,0.007243
2021-01-08,18.9,19.1,18.79,19.02,104571.62,198266.371,0.005437999999999999
2021-01-11,19.0,19.21,18.63,18.7,117206.45,221921.868,0.006095000000000001
2021-01-12,18.88,19.09,18.8,18.95,101841.16,192583.946,0.0052959999999999995
2021-01-13,18.96,19.09,18.78,18.98,122503.16,232078.066,0.006371
2021-01-14,18.93,19.2,18.83,19.17,128388.59,245191.841,0.006677
2021-01-15,19.33,19.33,18.9,19.03,109537.92,208539.609,0.005696
2021-01-18,19.03,19.15,18.92,19.15,103825.97,197747.7,0.005399
2021-01-19,19.15,19.21,18.92,19.08,101568.0,193569.45,0.005282
2021-01-20,19.1,19.42,19.09,19.21,134162.8,258507.52,0.006977
2021-01-21,19.25,19.4,19.22,19.27,110027.65,212277.19,0.0057220000000000005
2021-01-22,19.27,19.57,19.05,19.57,181744.89,352062.803,0.009451000000000001
2021-01-25,19.59,19.59,19.05,19.14,158707.25,305155.4,0.008253
2021-01-26,19.21,19.21,18.59,18.68,135492.69,254787.06,0.007046
2021-01-27,18.67,18.78,18.61,18.75,82358.89,153877.392,0.004283
2021-01-28,18.62,18.62,18.2,18.26,109816.31,202225.315,0.005711000000000001
2021-01-29,18.38,18.38,18.01,18.06,89219.41,161859.478,0.00464
2021-02-01,18.05,18.27,17.91,18.15,68670.49,124286.837,0.0035709999999999995
2021-02-02,18.15,18.51,18.15,18.38,72423.45,133049.499,0.003766
2021-02-03,18.38,18.44,18.15,18.2,73097.11,133005.252,0.003801
2021-02-04,18.18,18.2,17.73,17.78,82303.42,147435.003,0.00428
2021-02-05,17.84,18.04,17.74,17.79,54287.95,96861.803,0.002823
2021-02-08,17.8,18.17,17.8,18.12,66184.83,119537.221,0.003442
2021-02-09,18.19,18.57,18.1,18.49,95526.17,175529.565,0.004968
2021-02-10,18.55,18.63,18.42,18.52,73416.6,136048.947,0.0038179999999999998
2021-02-18,18.59,18.79,18.53,18.58,106723.51,198666.733,0.00555
2021-02-19,18.56,18.84,18.5,18.78,119853.72,224573.73,0.006233
2021-02-22,18.78,18.97,18.75,18.79,133239.42,250876.426,0.006928999999999999
2021-02-23,18.82,18.93,18.67,18.78,115079.93,216490.181,0.005985000000000001
2021-02-24,18.7,18.91,18.69,18.79,116338.0,218880.146,0.00605
2021-02-25,18.78,19.54,18.74,19.12,186896.57,358370.441,0.009719
2021-02-26,19.2,21.0,19.15,20.47,569985.98,1155775.616,0.029641
2021-03-01,20.47,20.52,19.94,20.1,285806.46,575569.287,0.014863
2021-03-02,20.12,20.15,19.4,19.55,193924.5,381558.386,0.010085
2021-03-03,19.65,19.72,19.32,19.67,163738.48,319225.797,0.008515
2021-03-04,19.51,20.16,19.43,19.81,179397.55,355750.181,0.009328999999999999
2021-03-05,19.8,19.8,19.42,19.55,139841.45,273912.167,0.007272
2021-03-08,19.75,19.83,19.1,19.2,128872.22,250767.588,0.0067020000000000005
2021-03-09,19.21,19.43,18.96,19.18,104200.74,200348.295,0.005419
2021-03-10,19.32,19.32,18.72,18.75,123826.17,235242.746,0.006439
2021-03-11,18.78,18.95,18.6,18.9,122157.98,229616.98,0.006353
2021-03-12,18.9,19.08,18.69,19.01,73669.23,139129.462,0.0038309999999999998
2021-03-15,18.92,19.25,18.87,19.06,90984.3,173729.051,0.004732
2021-03-16,19.16,19.39,19.02,19.34,83966.77,161759.195,0.004366999999999999
2021-03-17,19.3,19.45,19.23,19.39,68010.04,131604.644,0.003537
2021-03-18,19.52,19.78,19.33,19.39,106779.87,208722.61,0.005553
2021-03-19,19.27,19.61,19.19,19.39,104115.32,201615.606,0.0054139999999999995
2021-03-22,19.39,19.64,19.35,19.61,78135.78,152604.44,0.004063
2021-03-23,19.65,19.69,19.27,19.43,80227.11,156183.181,0.004172
2021-03-24,19.31,19.4,18.96,19.09,86517.8,165823.59,0.004499
2021-03-25,19.12,19.33,19.09,19.19,48600.16,93280.221,0.0025269999999999997
2021-03-26,19.19,19.4,19.16,19.39,58837.48,113577.264,0.00306
2021-03-29,19.46,19.5,19.02,19.07,130956.31,250814.059,0.00681
2021-03-30,19.08,19.4,19.07,19.29,106072.7,204402.013,0.005516
2021-03-31,19.28,20.01,19.23,19.61,166231.67,327330.705,0.008645
2021-04-01,19.62,19.94,19.5,19.83,103024.53,203358.554,0.005358000000000001
2021-04-02,19.84,19.97,19.71,19.89,99478.26,197502.5,0.005173
2021-04-06,19.89,20.4,19.82,20.21,145293.28,293362.75,0.007556
2021-04-07,20.21,20.3,19.95,20.09,107899.6,216533.192,0.0056110000000000005
2021-04-08,20.0,20.08,19.78,20.01,75830.46,151264.169,0.0039429999999999995
2021-04-09,20.02,20.05,19.8,19.97,68881.52,137275.926,0.003582
2021-04-12,19.97,20.25,19.88,19.95,103855.95,208603.165,0.005401
2021-04-13,19.72,19.89,19.49,19.57,116576.96,229041.35,0.006062
2021-04-14,19.52,19.65,19.38,19.48,84204.78,164384.912,0.004379
2021-04-15,19.44,19.63,19.42,19.61,56539.16,110358.854,0.00294
2021-04-16,19.6,19.86,19.55,19.8,63018.28,124372.534,0.003277
2021-04-19,19.76,20.36,19.7,20.28,172316.78,348072.26,0.008961
2021-04-20,20.34,20.56,20.25,20.3,134771.86,274947.749,0.007009
2021-04-21,20.34,20.55,20.09,20.21,136263.75,276333.359,0.007086
2021-04-22,20.3,20.67,20.18,20.42,140883.58,287815.698,0.007326
2021-04-23,20.47,20.61,20.21,20.4,93013.66,189710.292,0.004837
2021-04-26,20.5,20.75,20.16,20.18,121995.71,249644.798,0.006344
2021-04-27,20.18,20.65,20.11,20.55,155372.24,318082.217,0.00808
2021-04-28,20.59,20.83,20.36,20.69,160815.06,331269.976,0.008363
2021-04-29,21.16,22.26,21.16,21.8,550177.82,1201196.911,0.028611
2021-04-30,21.78,22.65,21.66,22.38,375275.23,836135.969,0.019516
2021-05-06,22.4,22.41,21.09,21.57,399878.05,864457.23,0.020794999999999998
2021-05-07,21.61,21.97,21.26,21.33,215433.76,464099.016,0.011203000000000001
2021-05-10,21.58,22.15,21.46,21.69,222173.61,483335.738,0.011554
2021-05-11,21.56,21.83,21.27,21.74,156965.57,338886.187,0.008163
2021-05-12,21.02,21.03,19.88,20.62,528708.47,1075666.625,0.027495
2021-05-13,20.26,21.38,20.26,21.04,320831.78,671325.778,0.016684
2021-05-14,20.78,21.3,20.6,21.07,237482.25,499977.266,0.012350000000000002
2021-05-17,21.24,22.15,21.18,21.94,326137.8,711521.815,0.01696
2021-05-18,22.03,22.58,21.81,22.09,238286.0,527653.882,0.012392
2021-05-19,22.22,23.33,22.17,23.13,424256.58,977277.294,0.022063000000000003
2021-05-20,22.87,23.06,22.3,22.45,272742.51,616501.21,0.014184
2021-05-21,22.82,22.87,22.11,22.2,211479.05,473239.752,0.010998
2021-05-24,22.16,22.26,21.62,22.01,182799.01,400557.616,0.009506
2021-05-25,22.35,22.66,22.08,22.18,216604.96,482590.223,0.011264000000000001
2021-05-26,22.09,23.08,21.99,22.9,317246.85,720520.567,0.016498
2021-05-27,22.76,22.96,22.5,22.76,180677.13,410697.768,0.009396
2021-05-28,22.92,23.0,22.54,22.87,189930.01,432368.113,0.009877
2021-05-31,22.98,23.35,22.77,23.24,277156.16,639308.475,0.014413
2021-06-01,23.1,23.22,22.55,22.61,219371.26,498864.628,0.011408
2021-06-02,22.53,22.59,22.31,22.41,136198.37,305466.238,0.007083000000000001
2021-06-03,22.51,22.88,22.39,22.39,141943.3,320898.071,0.007382
2021-06-04,22.36,22.56,22.24,22.36,107400.03,240185.425,0.005585
2021-06-07,22.38,22.76,21.9,22.63,169164.22,378708.994,0.008797000000000001
2021-06-08,22.59,22.78,21.9,21.9,186217.07,412937.065,0.009684
2021-06-09,21.94,22.14,21.7,21.85,150613.83,330060.784,0.007832
2021-06-10,21.77,21.97,21.57,21.68,140277.13,305105.466,0.007295
2021-06-11,21.68,21.73,21.33,21.43,128724.56,276514.367,0.006694
2021-06-15,21.4,21.56,21.05,21.43,169668.5,360581.775,0.008823
2021-06-16,21.31,21.44,20.89,20.9,115665.59,244472.133,0.006015
2021-06-17,20.89,20.99,20.66,20.83,111281.73,231736.12,0.005787
2021-06-18,20.8,20.94,20.63,20.79,83735.72,174067.7,0.004355
2021-06-21,20.65,20.86,20.38,20.65,149215.77,307776.06,0.00776
2021-06-22,20.69,21.13,20.6,21.01,134053.98,280829.881,0.006971000000000001
2021-06-23,21.08,21.37,20.91,21.04,125264.34,264451.598,0.006514
2021-06-24,21.1,21.23,20.84,20.87,78931.14,165390.379,0.004105
2021-06-25,20.83,21.16,20.79,21.15,94192.39,198015.514,0.0048980000000000004
2021-06-28,21.21,21.34,20.74,21.3,161745.01,340339.656,0.008411
2021-06-29,21.41,21.41,21.1,21.16,95125.13,201835.814,0.004947
2021-06-30,21.2,21.25,20.78,21.13,115264.13,242724.775,0.005994
2021-07-01,21.2,21.73,21.07,21.47,211232.62,454467.741,0.010985
2021-07-02,21.47,21.47,20.75,20.78,175442.36,369359.932,0.009124
2021-07-05,20.88,20.96,20.59,20.87,102589.81,213155.816,0.0053349999999999995
2021-07-06,20.88,20.88,20.09,20.3,199069.87,405445.865,0.010351999999999998
2021-07-07,20.24,20.42,20.16,20.27,114731.45,232785.619,0.005966
2021-07-08,20.3,20.45,19.95,19.99,118621.02,238482.856,0.006169
2021-07-09,20.01,20.04,19.82,19.92,120928.05,240748.122,0.006289
2021-07-12,19.96,20.27,19.88,19.96,133522.86,267998.18,0.0069440000000000005
2021-07-13,20.26,20.26,20.1,20.15,85055.03,171466.105,0.004423
2021-07-14,20.1,20.33,19.98,20.15,142838.18,287817.533,0.007428000000000001
2021-07-15,20.19,20.19,19.8,19.98,137386.9,273539.195,0.007145
2021-07-16,20.04,20.1,19.86,19.99,139322.6,278284.429,0.007245000000000001
2021-07-19,19.63,19.77,19.3,19.7,144311.74,282007.489,0.0075049999999999995
2021-07-20,19.65,19.88,19.54,19.82,151271.52,298324.338,0.007866999999999999
2021-07-21,19.75,19.8,19.57,19.69,138992.84,272899.399,0.007228
2021-07-22,19.68,19.83,19.57,19.67,150947.63,297106.433,0.007850000000000001
2021-07-23,19.7,19.75,19.3,19.42,156503.47,305351.151,0.008139
2021-07-26,19.41,19.41,18.6,18.76,194149.82,367165.862,0.010097
2021-07-27,18.85,19.07,18.66,18.67,124184.59,234910.107,0.006458
2021-07-28,18.7,18.88,18.64,18.8,85886.11,161090.937,0.004466
2021-07-29,18.98,19.04,18.85,18.91,84368.82,159639.087,0.004388
2021-07-30,18.95,19.03,18.53,19.03,116839.36,218789.521,0.006076000000000001
2021-08-02,18.99,19.19,18.66,19.07,121619.9,230401.161,0.006325
2021-08-03,19.03,19.86,18.92,19.48,241982.96,472545.497,0.012584
2021-08-04,19.51,19.57,19.15,19.41,124173.97,239995.518,0.006458
2021-08-05,19.41,19.67,19.2,19.29,103996.71,201627.903,0.005408
2021-08-06,19.3,19.3,18.88,18.94,123506.41,234236.373,0.006423
2021-08-09,18.93,19.24,18.75,19.17,112224.93,213767.545,0.005836
2021-08-10,19.17,19.35,19.07,19.33,117940.92,226363.606,0.0061329999999999996
2021-08-11,19.38,19.38,19.14,19.16,99775.15,191681.202,0.005189
2021-08-12,19.2,19.26,19.1,19.11,84257.33,161446.273,0.004382
2021-08-13,19.1,19.18,18.88,18.96,103556.75,196679.631,0.005385
2021-08-16,18.91,19.31,18.9,19.17,100459.92,192749.513,0.0052239999999999995
2021-08-17,19.18,19.43,18.93,19.0,157264.94,302173.898,0.008178
2021-08-18,19.06,19.11,18.91,19.05,90895.76,172594.127,0.004727
2021-08-19,19.02,19.28,18.96,19.05,92300.37,176385.304,0.0048
2021-08-20,19.03,19.11,18.77,18.86,108706.07,205088.12,0.005653
2021-08-23,18.81,18.91,18.71,18.86,86290.59,162464.822,0.004487
2021-08-24,18.85,18.91,18.78,18.87,103665.63,195443.539,0.005391
2021-08-25,18.83,18.92,18.74,18.92,93050.59,175269.226,0.0048389999999999996
2021-08-26,18.9,19.1,18.8,19.04,111520.42,211539.933,0.0057989999999999995
2021-08-27,19.05,19.08,18.81,18.97,84484.56,159819.364,0.004394
2021-08-30,19.0,19.45,18.95,19.45,175486.41,337955.897,0.009126
2021-08-31,19.5,19.5,19.01,19.2,207674.87,398098.674,0.0108
2021-09-01,19.1,19.41,18.96,19.3,192957.47,369962.57,0.010035
2021-09-02,19.3,19.39,19.17,19.33,146814.3,282856.56,0.007634999999999999
2021-09-03,19.31,19.86,19.27,19.68,231539.06,454741.344,0.012041
2021-09-06,19.69,20.24,19.69,19.9,227245.86,453363.801,0.011818
2021-09-07,19.97,20.24,19.83,20.06,195193.7,391406.429,0.010150999999999999
2021-09-08,19.97,20.12,19.86,19.96,162307.57,323714.665,0.008440999999999999
2021-09-09,20.02,20.34,20.02,20.23,179269.12,362433.148,0.009323
2021-09-10,20.33,20.45,20.13,20.19,146660.21,296995.58,0.007627
2021-09-13,20.26,20.35,20.04,20.16,138147.04,278693.374,0.007184
2021-09-14,20.16,20.33,19.96,20.01,195295.21,392855.441,0.010156
2021-09-15,20.0,20.03,19.64,19.74,140707.46,279269.257,0.007317000000000001
2021-09-16,19.81,19.98,19.5,19.5,140682.14,277186.883,0.0073160000000000005
2021-09-17,19.5,19.63,19.4,19.6,112299.61,219033.718,0.00584
2021-09-22,19.32,19.51,19.21,19.45,107495.39,208319.089,0.00559
2021-09-23,19.46,19.92,19.46,19.82,169680.67,335640.389,0.008824
2021-09-24,19.85,19.99,19.7,19.75,109709.29,217673.62,0.005705
2021-09-27,19.8,19.93,19.52,19.65,99460.89,195949.28,0.0051719999999999995
2021-09-28,19.65,19.69,19.41,19.46,93355.41,181968.267,0.004855
2021-09-29,19.35,19.45,18.98,19.01,112558.96,215038.516,0.0058530000000000006
2021-09-30,19.02,19.24,18.97,19.13,81686.7,155869.988,0.004248
2021-10-08,19.14,19.39,19.13,19.34,99477.25,191846.198,0.005173
2021-10-11,19.45,19.66,19.3,19.35,102627.3,199438.791,0.005337
2021-10-12,19.4,19.5,19.12,19.2,92174.13,177879.042,0.004793
2021-10-13,19.2,19.28,18.99,19.22,78944.9,150979.658,0.004105
2021-10-14,19.23,19.24,19.07,19.08,65015.03,124381.941,0.0033810000000000003
2021-10-15,19.06,19.12,18.75,18.92,96350.96,182067.367,0.005011
2021-10-18,18.91,18.92,18.73,18.77,87245.53,163838.95,0.004537
2021-10-19,18.71,18.83,18.64,18.77,117564.37,220259.647,0.0061140000000000005
2021-10-20,18.79,18.82,18.66,18.7,86453.66,161674.479,0.004496
2021-10-21,18.71,18.82,18.68,18.76,69373.69,130004.823,0.003608
2021-10-22,18.71,18.8,18.67,18.7,75361.76,141122.604,0.003919000000000001
2021-10-25,18.7,18.79,18.66,18.78,59566.37,111490.292,0.003098
2021-10-26,18.78,18.89,18.73,18.81,85900.71,161614.781,0.004467
2021-10-27,18.82,18.83,18.41,18.43,98625.1,182968.484,0.005129
2021-10-28,18.3,18.4,18.02,18.12,103133.0,186905.943,0.005363
2021-10-29,18.3,18.67,18.16,18.65,106302.36,196451.919,0.005528
2021-11-01,18.42,18.5,18.18,18.4,116951.81,214111.442,0.006082
2021-11-02,18.41,18.43,18.01,18.03,125164.02,227162.417,0.006509
2021-11-03,18.1,18.19,18.02,18.08,68728.93,124201.593,0.003574
2021-11-04,18.09,18.16,18.02,18.15,52009.93,94138.672,0.0027050000000000004
2021-11-05,18.13,18.22,18.04,18.19,58826.29,106793.593,0.003059
2021-11-08,18.17,18.2,17.93,17.98,85536.67,153826.763,0.004448
2021-11-09,17.99,18.05,17.92,18.03,63043.45,113329.387,0.0032790000000000002
2021-11-10,18.0,18.21,17.91,18.19,78544.44,142037.601,0.004085
2021-11-11,18.12,18.29,18.09,18.28,62703.91,114229.482,0.003261
2021-11-12,18.3,18.34,18.23,18.3,50344.72,92053.854,0.0026179999999999997
2021-11-15,18.28,18.44,18.19,18.42,66424.97,122015.187,0.003454
2021-11-16,18.42,18.52,18.3,18.35,78073.27,143744.43,0.00406
2021-11-17,18.36,18.38,18.2,18.25,61853.16,112849.476,0.003217
2021-11-18,18.25,18.26,18.07,18.13,62965.28,114241.554,0.0032740000000000004
2021-11-19,18.18,18.23,18.06,18.19,65464.57,118896.442,0.003404
2021-11-22,18.2,18.29,18.17,18.29,58229.69,106212.731,0.0030280000000000003
2021-11-23,18.28,18.38,18.24,18.36,56162.75,102886.44,0.0029210000000000004
2021-11-24,18.36,18.46,18.26,18.4,56457.42,103704.394,0.0029360000000000002
2021-11-25,18.43,18.63,18.38,18.48,84619.74,156568.807,0.0044009999999999995
2021-11-26,18.5,18.56,18.33,18.37,64134.7,118227.622,0.0033350000000000003
2021-11-29,18.42,18.68,18.42,18.56,92028.04,170696.461,0.004786
2021-11-30,18.49,18.49,18.29,18.4,94337.16,173308.606,0.004906
2021-12-01,18.36,18.44,18.3,18.41,53284.75,97958.703,0.002771
2021-12-02,18.37,18.63,18.35,18.53,83771.98,155168.128,0.004356
2021-12-03,18.5,18.56,18.43,18.55,57067.39,105596.753,0.002968
2021-12-06,18.54,18.54,18.37,18.4,69395.56,128122.458,0.003609
2021-12-07,18.42,18.51,18.4,18.49,54888.26,101301.697,0.0028539999999999998
2021-12-08,18.56,18.56,18.44,18.5,58346.03,107874.42,0.0030340000000000002
2021-12-09,18.51,18.73,18.46,18.7,107337.36,200149.204,0.005582
2021-12-10,18.7,18.72,18.53,18.58,87722.15,163037.087,0.004562
2021-12-13,18.57,18.7,18.52,18.57,70236.16,130700.546,0.003653
2021-12-14,18.53,18.6,18.48,18.53,61623.07,114215.711,0.003205
2021-12-15,18.53,18.84,18.53,18.84,125022.36,233877.149,0.006502
2021-12-16,18.9,18.9,18.66,18.73,104762.86,196456.203,0.005448
2021-12-17,18.66,18.77,18.63,18.73,60367.83,112881.151,0.0031390000000000003
2021-12-20,18.75,18.89,18.66,18.77,101225.03,190262.456,0.005264
2021-12-21,18.8,18.9,18.76,18.89,77524.97,146186.834,0.004032
2021-12-22,18.92,18.99,18.81,18.98,94372.02,178410.282,0.004908
2021-12-23,18.98,19.0,18.79,18.91,80768.18,152505.222,0.0042
2021-12-24,18.88,19.35,18.77,19.17,173119.08,331143.927,0.009003
2021-12-27,19.2,19.96,19.16,19.89,294206.2,578985.654,0.015300000000000001
2021-12-28,19.89,19.89,19.46,19.58,154657.24,302995.761,0.008043
2021-12-29,19.59,19.88,19.54,19.68,141973.0,279942.379,0.007383
2021-12-30,19.7,19.92,19.55,19.85,112584.75,222350.395,0.005855
2021-12-31,19.83,20.16,19.79,19.87,173008.66,345935.709,0.008997
2022-01-04,20.34,20.71,20.1,20.5,362671.21,744126.661,0.01886
2022-01-05,20.45,20.45,20.0,20.13,220108.07,444076.683,0.011446000000000001
2022-01-06,20.12,20.41,19.91,20.32,156800.3,316121.279,0.008154
2022-01-07,20.23,20.73,20.21,20.4,167709.31,343164.924,0.008722
2022-01-10,20.48,20.64,20.28,20.4,95980.87,195993.743,0.004991
2022-01-11,20.29,20.89,20.26,20.69,209296.99,433937.935,0.010884
2022-01-12,20.7,20.82,20.46,20.63,106934.64,220547.683,0.005561
2022-01-13,20.55,20.66,20.05,20.1,209255.6,423889.148,0.010882000000000001
2022-01-14,20.19,20.41,20.06,20.24,143205.15,290329.395,0.0074470000000000005
2022-01-17,20.26,20.53,20.23,20.35,114976.75,234017.134,0.005979
2022-01-18,20.31,20.34,20.05,20.17,113217.29,228432.887,0.005888
2022-01-19,20.07,20.22,19.78,19.93,113599.78,227088.661,0.005908
2022-01-20,20.0,20.39,19.96,20.22,131892.12,266393.038,0.006859
2022-01-21,20.22,20.25,19.68,19.69,100588.71,199693.463,0.005231
2022-01-24,19.75,19.8,19.6,19.7,62121.93,122391.485,0.003231
2022-01-25,19.6,19.7,19.21,19.24,112785.77,218859.04,0.005865
2022-01-26,19.34,19.4,18.98,19.08,73721.62,141303.117,0.003834
2022-01-27,19.13,19.43,18.87,18.93,103132.07,197003.681,0.005363
2022-01-28,18.93,19.12,18.78,18.88,75844.85,143819.539,0.003944
2022-02-07,19.05,19.29,18.99,19.23,63915.64,122645.624,0.0033239999999999997
2022-02-08,19.23,19.48,19.16,19.48,54394.83,105445.024,0.002829
2022-02-09,19.48,19.6,19.36,19.56,53421.97,104270.959,0.002778
2022-02-10,19.47,19.79,19.45,19.54,56178.99,110193.31,0.002922
2022-02-11,19.54,19.59,19.2,19.27,70393.47,136434.1,0.0036609999999999998
2022-02-14,19.26,19.49,18.95,19.0,87828.35,167994.754,0.004567
2022-02-15,19.02,19.25,18.96,19.05,54235.54,103335.886,0.0028199999999999996
2022-02-16,19.15,19.25,19.05,19.1,47256.32,90411.357,0.002458
2022-02-17,19.16,19.16,18.85,18.89,70313.41,133067.104,0.003657
2022-02-18,18.85,19.01,18.8,18.99,47677.9,90306.499,0.0024790000000000003
2022-02-21,19.18,19.22,19.0,19.21,68779.8,131557.308,0.0035770000000000003
2022-02-22,19.07,19.1,18.83,18.88,75909.39,143706.551,0.003948
2022-02-23,18.88,19.06,18.85,18.91,58235.43,110356.397,0.0030280000000000003
2022-02-24,18.87,18.88,18.39,18.55,127616.93,237990.827,0.006637
2022-02-25,18.6,18.8,18.52,18.63,75124.38,140006.098,0.003907
2022-02-28,18.6,18.74,18.39,18.68,81195.74,150950.235,0.004222
2022-03-01,18.74,18.74,18.55,18.61,56189.79,104516.66,0.002922
2022-03-02,18.54,18.89,18.48,18.84,73961.4,138337.689,0.003846
2022-03-03,18.9,19.15,18.82,19.03,82596.4,156913.094,0.004295
2022-03-04,19.1,19.32,19.02,19.15,119794.22,229614.968,0.006229
2022-03-07,19.07,19.54,18.96,19.3,171222.28,329670.789,0.008903
2022-03-08,19.48,19.5,18.5,18.55,129935.5,245811.765,0.006756
2022-03-09,18.5,18.62,17.55,17.9,153488.84,277752.635,0.007981
2022-03-10,18.18,19.24,18.08,19.09,225168.99,424577.953,0.011707
2022-03-11,18.96,19.33,18.73,19.33,165586.29,315383.559,0.00861
2022-03-14,19.4,19.92,19.21,19.3,216877.04,424728.251,0.011276
2022-03-15,19.31,19.33,18.2,18.25,183173.33,343410.872,0.009524
2022-03-16,18.32,18.8,17.8,18.58,134775.04,246198.72,0.0070079999999999995
2022-03-17,18.73,20.44,18.68,20.44,347035.83,699729.193,0.018044
2022-03-18,22.48,22.48,22.48,22.48,270102.95,607191.432,0.014044000000000001
2022-03-21,24.73,24.73,24.73,24.73,321905.46,796072.203,0.016737
2022-03-22,25.07,26.58,24.02,24.94,2082198.05,5311312.684,0.108262
2022-03-23,24.31,25.18,22.51,24.0,1393732.22,3320308.624,0.072466
2022-03-24,23.7,26.4,23.7,26.4,902158.81,2320744.211,0.046907
2022-03-25,28.64,28.64,25.11,25.3,1960606.74,5238185.967,0.10194
2022-03-28,24.9,25.99,23.97,24.42,1063711.25,2658684.236,0.055307
2022-03-29,24.19,25.55,23.39,24.42,994126.67,2431846.229,0.051689
2022-03-30,23.86,25.16,23.08,24.34,981597.62,2349193.64,0.051037
2022-03-31,23.9,26.54,23.8,24.51,1209318.47,3035302.456,0.062878
2022-04-01,23.68,25.16,23.5,24.04,726806.92,1764986.674,0.03779
2022-04-06,24.3,24.7,23.4,23.57,590607.94,1414375.51,0.030708000000000003
2022-04-07,23.35,23.35,21.9,21.97,728413.22,1639834.06,0.037865
2022-04-08,21.74,22.14,20.88,20.91,465737.29,989850.576,0.02421
2022-04-11,21.07,21.21,20.28,20.47,427200.53,882244.522,0.022206999999999998
2022-04-12,20.1,20.48,19.76,20.25,393918.33,794166.587,0.020477
2022-04-13,19.8,20.0,19.26,19.27,492044.53,957992.003,0.025578
2022-04-14,19.19,19.8,19.17,19.28,308404.9,598390.303,0.016032
2022-04-15,19.31,19.85,19.25,19.39,404417.79,791182.405,0.021023
2022-04-18,19.45,20.18,19.42,19.77,366812.76,726857.035,0.019068
2022-04-19,19.71,19.71,19.09,19.25,348656.0,673476.225,0.018124
2022-04-20,19.1,19.39,18.8,18.88,288360.15,548867.064,0.014990000000000002
2022-04-21,18.8,18.86,18.13,18.2,285903.62,528755.789,0.014862
2022-04-22,18.2,18.25,17.9,18.0,242493.17,438190.889,0.012605
2022-04-25,17.9,18.15,17.03,17.07,384156.4,676854.89,0.019969
2022-04-26,17.07,17.47,16.95,17.06,291900.99,502357.307,0.015174
2022-04-27,16.9,17.24,16.41,17.18,317661.13,533470.284,0.016513
2022-04-28,17.03,17.35,16.77,17.1,219830.96,373845.528,0.011427
2022-04-29,17.0,17.64,16.93,17.59,334639.39,579216.018,0.017395
2022-05-05,17.48,18.31,17.28,18.15,365241.1,652848.35,0.018986
2022-05-06,17.75,18.08,17.54,17.61,237517.94,422022.149,0.012346999999999999
2022-05-09,17.59,18.85,17.56,18.52,452527.3,833988.696,0.023523000000000002
2022-05-10,18.18,18.58,17.9,18.52,326834.92,597614.962,0.01699
2022-05-11,18.78,20.37,18.78,20.37,361607.35,723375.109,0.018796999999999998
2022-05-12,20.4,21.38,19.43,19.67,984967.63,1997601.506,0.051200999999999997
2022-05-13,19.99,21.53,19.99,21.06,971815.93,2029758.613,0.050517000000000006
2022-05-16,21.08,21.1,19.56,19.99,656913.73,1323246.789,0.034148
2022-05-17,19.92,19.93,18.65,18.99,589106.25,1124360.605,0.030623
2022-05-18,19.06,19.16,18.63,18.73,279365.34,526848.782,0.014522
2022-05-19,18.6,18.75,18.21,18.7,305255.74,564527.98,0.015868
2022-05-20,19.3,20.57,19.28,19.41,1074401.35,2142159.687,0.05585
2022-05-23,18.9,19.4,18.8,19.01,536226.57,1021431.371,0.027874
2022-05-24,18.93,19.09,17.72,17.76,652402.46,1191854.433,0.033913
2022-05-25,17.7,18.01,17.7,17.96,269786.23,481515.205,0.014024000000000002
2022-05-26,17.96,18.03,17.73,17.91,234578.25,419616.198,0.012194
2022-05-27,17.97,18.08,17.74,17.96,223841.14,400544.154,0.011636
2022-05-30,17.99,18.05,17.65,17.87,170602.69,303890.115,0.008868000000000001
2022-05-31,17.87,18.0,17.65,18.0,263720.73,470062.129,0.013709
2022-06-01,17.89,17.97,17.59,17.71,241937.84,429929.456,0.012577
2022-06-02,17.66,17.85,17.52,17.78,166780.02,294408.485,0.00867
2022-06-06,17.79,17.9,17.66,17.88,180248.81,320678.789,0.00937
2022-06-07,17.89,18.53,17.8,18.43,385075.3,701722.556,0.020007999999999998
2022-06-08,18.43,18.43,17.97,18.14,261208.93,473810.954,0.013571999999999999
2022-06-09,18.14,18.14,17.72,17.8,222841.74,398092.582,0.011578
2022-06-10,17.68,18.12,17.65,18.12,294304.25,526295.525,0.015290999999999999
2022-06-13,17.9,18.05,17.76,17.88,190071.89,339652.604,0.009876000000000001
2022-06-14,17.85,18.0,17.5,17.97,220807.5,391562.581,0.011473
2022-06-15,17.9,18.24,17.88,18.04,329222.92,596014.479,0.017106
2022-06-16,18.0,18.24,17.98,18.07,218151.55,394950.293,0.011335
2022-06-17,18.07,18.26,17.81,18.21,301561.28,545805.495,0.015669
2022-06-20,18.2,18.46,18.12,18.31,239702.3,438080.653,0.012454
2022-06-21,18.33,18.76,18.16,18.4,325573.45,600767.007,0.016916
2022-06-22,18.51,18.76,18.29,18.52,358641.93,665275.352,0.018633999999999998
2022-06-23,18.48,18.48,18.01,18.25,318941.05,578977.166,0.016572
2022-06-24,18.25,18.45,18.15,18.25,240121.88,438858.932,0.012476000000000001
2022-06-27,18.4,18.55,18.19,18.24,334499.5,612877.919,0.01738
2022-06-28,18.19,18.3,18.01,18.29,254362.75,461893.744,0.013216
2022-06-29,18.25,18.39,18.03,18.04,259050.52,471534.139,0.013460000000000001
2022-06-30,18.05,18.23,18.0,18.08,357776.87,647407.883,0.018589
2022-07-01,18.04,18.13,17.88,17.99,188901.37,339795.502,0.009815
2022-07-04,18.02,18.37,18.02,18.33,306716.12,559834.165,0.015936
2022-07-05,18.45,18.47,18.06,18.26,232385.9,423731.099,0.012074
2022-07-06,18.22,18.32,17.87,17.97,244266.02,440307.731,0.012692000000000002
2022-07-07,18.02,18.02,17.82,17.83,181523.0,324533.763,0.009432000000000001
2022-07-08,17.9,18.27,17.83,18.2,241897.59,437040.331,0.012568999999999999
2022-07-11,18.87,19.0,18.4,18.49,679545.4,1267976.228,0.035308
2022-07-12,18.3,18.33,17.96,18.04,362021.23,655376.693,0.01881
2022-07-13,17.97,18.07,17.85,17.99,173857.73,312058.452,0.009033
2022-07-14,17.9,18.06,17.88,17.94,158500.74,284585.807,0.008235
2022-07-15,17.88,17.94,17.67,17.67,216158.93,384005.311,0.011231
2022-07-18,17.69,17.88,17.69,17.88,103315.08,184036.174,0.005368
2022-07-19,17.87,17.93,17.8,17.92,105603.63,188615.573,0.005487
2022-07-20,17.93,18.04,17.9,18.0,118492.48,213129.533,0.006157
2022-07-21,17.99,18.03,17.87,17.88,121044.82,217006.885,0.006289
2022-07-22,17.58,17.58,17.3,17.41,121417.39,211753.88,0.006309
2022-07-25,17.4,17.53,17.37,17.46,81954.41,143015.853,0.0042580000000000005
2022-07-26,17.46,17.46,17.31,17.45,89342.86,155310.319,0.004642
2022-07-27,17.44,17.48,17.33,17.4,64767.19,112677.222,0.0033650000000000004
2022-07-28,17.41,17.47,17.36,17.38,104782.49,182349.557,0.005444
2022-07-29,17.39,17.4,17.11,17.18,146485.61,252327.319,0.007611
2022-08-01,17.11,17.17,17.0,17.08,104275.54,177817.378,0.005417999999999999
2022-08-02,17.0,17.0,16.5,16.66,186149.41,310386.369,0.009672
2022-08-03,16.53,16.88,16.51,16.51,111441.06,185687.115,0.00579
2022-08-04,16.58,16.67,16.51,16.64,75366.82,125157.544,0.003916
2022-08-05,16.66,16.95,16.65,16.94,103240.97,173419.558,0.005364
2022-08-08,16.98,17.19,16.94,17.05,92406.3,157663.52,0.004801000000000001
2022-08-09,17.06,17.1,16.87,16.97,67398.88,114178.385,0.003502
2022-08-10,17.02,17.02,16.8,16.87,62572.63,105666.902,0.003251
2022-08-11,16.9,17.11,16.85,17.09,94071.45,160024.766,0.004888
2022-08-12,17.08,17.15,17.02,17.13,68158.13,116626.427,0.0035410000000000003
2022-08-15,17.09,17.1,16.96,17.01,68093.88,115871.747,0.003538
2022-08-16,17.01,17.07,16.96,16.99,55860.3,94909.376,0.002902
2022-08-17,17.0,17.04,16.91,17.01,61465.34,104315.96,0.0031940000000000002
2022-08-18,16.99,16.99,16.83,16.84,71373.16,120489.722,0.0037080000000000004
2022-08-19,16.82,16.9,16.77,16.79,62110.88,104525.771,0.003227
2022-08-22,16.76,16.88,16.61,16.87,81365.13,136364.036,0.004228
2022-08-23,16.96,16.96,16.76,16.85,64509.39,108453.189,0.003352
2022-08-24,16.77,16.88,16.64,16.64,79335.2,132718.441,0.004122
2022-08-25,16.66,16.74,16.54,16.74,64776.33,107749.343,0.003366
2022-08-26,16.75,16.82,16.64,16.75,50086.0,83882.958,0.0026019999999999997
2022-08-29,16.61,16.75,16.56,16.73,48829.34,81486.214,0.0025369999999999998
2022-08-30,17.0,17.25,16.91,17.17,233143.95,399320.529,0.012114
2022-08-31,17.17,17.32,17.09,17.28,203081.73,350107.19,0.010551999999999999
2022-09-01,17.26,17.55,17.1,17.5,229755.15,401168.416,0.011937999999999999
2022-09-02,17.53,17.6,17.36,17.5,155786.86,272407.996,0.008094
2022-09-05,17.58,17.86,17.38,17.5,157994.24,277827.519,0.008209
2022-09-06,17.51,17.59,17.32,17.47,108003.82,188207.0,0.005612000000000001
2022-09-07,17.46,17.59,17.4,17.48,97277.26,170326.32,0.0050539999999999995
2022-09-08,17.46,17.55,17.36,17.37,75916.34,132319.55,0.003944
2022-09-09,17.47,17.65,17.39,17.55,100485.85,176090.083,0.005221
2022-09-13,17.64,17.64,17.41,17.44,77850.75,136349.258,0.004045
2022-09-14,17.3,17.52,17.14,17.49,88697.84,154044.035,0.004608999999999999
2022-09-15,17.51,17.56,17.19,17.3,93665.56,162964.24,0.004867
2022-09-16,17.3,17.46,16.92,16.93,149835.09,256051.427,0.007784999999999999
2022-09-19,16.94,16.97,16.6,16.79,90430.73,151607.517,0.004699
2022-09-20,16.78,16.93,16.7,16.79,66694.98,111942.004,0.0034649999999999998
2022-09-21,16.79,16.84,16.59,16.81,68153.24,113939.84,0.0035410000000000003
2022-09-22,16.71,16.95,16.69,16.7,65863.38,110509.05,0.003422
2022-09-23,16.65,16.83,16.44,16.49,113538.06,188492.37,0.005899
2022-09-26,16.44,16.44,16.08,16.1,129450.84,210523.701,0.006725999999999999
2022-09-27,16.17,16.55,16.15,16.55,94364.71,154486.518,0.004903
2022-09-28,16.58,16.85,16.45,16.49,104412.44,173653.949,0.005425
2022-09-29,16.62,16.84,16.31,16.37,91130.92,151136.677,0.004735
2022-09-30,16.35,16.65,16.33,16.51,75941.75,125616.215,0.003946
2022-10-10,16.51,16.71,16.28,16.32,92860.93,153276.847,0.004824999999999999
2022-10-11,16.29,16.42,16.01,16.37,96051.68,155493.705,0.004991
2022-10-12,16.29,16.56,16.12,16.53,73152.39,119487.208,0.003801
2022-10-13,16.59,16.75,16.45,16.7,84277.36,140500.443,0.004379
2022-10-14,16.75,17.32,16.68,17.19,179047.86,306926.342,0.009303
2022-10-17,17.19,17.47,17.15,17.22,111848.69,193346.493,0.005810999999999999
2022-10-18,17.23,17.46,17.12,17.42,143202.0,248575.907,0.0074399999999999996
2022-10-19,17.4,17.4,17.02,17.14,94128.33,161599.563,0.0048909999999999995
2022-10-20,17.04,17.3,17.03,17.11,89272.44,153016.953,0.004638
2022-10-21,17.05,17.28,17.03,17.22,77290.68,132918.694,0.0040160000000000005
2022-10-24,17.3,17.48,16.66,16.86,119946.41,204647.296,0.006232
2022-10-25,16.75,16.96,16.55,16.7,87376.94,145892.252,0.00454
2022-10-26,16.7,17.5,16.69,17.36,200342.67,345873.211,0.010409
2022-10-27,17.4,17.74,17.22,17.72,250947.19,440307.605,0.013039
2022-10-28,17.43,17.57,17.13,17.18,183307.45,318057.658,0.009524
2022-10-31,17.2,17.72,16.91,17.58,236004.87,411306.84,0.012262
2022-11-01,17.54,17.95,17.44,17.9,295871.69,525442.706,0.015373000000000001
2022-11-02,17.9,19.69,17.82,18.83,1000362.51,1918841.545,0.051977
2022-11-03,18.2,18.52,17.97,18.06,477100.37,870142.334,0.024789
2022-11-04,18.03,18.67,17.98,18.51,346868.67,638135.791,0.018023
2022-11-07,18.5,18.5,18.12,18.36,183880.78,336911.302,0.009554
2022-11-08,18.33,18.38,18.12,18.34,148581.29,270806.709,0.00772
2022-11-09,18.3,18.65,18.22,18.45,172897.57,319404.426,0.008983
2022-11-10,18.38,18.72,18.35,18.53,163484.22,303337.563,0.008494
2022-11-11,18.87,18.97,18.09,18.14,396737.91,736805.545,0.020614
2022-11-14,18.05,19.05,18.0,18.88,364325.17,681227.659,0.01893
2022-11-15,19.0,19.05,18.6,18.9,179238.9,337561.29,0.009313
2022-11-16,18.85,19.18,18.7,18.8,206094.64,390124.876,0.010708
2022-11-17,18.74,19.65,18.7,19.38,401537.33,777774.513,0.020863
2022-11-18,19.4,19.85,19.24,19.53,277773.44,543036.315,0.014433
2022-11-21,19.45,19.52,19.09,19.36,191501.86,369323.105,0.00995
2022-11-22,19.28,19.58,18.68,18.84,257597.18,489887.682,0.013384
2022-11-23,18.84,18.99,18.18,18.4,274476.95,506128.516,0.014261
2022-11-24,18.48,18.86,18.37,18.78,190520.54,355617.963,0.009899
2022-11-25,18.7,18.83,18.3,18.69,139527.11,259484.726,0.0072499999999999995
2022-11-28,18.35,18.83,18.31,18.59,136119.07,253366.986,0.007072
2022-11-29,18.55,19.19,18.55,19.18,246157.46,467397.794,0.01279
2022-11-30,19.17,19.71,19.09,19.35,351747.01,683583.956,0.018276
2022-12-01,19.58,19.78,18.93,19.2,261980.55,503301.336,0.013611999999999999
2022-12-02,19.11,19.3,19.01,19.07,121701.99,232523.319,0.006323
2022-12-05,19.39,19.74,19.15,19.42,241115.99,469414.134,0.012528
2022-12-06,19.42,19.78,18.95,19.06,266511.74,513846.916,0.013847
2022-12-07,19.35,19.79,19.03,19.69,360911.11,704930.357,0.018749000000000002
2022-12-08,19.79,20.03,19.48,19.77,403251.29,797660.445,0.020949
2022-12-09,19.75,19.85,19.41,19.53,244657.12,479381.357,0.012709999999999999
2022-12-12,19.77,20.27,19.58,20.14,471709.63,946054.648,0.024505
2022-12-13,20.16,20.22,19.5,19.88,311552.12,615667.342,0.016185
2022-12-14,19.71,19.73,18.95,19.1,336780.75,647109.695,0.017495
2022-12-15,19.15,19.56,18.98,19.09,233117.56,447198.42,0.012110000000000001
2022-12-16,19.0,19.58,18.95,19.5,331546.45,642582.478,0.017224
2022-12-19,19.63,19.69,18.55,18.76,292081.19,550406.008,0.015173
2022-12-20,18.61,18.7,18.13,18.16,205685.39,375967.956,0.010685
2022-12-21,18.18,18.36,18.08,18.3,135803.6,247486.758,0.0070550000000000005
2022-12-22,18.31,18.35,17.8,17.83,187119.83,337432.68,0.009721
2022-12-23,17.81,18.22,17.78,18.05,132824.57,238945.65,0.0069
2022-12-26,19.0,19.24,18.45,18.87,391195.96,738967.049,0.020322
2022-12-27,18.71,18.71,18.06,18.15,292317.9,532855.532,0.015186
2022-12-28,18.12,18.16,17.93,18.02,177617.25,320276.042,0.009226999999999999
2022-12-29,17.91,18.21,17.8,18.09,191070.66,344399.404,0.009926
2022-12-30,18.11,18.11,17.76,17.83,192225.14,343312.753,0.009986
2023-01-03,17.86,18.2,17.86,18.12,207810.19,375419.237,0.010795999999999998
2023-01-04,18.08,18.15,17.88,18.03,114623.38,206480.557,0.005952
2023-01-05,18.09,18.3,17.98,18.24,160535.06,291713.675,0.008336
2023-01-06,18.24,18.37,18.17,18.25,117930.25,215364.636,0.006124000000000001
2023-01-09,18.26,18.39,18.2,18.24,110925.88,202965.428,0.0057599999999999995
2023-01-10,18.24,18.45,18.12,18.4,126968.2,232793.669,0.006593
2023-01-11,18.39,18.48,18.27,18.28,91597.23,168077.899,0.004756
2023-01-12,18.29,18.35,18.06,18.18,100329.93,182718.11,0.00521
2023-01-13,18.18,18.55,18.11,18.53,151582.28,279561.622,0.007871
2023-01-16,18.53,18.9,18.53,18.73,145678.69,273600.163,0.007565
2023-01-17,18.7,18.77,18.51,18.6,83566.27,155609.15,0.004339
2023-01-18,18.55,18.66,18.51,18.55,60082.0,111504.302,0.00312
2023-01-19,18.5,18.72,18.41,18.62,90441.48,168278.606,0.0046960000000000005
2023-01-20,18.64,18.82,18.62,18.74,103966.38,194616.524,0.005399
2023-01-30,18.81,18.9,18.68,18.7,148109.02,278359.956,0.007691
2023-01-31,18.66,18.75,18.57,18.68,94491.35,176292.402,0.004907
2023-02-01,18.69,19.15,18.62,19.05,146866.21,277892.202,0.007625999999999999
2023-02-02,19.07,19.2,18.91,19.02,94046.09,179327.903,0.004884
2023-02-03,18.99,19.0,18.73,18.95,86805.72,163735.159,0.004508
2023-02-06,18.89,18.94,18.59,18.65,109543.09,204926.358,0.0056879999999999995
2023-02-07,18.75,18.8,18.5,18.64,114016.61,212375.959,0.00592
2023-02-08,18.65,18.74,18.58,18.65,55987.47,104466.67,0.0029070000000000003
2023-02-09,18.58,18.71,18.54,18.69,61578.02,114924.097,0.003198
2023-02-10,18.66,18.73,18.44,18.58,78238.17,145401.64,0.004063
2023-02-13,18.6,18.84,18.56,18.77,91364.96,171199.655,0.004744
2023-02-14,18.86,18.92,18.71,18.85,73476.4,138124.089,0.0038150000000000002
2023-02-15,18.8,19.03,18.8,18.86,78780.18,148762.929,0.004091
2023-02-16,18.93,19.21,18.68,18.8,164444.25,312931.592,0.008539
2023-02-17,18.75,19.12,18.72,18.96,131287.45,249378.358,0.006817
2023-02-20,18.98,19.08,18.76,19.06,105223.66,199381.318,0.005464
2023-02-21,19.06,19.28,19.01,19.27,137680.46,264524.426,0.007149
2023-02-22,19.26,19.45,19.14,19.4,137202.62,265536.117,0.007124
2023-02-23,19.4,19.43,19.24,19.34,107521.98,207659.601,0.005582
2023-02-24,19.35,19.47,19.2,19.38,104858.16,202777.174,0.005444
2023-02-27,19.78,20.07,19.23,19.38,244837.14,478245.024,0.012709999999999999
2023-02-28,19.39,19.82,19.25,19.76,225768.81,442388.014,0.01172
2023-03-01,19.8,19.88,19.62,19.76,131278.72,259339.52,0.006815
2023-03-02,19.77,19.78,19.59,19.61,98109.79,192801.084,0.0050929999999999994
2023-03-03,19.71,19.85,19.61,19.67,83596.83,164670.118,0.00434
2023-03-06,19.78,20.18,19.7,19.96,189181.69,378018.671,0.009819
2023-03-07,19.94,20.1,19.82,19.84,172717.49,344848.035,0.008964999999999999
2023-03-08,19.79,19.97,19.63,19.82,102513.89,203078.227,0.005321
2023-03-09,19.92,20.08,19.81,19.93,112886.08,225251.29,0.005859
2023-03-10,19.83,20.1,19.72,19.95,152336.79,304190.534,0.007906999999999999
2023-03-13,19.89,20.89,19.82,20.73,324066.04,663744.382,0.016819999999999998
2023-03-14,20.63,21.07,20.24,20.35,193752.28,398441.435,0.010057
2023-03-15,20.35,21.05,20.35,20.73,177979.8,368636.226,0.009238
2023-03-16,20.63,21.7,20.55,21.29,337394.79,717772.168,0.017512
2023-03-17,21.3,21.6,21.14,21.3,200994.55,429197.66,0.010433
2023-03-20,21.11,21.42,20.61,20.7,224036.45,468711.516,0.011628000000000001
2023-03-21,20.7,20.86,20.33,20.45,191840.04,394086.012,0.009957
2023-03-22,20.53,20.83,20.43,20.75,114997.47,237039.124,0.0059689999999999995
2023-03-23,20.64,20.95,20.48,20.56,118958.06,245929.162,0.006174
2023-03-24,20.57,20.66,20.05,20.09,152345.0,308381.091,0.007906999999999999
2023-03-27,20.2,20.23,19.91,20.08,86137.34,172622.007,0.004471
2023-03-28,20.13,20.8,19.96,20.51,155844.59,318259.158,0.008088999999999999
2023-03-29,20.49,20.59,20.22,20.45,83489.81,170325.0,0.004333
2023-03-30,20.4,20.47,20.2,20.4,64048.35,130163.091,0.0033239999999999997
2023-03-31,20.34,20.54,20.07,20.37,148504.93,301968.047,0.0077080000000000004
2023-04-03,20.25,20.7,20.15,20.34,146423.05,298526.579,0.0076
2023-04-04,20.45,21.2,20.45,21.09,239515.96,501481.613,0.012432
2023-04-06,21.08,21.3,20.97,21.1,123173.67,260109.294,0.006392999999999999
2023-04-07,21.11,21.4,20.98,21.26,113957.61,241965.413,0.005915
2023-04-10,21.23,21.5,21.08,21.1,124020.9,263951.406,0.006437000000000001
2023-04-11,21.32,21.32,20.89,21.15,119469.4,251635.352,0.006201
2023-04-12,21.15,21.41,21.06,21.07,89339.92,189469.999,0.004637
2023-04-13,21.1,21.6,20.93,21.5,165064.05,353262.317,0.008567
2023-04-14,21.5,21.66,21.38,21.41,127426.02,273883.813,0.006614
2023-04-17,21.42,21.87,21.3,21.79,179028.83,388284.374,0.009292
2023-04-18,21.7,22.08,21.65,21.82,150980.68,330041.584,0.007836
2023-04-19,21.75,22.5,21.72,22.32,218729.33,487081.223,0.011352
2023-04-20,22.24,22.6,21.86,21.97,140355.13,310587.147,0.007285000000000001
2023-04-21,21.98,22.34,21.91,21.99,166047.37,366945.72,0.008618
2023-04-24,22.15,22.3,21.8,21.89,169973.33,374209.392,0.008822
2023-04-25,21.88,22.25,21.6,22.01,185778.42,407042.145,0.009642
2023-04-26,21.98,22.22,21.81,21.98,127261.13,279742.385,0.006605
2023-04-27,22.11,23.0,22.0,22.96,358779.23,817431.597,0.018621000000000002
2023-04-28,22.85,23.02,22.38,22.91,236192.81,537686.939,0.012258999999999999
2023-05-04,22.88,23.85,22.76,23.1,367936.13,858208.221,0.019097
2023-05-05,23.09,23.25,22.59,23.02,204706.25,469255.735,0.010625
2023-05-08,22.95,23.74,22.8,22.97,213243.71,492737.192,0.011057999999999998
2023-05-09,22.9,23.02,22.26,22.38,238658.92,539385.385,0.012376
2023-05-10,22.4,22.57,22.23,22.42,165315.39,369926.527,0.008572999999999999
2023-05-11,22.38,22.38,21.82,21.9,131296.09,289491.744,0.006808999999999999
2023-05-12,21.98,22.45,21.81,22.03,153321.38,339810.262,0.007951
2023-05-15,22.0,22.15,21.39,21.8,141987.63,307616.327,0.007363
2023-05-16,21.85,21.92,21.49,21.54,193684.14,420052.868,0.010043999999999999
2023-05-17,21.61,21.68,21.37,21.56,87746.27,188897.38,0.00455
2023-05-18,21.6,21.95,21.5,21.65,159942.01,347476.109,0.008294000000000001
2023-05-19,21.62,22.05,21.43,22.0,112236.46,245011.339,0.00582
2023-05-22,22.02,22.48,22.01,22.13,137410.24,306060.753,0.007126
2023-05-23,22.13,22.58,22.09,22.25,112737.02,252283.425,0.0058460000000000005
2023-05-24,22.1,22.15,21.4,21.87,145378.78,316568.755,0.0075390000000000006
2023-05-25,21.76,21.93,21.45,21.79,110059.14,238579.639,0.005707
2023-05-26,21.87,22.75,21.63,22.6,139465.83,311881.89,0.007232
2023-05-29,22.8,23.17,22.66,23.04,173201.5,398188.59,0.008982
2023-05-30,23.03,23.17,22.54,22.94,131652.32,301353.267,0.006827
2023-05-31,22.94,23.48,22.81,23.45,204143.8,475396.416,0.010587
2023-06-01,23.34,23.5,22.72,22.84,138939.15,320007.764,0.0072050000000000005
2023-06-02,22.8,23.11,22.8,22.86,86086.0,197755.617,0.004464
2023-06-05,22.87,23.58,22.72,23.43,112111.98,261186.183,0.005814000000000001
2023-06-06,23.45,23.72,23.01,23.06,119401.71,278544.393,0.006182999999999999
2023-06-07,23.07,23.5,22.92,23.07,118762.59,274742.816,0.00615
2023-06-08,23.19,23.2,22.45,22.75,164861.45,373707.456,0.008538
2023-06-09,22.76,23.98,22.5,23.2,506531.83,1178184.975,0.026231
2023-06-12,23.2,23.27,21.51,22.1,418078.7,923219.901,0.021650999999999997
2023-06-13,22.16,22.36,21.69,21.88,149612.45,328122.121,0.0077480000000000005
2023-06-14,21.88,22.47,21.85,22.27,128492.93,285694.219,0.006654
2023-06-15,22.18,22.26,21.73,22.07,149585.5,328584.533,0.007747
2023-06-16,22.1,22.26,21.72,21.73,118912.96,260476.622,0.006158
2023-06-19,21.72,21.88,21.37,21.39,136784.86,294284.038,0.007084
2023-06-20,21.39,21.57,21.06,21.11,131189.74,278278.78,0.006794
2023-06-21,21.11,21.11,20.64,20.69,95610.85,199285.569,0.004951
2023-06-26,20.6,20.84,20.3,20.7,109345.27,225585.444,0.0056630000000000005
2023-06-27,20.77,21.27,20.7,21.07,107043.59,225227.746,0.005543
2023-06-28,21.1,21.41,20.92,21.35,124364.36,264202.986,0.00644
2023-06-29,21.37,21.84,21.27,21.54,77051.6,165922.77,0.0039900000000000005
2023-06-30,21.5,22.74,21.47,22.41,242645.02,541628.024,0.012565999999999999
2023-07-03,22.34,22.4,21.96,22.12,102135.87,225658.64,0.005289
2023-07-04,22.0,22.14,21.31,21.44,152034.14,327631.129,0.007873
2023-07-05,21.5,21.6,21.28,21.45,86415.95,185119.257,0.0044740000000000005
2023-07-06,21.44,21.47,21.07,21.17,66888.12,141705.764,0.003463
2023-07-07,21.17,21.7,21.17,21.53,73309.8,157657.122,0.003796
2023-07-10,21.53,21.68,21.32,21.42,39932.05,85490.208,0.002067
2023-07-11,21.4,21.55,21.2,21.5,38272.09,82081.479,0.001982
2023-07-12,21.54,21.54,21.0,21.03,73344.04,155249.354,0.003797
2023-07-13,21.18,21.27,20.91,21.1,117224.5,246577.863,0.006069
2023-07-14,21.1,21.19,21.01,21.09,44630.0,94128.664,0.002311
2023-07-17,21.02,21.15,20.6,21.14,87652.0,183044.833,0.0045379999999999995
2023-07-18,21.15,21.3,20.98,21.2,86686.91,183509.285,0.004488
2023-07-19,21.15,21.21,20.7,20.84,90382.55,188731.874,0.004679
2023-07-20,20.35,20.38,20.12,20.16,78846.57,159531.112,0.004082
2023-07-21,20.16,20.49,20.11,20.4,77120.48,156938.975,0.003993
2023-07-24,20.42,20.48,20.18,20.31,89262.95,181265.108,0.004621
2023-07-25,20.45,20.74,20.38,20.72,90059.65,185308.564,0.004663
2023-07-26,20.69,21.08,20.57,20.78,84185.3,175686.895,0.004359
2023-07-27,20.9,20.9,20.47,20.48,78476.37,161701.849,0.004063
2023-07-28,20.41,20.77,20.36,20.68,107067.4,220214.566,0.005543
2023-07-31,20.6,20.8,20.05,20.11,188001.98,383074.882,0.009734
2023-08-01,20.15,20.33,19.95,20.1,119651.69,240964.476,0.006195000000000001
2023-08-02,20.04,20.09,19.58,19.66,163503.71,323777.513,0.008465
2023-08-03,19.61,19.96,19.5,19.94,139952.01,275791.398,0.007246
2023-08-04,19.95,20.09,19.88,19.98,97139.94,194206.998,0.0050290000000000005
2023-08-07,19.98,20.04,19.11,19.22,221539.32,427912.17,0.011470000000000001
2023-08-08,19.16,19.53,19.14,19.43,114514.18,222050.714,0.005929
2023-08-09,19.4,19.54,19.32,19.42,77157.46,149890.836,0.003995
2023-08-10,19.42,19.49,19.23,19.33,62631.12,121117.291,0.003243
2023-08-11,19.33,19.54,19.28,19.28,82982.12,160979.297,0.0042959999999999995
2023-08-14,19.12,19.43,18.96,19.4,73973.0,142306.163,0.00383
2023-08-15,19.4,19.75,19.21,19.67,132068.54,258465.317,0.0068379999999999995
2023-08-16,19.65,19.82,19.53,19.63,76317.16,150186.634,0.003951
2023-08-17,19.57,19.7,19.39,19.59,68141.27,132988.812,0.003528
2023-08-18,19.57,19.6,19.23,19.25,62423.46,121164.378,0.003232
2023-08-21,19.2,19.28,18.96,18.96,88746.24,169074.054,0.004595
2023-08-22,18.97,19.06,18.6,18.8,128376.87,241336.012,0.006646
2023-08-23,18.8,18.97,18.61,18.64,80370.45,151079.666,0.004161000000000001
2023-08-24,18.64,18.79,18.61,18.61,67915.8,126846.73,0.003516
2023-08-25,18.55,18.72,18.48,18.61,70131.02,130489.246,0.0036309999999999997
2023-08-28,19.5,19.6,18.85,19.08,156443.64,300993.847,0.008100000000000001
2023-08-29,18.98,19.35,18.95,19.29,93682.03,180003.924,0.00485
2023-08-30,19.11,19.12,17.54,17.66,631373.17,1125883.733,0.032688
2023-08-31,17.55,17.95,17.51,17.88,233535.07,415323.456,0.012091000000000001
2023-09-01,17.89,17.91,17.74,17.84,87733.48,156266.858,0.004542
2023-09-04,17.67,17.84,17.35,17.79,216203.77,381989.767,0.011193
2023-09-05,17.75,17.94,17.54,17.61,206621.46,365388.805,0.010697000000000002
2023-09-06,17.6,17.65,17.49,17.64,76998.02,135444.944,0.003986
2023-09-07,17.6,17.62,17.36,17.39,118699.85,207638.515,0.006145
2023-09-08,17.39,17.71,17.32,17.66,135846.43,238840.752,0.007033
2023-09-11,17.66,17.95,17.66,17.85,140241.57,250313.601,0.007261
2023-09-12,17.89,18.09,17.84,17.98,123677.05,222398.907,0.006403
2023-09-13,17.9,18.07,17.77,17.83,71221.2,127351.332,0.003687
2023-09-14,17.82,17.95,17.75,17.91,79401.42,141699.079,0.004111
2023-09-15,17.91,18.01,17.77,17.84,119163.98,213060.211,0.006169
2023-09-18,17.85,18.0,17.73,17.86,116344.66,207678.898,0.006023
2023-09-19,17.86,17.96,17.8,17.95,80204.9,143422.291,0.004152
2023-09-20,17.9,17.98,17.77,17.85,73732.02,131740.748,0.0038169999999999996
2023-09-21,17.82,17.89,17.71,17.74,87162.56,155097.72,0.004513
2023-09-22,17.7,17.94,17.57,17.91,113019.0,200682.253,0.005850999999999999
2023-09-25,17.91,18.19,17.89,17.98,135948.66,245746.451,0.007038
2023-09-26,18.05,18.18,17.88,17.91,95883.01,172812.547,0.004964
2023-09-27,17.95,18.2,17.91,18.11,116455.17,210776.981,0.006029
2023-09-28,18.13,18.26,18.07,18.08,115050.0,208765.991,0.005956
2023-10-09,18.08,18.18,17.84,18.06,132760.2,239113.005,0.006873000000000001
2023-10-10,18.11,18.16,17.76,17.78,142553.01,254622.942,0.00738
2023-10-11,17.8,18.09,17.79,17.9,129260.52,232131.277,0.006692
2023-10-12,18.0,18.2,17.93,18.03,110187.4,199012.833,0.005705
2023-10-13,17.98,18.2,17.91,18.16,118318.02,214172.156,0.006126
2023-10-16,18.18,18.3,17.76,17.79,169704.65,304730.724,0.008786
2023-10-17,17.74,17.85,17.57,17.74,91842.15,162360.401,0.004755
2023-10-18,17.71,17.71,17.28,17.31,122623.05,213798.295,0.0063490000000000005
2023-10-19,17.24,17.3,17.05,17.06,86824.68,148834.202,0.004495
2023-10-20,17.03,17.09,16.88,16.96,97648.85,165773.964,0.005056000000000001
2023-10-23,16.9,17.11,16.8,16.9,83286.38,141040.025,0.004312
2023-10-24,16.93,17.05,16.76,16.84,96386.22,162607.727,0.00499
2023-10-25,16.98,17.03,16.84,16.95,105408.63,178433.369,0.005457
2023-10-26,16.86,17.1,16.81,17.08,80091.68,135916.186,0.0041470000000000005
2023-10-27,17.03,17.8,16.96,17.67,148940.86,260054.784,0.007711
2023-10-30,17.71,18.08,17.71,17.88,209795.83,375736.906,0.010862
2023-10-31,17.87,18.1,17.85,18.03,140868.02,254055.848,0.007292999999999999
2023-11-01,18.03,18.13,17.88,18.05,86313.97,155450.979,0.004469
2023-11-02,18.0,18.2,18.0,18.1,100165.01,181489.105,0.005186
2023-11-03,18.05,18.17,17.85,17.91,112408.55,202256.022,0.00582
2023-11-06,17.99,18.26,17.99,18.1,114740.74,207984.595,0.00594
2023-11-07,18.13,18.18,17.98,18.09,79880.32,144552.927,0.004136
2023-11-08,18.09,18.24,18.03,18.09,75922.78,137754.823,0.0039310000000000005
2023-11-09,18.18,18.37,18.09,18.12,82826.05,150641.263,0.004288
2023-11-10,18.09,18.27,17.97,18.19,92347.1,167657.6,0.0047810000000000005
2023-11-13,18.19,18.3,18.03,18.16,82134.69,148869.69,0.004252000000000001
2023-11-14,18.16,18.2,17.98,18.02,80178.1,144921.422,0.004151
2023-11-15,18.13,18.16,18.0,18.07,80414.43,145265.137,0.004163
2023-11-16,18.07,18.1,17.83,17.93,67993.98,121931.208,0.0035199999999999997
2023-11-17,17.92,18.03,17.82,18.01,63133.98,113291.237,0.003269
2023-11-20,18.0,18.14,17.9,17.92,107225.92,192915.289,0.005551
2023-11-21,17.83,18.12,17.75,18.0,151441.77,271731.491,0.007841
2023-11-22,17.95,18.04,17.83,17.85,90340.0,161893.84,0.004677
2023-11-23,17.86,17.97,17.81,17.96,65543.04,117314.03,0.0033929999999999997
2023-11-24,17.96,18.41,17.9,18.24,168321.23,306853.918,0.008714
2023-11-27,18.34,18.35,17.75,17.8,166652.39,298002.395,0.008628
2023-11-28,17.78,18.03,17.44,17.96,122703.48,218892.595,0.006353
2023-11-29,17.92,18.0,17.71,17.73,70603.83,125801.945,0.003655
2023-11-30,17.73,17.99,17.71,17.96,83980.91,150189.92,0.004348
2023-12-01,17.9,17.99,17.77,17.94,77773.85,139174.199,0.004027
2023-12-04,17.95,18.03,17.83,17.84,80482.26,144208.201,0.0041670000000000006
2023-12-05,17.84,17.9,17.69,17.69,82075.01,145844.951,0.004249
2023-12-06,17.69,17.72,17.45,17.51,89426.77,156941.404,0.0046300000000000004
2023-12-07,17.51,17.54,17.38,17.48,73102.33,127599.331,0.003785
2023-12-08,17.47,17.48,17.3,17.4,85142.42,148021.965,0.0044080000000000005
2023-12-11,17.33,17.58,17.18,17.57,65741.25,114256.652,0.003404
2023-12-12,17.51,17.71,17.45,17.54,46888.0,82274.52,0.002428
2023-12-13,17.52,17.76,17.48,17.54,70025.53,123462.953,0.0036249999999999998
2023-12-14,17.54,17.75,17.45,17.48,62769.01,110472.699,0.0032500000000000003
2023-12-15,17.5,17.51,17.13,17.14,91386.62,157896.53,0.004731
2023-12-18,16.64,16.97,16.32,16.76,164549.4,275280.077,0.008519
2023-12-19,16.7,16.87,16.39,16.52,119808.45,197907.016,0.006202999999999999
2023-12-20,16.65,16.83,16.61,16.63,82464.1,137803.055,0.004269
2023-12-21,16.62,16.77,16.52,16.74,72562.19,121042.562,0.003757
2023-12-22,16.72,16.8,16.56,16.63,71516.3,119172.586,0.003703
2023-12-25,16.62,16.66,16.44,16.53,82618.03,136402.265,0.004277
2023-12-26,16.5,16.58,16.16,16.18,132876.69,216399.132,0.006879
2023-12-27,16.21,16.4,16.13,16.39,96032.86,156027.801,0.004972
2023-12-28,16.39,16.68,16.24,16.61,158191.95,260953.764,0.00819
2023-12-29,16.57,16.75,16.52,16.73,78840.97,131483.099,0.004082
2024-01-02,16.77,17.11,16.63,16.9,117095.57,198197.534,0.006062
2024-01-03,16.9,17.25,16.85,17.07,100814.09,172620.476,0.0052190000000000005
2024-01-04,17.1,17.1,16.9,17.06,69981.39,118904.717,0.003623
2024-01-05,17.05,17.09,16.72,16.77,84769.24,143290.248,0.0043890000000000005
2024-01-08,16.77,16.8,16.63,16.65,86555.06,144672.701,0.004481
2024-01-09,16.63,16.75,16.51,16.58,55773.08,92614.098,0.002888
2024-01-10,16.58,16.61,16.4,16.45,66685.82,110024.247,0.003453
2024-01-11,16.44,16.5,16.16,16.3,120803.16,196430.689,0.006253999999999999
2024-01-12,16.29,16.5,16.24,16.32,64654.72,105911.286,0.003347
2024-01-15,16.3,16.42,16.17,16.26,91322.52,148670.031,0.0047279999999999996
2024-01-16,16.24,16.35,16.17,16.35,81123.92,131876.0,0.0042
2024-01-17,16.32,16.43,16.11,16.13,80877.91,131492.351,0.004187
2024-01-18,16.01,16.1,15.37,15.9,198574.79,311379.67,0.010281
2024-01-19,15.84,16.12,15.73,15.92,116506.71,186188.298,0.006031999999999999
2024-01-22,15.88,15.99,15.4,15.52,111744.24,175698.329,0.005785
2024-01-23,15.53,15.83,15.36,15.78,109458.56,170968.728,0.005667
2024-01-24,15.81,16.05,15.6,16.0,93614.37,148466.03,0.004847000000000001
2024-01-25,16.03,16.9,16.01,16.84,238537.85,395673.501,0.012350000000000002
2024-01-26,16.71,17.07,16.67,16.95,168205.51,284119.522,0.008708
2024-01-29,16.92,17.19,16.82,17.02,155810.85,264738.2,0.008067
2024-01-30,16.91,17.35,16.75,16.99,187493.19,320350.634,0.009707
2024-01-31,16.91,17.15,16.7,16.95,209041.54,354885.12,0.010823000000000001
2024-02-01,16.83,17.16,16.8,16.82,144128.6,244151.167,0.007462
2024-02-02,16.82,17.05,16.23,16.74,162292.78,271549.942,0.008402
2024-02-05,16.71,17.2,16.29,16.97,186801.15,313511.404,0.009670999999999999
2024-02-06,16.97,17.6,16.88,17.56,205539.3,356552.685,0.010641000000000001
2024-02-07,17.61,17.64,17.21,17.57,195660.25,341838.402,0.010129999999999998
2024-02-08,17.6,17.69,17.16,17.6,209691.37,365883.541,0.010856
2024-02-19,17.6,17.69,17.42,17.64,131880.12,231729.126,0.006828
2024-02-20,17.56,17.95,17.5,17.8,113941.99,202942.455,0.005899
2024-02-21,17.78,17.97,17.66,17.83,125370.89,223883.559,0.006491
2024-02-22,17.78,17.97,17.76,17.96,90411.95,161747.367,0.004681
2024-02-23,17.96,18.05,17.88,17.99,97037.53,174479.594,0.005024
2024-02-26,18.06,18.06,17.71,17.77,99831.37,178073.312,0.005169
2024-02-27,17.75,18.0,17.7,17.95,87811.94,157220.757,0.004546
2024-02-28,17.96,18.17,17.8,17.8,136286.45,245493.011,0.007056
2024-02-29,17.7,18.13,17.7,18.13,105771.84,190485.274,0.005476
2024-03-01,18.13,18.31,18.0,18.21,97913.03,178268.827,0.005069000000000001
2024-03-04,18.22,18.58,18.21,18.46,143541.96,264830.523,0.007431999999999999
2024-03-05,18.38,18.8,18.32,18.66,156048.74,290544.159,0.008079
2024-03-06,18.66,18.81,18.48,18.56,98865.32,184427.845,0.005119
2024-03-07,18.56,18.68,18.28,18.31,97624.95,180176.439,0.0050539999999999995
2024-03-08,18.35,18.49,18.28,18.35,59167.97,108608.993,0.003063
2024-03-11,18.32,18.45,18.05,18.18,95434.36,173327.66,0.004941
2024-03-12,18.21,18.33,18.1,18.13,104301.18,189685.796,0.0054
2024-03-13,18.12,18.15,17.77,17.87,103827.4,185774.847,0.005375
2024-03-14,18.0,18.15,17.45,17.53,243829.3,430960.047,0.012624
2024-03-15,17.51,17.69,17.3,17.57,179325.48,313616.336,0.009284
2024-03-18,17.57,17.61,17.33,17.49,189747.25,330738.282,0.009824000000000001
2024-03-19,17.51,17.65,17.37,17.38,141359.25,246973.575,0.007319
2024-03-20,17.37,17.49,17.33,17.42,95249.47,165672.242,0.004931
2024-03-21,17.45,17.59,17.4,17.43,105769.84,184750.354,0.005476
2024-03-22,17.44,17.44,17.04,17.1,166283.01,285079.057,0.008609
2024-03-25,17.02,17.25,16.96,17.1,115556.27,197848.447,0.0059830000000000005
2024-03-26,17.1,17.15,16.91,17.0,101104.02,172133.035,0.005234
2024-03-27,17.0,17.19,16.99,17.05,110798.44,189360.85,0.005736
2024-03-28,17.02,17.18,16.94,17.05,82461.51,140677.647,0.004269
2024-03-29,16.66,16.98,16.37,16.93,208003.35,347183.49,0.010768999999999999
2024-04-01,16.9,17.65,16.88,17.62,276324.29,482007.907,0.014306000000000001
2024-04-02,17.61,17.7,17.23,17.3,136404.55,236614.901,0.007062000000000001
2024-04-03,17.22,17.47,17.14,17.38,163727.87,283650.916,0.008477
2024-04-08,17.04,17.2,16.73,16.74,242618.76,410463.628,0.012561
2024-04-09,16.75,16.92,16.67,16.91,102853.78,172561.105,0.005325
2024-04-10,16.91,16.99,16.66,16.76,92902.59,156127.761,0.00481
2024-04-11,16.62,16.85,16.6,16.78,81258.23,136315.507,0.004207
2024-04-12,16.78,16.87,16.69,16.72,83920.34,140750.83,0.004345
2024-04-15,16.71,17.45,16.7,17.32,193570.02,332690.172,0.010022
2024-04-16,17.3,17.77,17.26,17.52,236530.1,414979.718,0.012246
2024-04-17,17.43,17.61,17.31,17.57,127370.3,222959.226,0.006594
2024-04-18,17.58,17.73,17.47,17.48,141183.24,248179.019,0.0073089999999999995
2024-04-19,17.5,17.88,17.46,17.79,164067.23,290910.928,0.008494
2024-04-22,17.78,18.08,17.69,17.8,118017.5,210151.826,0.00611
2024-04-23,17.7,17.82,17.5,17.6,95233.5,167882.653,0.00493
2024-04-24,17.61,17.75,17.48,17.75,96597.95,169997.336,0.005001
2024-04-25,17.75,17.86,17.7,17.81,81074.85,144202.918,0.004197
2024-04-26,17.77,17.88,17.63,17.85,91929.98,163251.716,0.004759
2024-04-29,17.94,18.17,17.87,18.06,169675.47,306438.355,0.008785
2024-04-30,18.01,18.22,17.91,17.92,101288.19,182874.301,0.0052439999999999995
2024-05-06,18.16,18.22,17.95,18.09,167888.62,303323.407,0.008692
2024-05-07,18.08,18.14,17.84,18.07,113281.5,203886.954,0.005865
2024-05-08,18.06,18.15,17.98,18.02,78071.51,140847.48,0.0040420000000000005
2024-05-09,18.03,18.2,17.94,18.17,95390.18,173024.038,0.004939
2024-05-10,18.17,18.29,18.06,18.11,96844.12,175807.75,0.005013999999999999
2024-05-13,18.02,18.35,18.0,18.26,152234.21,277041.995,0.007882
2024-05-14,18.23,19.03,18.15,18.85,285501.57,533743.133,0.014780999999999999
2024-05-15,18.85,18.98,18.58,18.61,134028.05,251672.829,0.006939
2024-05-16,18.64,18.71,18.43,18.46,102833.81,190841.144,0.005324
2024-05-17,18.51,18.56,18.3,18.46,93783.78,172552.714,0.004855
2024-05-20,18.46,18.56,18.38,18.49,107537.68,198435.361,0.005568
2024-05-21,18.46,18.46,18.18,18.27,99959.98,182844.29,0.005175
2024-05-22,18.2,18.3,18.03,18.04,103038.79,186684.288,0.0053349999999999995
2024-05-23,18.0,18.12,17.86,17.92,87395.82,157011.648,0.004525
2024-05-24,18.0,18.39,17.93,18.28,178156.42,325524.676,0.009224
2024-05-27,18.27,18.49,18.21,18.43,98794.44,181673.673,0.005115
2024-05-28,18.42,18.54,18.28,18.29,82582.4,151789.549,0.004275999999999999
2024-05-29,18.25,18.29,18.07,18.1,66678.7,121098.311,0.003452
2024-05-30,18.1,18.21,18.06,18.1,65192.33,118214.797,0.0033750000000000004
2024-05-31,18.15,18.3,18.13,18.16,79413.17,144649.596,0.004111
2024-06-03,18.15,18.6,18.11,18.39,143463.55,264299.127,0.0074270000000000004
2024-06-04,18.39,18.53,18.18,18.49,115723.0,213117.167,0.005991
2024-06-05,18.42,18.82,18.42,18.51,100724.35,187695.413,0.005215
2024-06-06,18.52,18.7,18.39,18.44,100094.42,185381.082,0.005182
2024-06-07,18.56,18.87,18.43,18.78,141037.95,264454.165,0.0073019999999999995
2024-06-11,18.7,18.98,18.3,18.72,187349.75,348365.174,0.009699
2024-06-12,18.67,18.8,18.41,18.63,104161.28,194128.024,0.005393
2024-06-13,18.52,18.63,18.14,18.17,109665.73,201221.497,0.005678
2024-06-14,18.15,18.55,18.1,18.48,165837.5,304448.981,0.008586
2024-06-17,18.33,18.8,18.33,18.67,141317.76,262557.081,0.0073160000000000005
2024-06-18,18.7,19.24,18.61,19.19,234006.19,446752.238,0.012115
2024-06-19,19.28,19.34,19.08,19.27,128027.71,246165.46,0.006627999999999999
2024-06-20,19.27,19.42,18.88,18.98,128183.26,244822.972,0.0066359999999999995
2024-06-21,19.05,19.14,18.83,19.02,101555.95,192808.626,0.0052580000000000005
2024-06-24,18.96,19.2,18.83,19.02,119005.29,226813.461,0.006161
2024-06-25,18.95,19.16,18.73,18.86,119803.52,226780.363,0.006202
2024-06-26,18.88,19.19,18.83,19.19,110850.08,211257.255,0.005738999999999999
2024-06-27,19.19,19.44,18.99,19.25,138971.64,267474.976,0.007195
2024-06-28,19.19,19.31,19.04,19.11,99725.39,191017.282,0.005163
2024-07-01,19.1,19.48,19.01,19.38,123126.02,237449.676,0.0063739999999999995
2024-07-02,19.36,19.55,19.2,19.28,87054.92,168205.244,0.004507
2024-07-03,19.3,19.41,18.86,18.92,99545.21,189755.545,0.005153
2024-07-04,18.92,18.97,18.63,18.71,95748.6,179564.72,0.004957
2024-07-05,18.71,19.25,18.71,19.25,123342.21,234790.312,0.006384999999999999
2024-07-08,19.3,19.38,19.02,19.05,104232.33,199844.753,0.005396
2024-07-09,19.1,19.27,18.9,19.17,87907.15,167789.912,0.004551
2024-07-10,19.15,19.17,18.75,18.83,82435.58,155960.948,0.004267
2024-07-11,18.9,19.05,18.57,18.94,86466.35,163019.125,0.004476
2024-07-12,19.0,19.19,18.88,19.1,95679.8,182498.842,0.004953
2024-07-15,19.04,19.21,18.9,19.21,81040.35,154554.733,0.004195
2024-07-16,19.16,19.29,19.09,19.28,74026.83,142020.835,0.003832
2024-07-17,19.2,19.81,19.09,19.71,170105.04,332497.786,0.008805
2024-07-18,19.64,19.86,19.5,19.79,135398.0,266995.376,0.007009
2024-07-19,19.79,20.23,19.71,20.18,193394.22,387583.176,0.010011
2024-07-22,19.77,19.86,19.44,19.81,111531.38,219935.723,0.005773
2024-07-23,19.72,19.77,19.16,19.28,155032.85,300820.134,0.008025
2024-07-24,19.13,19.58,19.11,19.4,100243.75,194554.283,0.005189
2024-07-25,19.3,19.53,19.25,19.37,68854.65,133501.386,0.003564
2024-07-26,19.37,19.67,19.18,19.63,96158.86,187102.796,0.004978
2024-07-29,19.63,19.63,19.12,19.31,99307.77,192186.62,0.005141
2024-07-30,19.31,19.55,19.08,19.5,97342.5,188511.541,0.005039
2024-07-31,19.52,19.7,19.29,19.4,164844.38,320356.238,0.008532999999999999
2024-08-01,19.39,19.78,19.29,19.37,121674.28,237292.191,0.006298000000000001
2024-08-02,19.3,19.57,19.18,19.43,92206.26,179054.121,0.004773
2024-08-05,19.28,19.58,18.91,18.98,135699.56,260060.903,0.007023000000000001
2024-08-06,19.0,19.15,18.76,19.13,117887.25,223640.926,0.006101
2024-08-07,19.12,19.28,19.02,19.23,77497.28,148740.973,0.004011
2024-08-08,19.19,19.39,19.05,19.32,105910.69,203989.617,0.005481000000000001
2024-08-09,19.31,19.45,18.95,19.0,68878.0,131553.638,0.003565
2024-08-12,19.05,19.48,18.98,19.37,106645.29,206346.403,0.005519
2024-08-13,19.47,19.48,19.09,19.45,72362.47,140073.832,0.003745
2024-08-14,19.38,19.5,19.17,19.42,62305.35,120653.804,0.0032240000000000003
2024-08-15,19.34,19.64,19.34,19.61,83864.0,163737.085,0.00434
2024-08-16,19.6,19.81,19.52,19.78,73689.77,145137.483,0.003814
2024-08-19,19.76,19.98,19.59,19.73,62423.36,123373.516,0.003231
2024-08-20,19.73,19.92,19.62,19.73,68824.8,135965.532,0.003562
2024-08-21,19.62,19.73,19.35,19.41,74162.68,144696.85,0.003838
2024-08-22,19.42,19.49,19.26,19.36,63022.0,121886.471,0.0032619999999999997
2024-08-23,19.28,19.46,18.97,19.3,76443.64,147034.774,0.003956
2024-08-26,19.29,19.3,18.53,18.76,143131.78,268598.591,0.007407
2024-08-27,19.2,19.54,19.05,19.32,155081.91,299620.738,0.008026
2024-08-28,19.18,19.3,18.89,18.95,97718.79,186151.016,0.005057000000000001
2024-08-29,18.94,19.07,18.63,18.68,85661.4,161097.49,0.004433
2024-08-30,18.58,18.85,18.44,18.6,128117.23,239389.812,0.0066300000000000005
2024-09-02,18.58,18.86,18.36,18.66,116931.79,218505.304,0.006051
2024-09-03,18.55,19.05,18.46,18.92,100718.45,190264.949,0.005212
2024-09-04,18.91,19.2,18.82,19.11,94840.0,181069.884,0.004908
2024-09-05,19.06,19.45,19.06,19.38,86185.0,166652.515,0.00446
2024-09-06,19.43,19.51,19.25,19.25,59942.48,116185.471,0.0031019999999999997
2024-09-09,19.38,19.5,19.18,19.3,67109.0,129726.831,0.003473
2024-09-10,19.25,19.34,18.75,18.87,81513.29,154193.841,0.004218
2024-09-11,18.82,18.91,18.35,18.57,78700.21,145996.868,0.004073
2024-09-12,18.54,18.61,17.88,18.2,134230.18,244081.166,0.006947
2024-09-13,18.15,18.56,18.08,18.4,85820.82,157846.358,0.004441
2024-09-18,18.36,18.72,18.33,18.72,71805.15,133612.05,0.0037159999999999997
2024-09-19,18.71,19.14,18.29,19.08,110838.45,208657.847,0.005736
2024-09-20,19.07,19.07,18.67,18.91,110092.67,207585.22,0.005697
2024-09-23,18.9,19.0,18.4,18.47,81084.16,150420.037,0.004196
2024-09-24,18.67,19.47,18.39,19.21,153835.41,291710.168,0.007961000000000001
2024-09-25,19.3,19.62,19.22,19.42,98904.85,192554.309,0.005118
2024-09-26,19.42,19.99,19.32,19.94,104512.19,205685.753,0.005408
2024-09-27,20.1,20.23,19.78,19.9,168692.05,337468.125,0.00873
2024-09-30,20.49,21.28,20.06,21.15,539550.42,1116669.192,0.027921
2024-10-08,23.19,23.2,21.19,21.9,490793.28,1080351.238,0.025398
2024-10-09,21.6,21.6,20.42,20.55,364264.62,765170.462,0.018846
2024-10-10,20.65,21.36,20.56,20.72,279461.4,584766.14,0.014459
2024-10-11,20.73,20.88,20.03,20.34,195998.76,397561.202,0.010141
2024-10-14,20.36,20.49,19.92,20.48,236436.51,478621.378,0.012233
2024-10-15,20.44,20.65,20.18,20.26,184147.35,375490.612,0.009527
2024-10-16,19.99,20.49,19.98,20.32,175639.34,354896.858,0.009087
2024-10-17,20.38,20.65,20.3,20.41,173002.02,354026.247,0.008951
2024-10-18,20.34,21.06,20.26,20.81,255986.87,530237.907,0.013244
2024-10-21,20.81,20.81,20.3,20.47,220463.93,452659.585,0.011406000000000001
2024-10-22,20.47,21.05,20.4,20.76,181163.06,376124.614,0.009373
2024-10-23,20.76,21.17,20.68,20.98,237712.13,498593.168,0.012299
2024-10-24,20.88,21.02,20.61,20.88,140639.28,293050.545,0.007276
2024-10-25,20.89,20.95,20.61,20.93,154642.28,321202.25,0.008001000000000001
2024-10-28,20.94,20.94,20.56,20.84,183543.55,381104.229,0.009496
2024-10-29,20.84,20.86,20.47,20.49,132582.77,272996.144,0.006860000000000001
2024-10-30,20.44,20.44,19.51,19.6,318403.92,632461.605,0.016473
2024-10-31,19.6,19.66,19.26,19.35,243623.97,473290.126,0.012605
2024-11-01,19.36,19.77,19.2,19.54,235961.62,460054.091,0.012208000000000002
2024-11-04,19.55,19.69,19.26,19.58,216506.0,421236.982,0.011202
2024-11-05,19.58,19.73,19.33,19.69,290692.19,569006.752,0.01504
2024-11-06,19.73,19.79,19.48,19.53,234537.01,459666.813,0.012133
2024-11-07,19.46,20.01,19.42,20.0,304887.38,604586.147,0.015773
2024-11-08,20.07,20.14,19.65,19.8,267101.26,531049.199,0.013817999999999999
2024-11-11,19.81,20.33,19.63,20.33,301464.81,603481.428,0.015596
2024-11-12,20.36,21.53,20.33,21.14,650420.83,1380760.875,0.033649
2024-11-13,21.28,21.88,20.74,20.91,533668.55,1136253.771,0.027608999999999998
2024-11-14,21.66,21.89,21.01,21.09,443932.9,950671.878,0.022966
2024-11-15,20.87,21.04,20.55,20.6,261150.41,541096.704,0.01351
2024-11-18,20.57,21.3,20.57,20.71,284231.65,595249.779,0.014704
2024-11-19,20.71,21.08,20.5,20.91,200643.42,417146.066,0.01038
2024-11-20,20.81,22.2,20.75,21.95,507805.71,1099586.645,0.026271
2024-11-21,21.81,22.1,21.46,22.07,283095.82,616114.469,0.014646
2024-11-22,21.86,22.48,21.7,21.7,298581.78,658582.505,0.015446999999999999
2024-11-25,21.59,21.9,21.38,21.78,296376.6,643091.406,0.015333000000000001
2024-11-26,21.58,22.26,21.56,22.02,223245.96,491927.373,0.011549
2024-11-27,22.02,22.25,21.67,21.95,176353.0,387061.352,0.009123
2024-11-28,22.0,22.13,21.77,21.82,147796.98,323822.312,0.007645999999999999
2024-11-29,21.81,21.97,21.6,21.75,179389.43,390546.52,0.00928
2024-12-02,21.82,21.84,21.21,21.3,268828.59,573499.033,0.013907000000000001
2024-12-03,21.34,21.49,21.22,21.37,126261.51,269466.021,0.006532
2024-12-04,21.45,21.57,21.2,21.37,159576.3,340916.484,0.008255
2024-12-05,21.32,21.34,21.14,21.25,81431.35,172908.149,0.004206
2024-12-06,21.26,21.89,21.26,21.73,228079.23,494821.931,0.011781999999999999
2024-12-09,21.73,21.94,21.47,21.57,99209.57,215037.398,0.005124999999999999
2024-12-10,21.9,22.0,21.39,21.42,146925.33,318188.951,0.00759
2024-12-11,21.8,22.29,21.8,21.93,268712.52,592314.788,0.013881
2024-12-12,21.8,22.03,21.67,21.97,156817.5,342852.277,0.008101
2024-12-13,21.98,22.09,21.64,21.74,166362.74,363932.072,0.008594000000000001
2024-12-16,21.62,21.91,21.53,21.56,99105.72,215050.225,0.005119
2024-12-17,21.54,21.66,21.37,21.41,72594.9,156068.113,0.00375
2024-12-18,21.47,21.75,21.44,21.63,69903.86,151172.634,0.0036109999999999996
2024-12-19,21.5,21.71,21.35,21.66,70547.52,152105.657,0.003644
2024-12-20,21.63,21.75,21.43,21.46,79530.16,170898.117,0.004108
2024-12-23,21.46,21.75,21.31,21.58,105137.32,226660.892,0.005431
2024-12-24,21.57,21.69,21.22,21.59,97901.51,210506.66,0.005057000000000001
2024-12-25,21.61,21.8,21.42,21.71,107825.42,233469.175,0.00557
2024-12-26,21.62,21.68,20.85,20.91,204453.77,431281.534,0.010561000000000001
2024-12-27,20.86,21.19,20.72,21.17,119384.74,251649.493,0.006167000000000001
2024-12-30,21.2,21.33,21.0,21.04,64359.2,135937.244,0.0033250000000000003
2024-12-31,21.04,21.15,20.81,21.0,117592.2,246772.263,0.006074
2025-01-02,21.3,21.62,20.46,20.6,167339.27,350965.763,0.008643999999999999
2025-01-03,20.6,20.89,20.36,20.48,94575.4,195170.682,0.004885
2025-01-06,21.01,21.2,20.51,20.68,129689.95,269792.275,0.006697999999999999
2025-01-07,20.62,20.62,20.12,20.34,120581.84,244608.85,0.006228
2025-01-08,20.35,20.45,20.04,20.24,96795.81,195942.817,0.004999
2025-01-09,20.17,20.26,19.91,20.07,63443.1,127479.344,0.003277
2025-01-10,20.2,20.22,19.91,19.91,56488.99,113061.053,0.002918
2025-01-13,19.7,19.96,19.64,19.88,68528.82,135700.61,0.003539
2025-01-14,19.85,20.09,19.71,20.07,122229.28,243818.376,0.006313
2025-01-15,20.03,20.07,19.82,19.91,71120.49,141980.122,0.003673
2025-01-16,19.92,20.06,19.52,19.58,133105.81,262609.181,0.006875
2025-01-17,19.59,19.61,19.25,19.36,137295.5,266808.179,0.007090999999999999
2025-01-20,19.44,19.71,19.44,19.53,106590.59,208864.804,0.0055049999999999995
2025-01-21,19.7,19.75,19.42,19.48,74934.26,146188.527,0.00387
2025-01-22,19.42,19.48,19.23,19.47,53146.77,102901.293,0.002745
2025-01-23,19.53,19.85,19.53,19.66,103618.57,204098.356,0.005352
2025-01-24,19.66,19.81,19.53,19.75,73983.36,145829.711,0.0038209999999999997
2025-01-27,19.83,20.32,19.81,20.15,137127.98,276268.005,0.007082000000000001
2025-02-05,20.35,20.77,20.03,20.63,169512.4,347006.446,0.008754999999999999
2025-02-06,20.63,20.68,20.16,20.3,126799.56,257119.432,0.006549
2025-02-07,20.22,20.37,19.98,20.31,128065.33,259234.129,0.006614
2025-02-10,20.3,20.36,20.1,20.16,126218.6,254487.118,0.006518
2025-02-11,20.16,20.25,20.02,20.15,91572.72,184497.841,0.004729
2025-02-12,20.09,20.19,20.01,20.17,76167.6,153101.581,0.003934
2025-02-13,20.11,20.16,20.03,20.04,59411.02,119381.91,0.003068
2025-02-14,20.01,20.22,19.99,20.2,84502.78,170109.469,0.004364
2025-02-17,20.21,20.3,19.98,20.03,109430.15,220283.044,0.005651000000000001
2025-02-18,20.02,20.09,19.79,19.82,84541.47,168341.739,0.004366
2025-02-19,19.8,19.85,19.66,19.82,75363.85,148872.744,0.003892
2025-02-20,19.81,19.97,19.72,19.75,84980.97,168441.987,0.0043890000000000005
2025-02-21,19.72,19.84,19.55,19.66,130772.74,257162.12,0.006754
2025-02-24,19.65,19.79,19.57,19.58,99871.38,196363.532,0.005158
2025-02-25,19.51,19.53,19.31,19.34,100694.12,195176.215,0.0052
2025-02-26,19.32,19.41,19.26,19.41,101756.49,196708.502,0.005254999999999999
2025-02-27,19.37,19.47,19.32,19.43,102965.65,199774.328,0.005317
2025-02-28,19.46,19.55,19.14,19.2,136742.65,264029.602,0.007062000000000001
2025-03-03,19.24,19.6,19.24,19.33,148490.01,288186.438,0.0076690000000000005
2025-03-04,19.25,19.38,19.2,19.27,76460.19,147180.686,0.003948999999999999
2025-03-05,19.26,19.29,18.97,19.05,106033.85,202045.471,0.005475
2025-03-06,19.06,19.18,18.96,19.13,112379.9,214496.946,0.005803
2025-03-07,19.11,19.11,18.91,18.92,112605.27,213908.458,0.005815
2025-03-10,18.93,19.13,18.9,19.11,133622.09,254533.589,0.0069
2025-03-11,18.96,19.05,18.88,19.05,97885.76,185817.48,0.005055
2025-03-12,19.1,19.1,18.96,18.96,98224.92,186648.484,0.005072
2025-03-13,18.95,19.13,18.93,19.11,119616.97,227980.746,0.006177
2025-03-14,19.12,19.49,19.04,19.39,202181.32,389743.147,0.01044
2025-03-17,19.4,19.45,19.23,19.26,96811.27,186918.858,0.004999
2025-03-18,19.27,19.33,19.19,19.23,87109.19,167724.278,0.004497999999999999
2025-03-19,19.23,19.3,19.2,19.25,65849.01,126789.05,0.0034000000000000002
2025-03-20,19.25,19.44,19.2,19.23,96425.08,185925.327,0.004979
2025-03-21,19.31,19.37,19.07,19.09,110632.26,212518.597,0.005713
2025-03-24,18.9,19.09,18.88,18.96,72553.75,137590.573,0.0037459999999999998
2025-03-25,19.03,19.13,18.89,19.1,56079.41,106574.826,0.002896
2025-03-26,19.11,19.12,18.97,18.99,71626.45,136180.005,0.003699
2025-03-27,18.99,19.44,18.91,19.42,162905.95,313429.975,0.008412
2025-03-28,19.25,19.37,19.02,19.11,140301.57,268949.455,0.007245000000000001
2025-03-31,19.04,19.1,18.48,18.55,195429.75,365129.632,0.010091000000000001
2025-04-01,18.6,19.1,18.58,19.0,169444.53,321098.647,0.00875
2025-04-02,18.97,19.1,18.87,18.91,73090.73,138354.739,0.003774
2025-04-03,18.81,19.04,18.8,18.94,80260.86,152021.469,0.004144
2025-04-07,18.51,18.52,17.28,17.8,240875.19,429789.831,0.012438
2025-04-08,17.8,18.49,17.77,18.49,212388.28,387086.438,0.007614999999999999
2025-04-09,18.42,18.7,18.1,18.7,136599.44,251834.614,0.004897
2025-04-10,18.68,18.74,18.54,18.7,121591.39,226837.546,0.004359
2025-04-11,18.73,18.77,18.57,18.64,73978.04,137967.256,0.002652
2025-04-14,18.63,18.73,18.58,18.62,79443.48,148244.34,0.002848
2025-04-15,18.58,18.63,18.4,18.58,74436.61,137741.315,0.0026690000000000004
2025-04-16,18.59,18.7,18.39,18.7,70084.85,129727.991,0.002513
2025-04-17,18.62,18.65,18.47,18.62,74438.04,138103.594,0.0026690000000000004
2025-04-18,18.49,18.59,18.44,18.55,33323.77,61704.448,0.0011949999999999999
2025-04-21,18.48,18.53,18.28,18.36,81197.84,149295.973,0.0029110000000000004
2025-04-22,18.36,18.51,18.3,18.32,105230.01,193574.975,0.0037730000000000003
2025-04-23,18.37,18.4,18.12,18.24,85763.77,156347.312,0.003075
2025-04-24,18.21,18.38,18.21,18.3,51219.98,93769.001,0.0018360000000000002
2025-04-25,18.35,18.4,18.19,18.24,74147.0,135239.479,0.0026579999999999998
2025-04-28,18.24,18.24,18.11,18.13,55303.01,100410.521,0.001983
2025-04-29,18.0,18.08,17.85,17.98,65250.1,117355.746,0.002339
2025-04-30,18.0,18.08,17.92,17.96,63656.84,114439.416,0.0022819999999999997
2025-05-06,17.97,18.01,17.8,17.91,144605.66,258402.426,0.005183999999999999
2025-05-07,18.07,18.22,18.02,18.22,165527.42,300022.132,0.005935
2025-05-08,18.1,18.21,18.04,18.17,79766.91,144703.973,0.0028599999999999997
2025-05-09,18.15,18.3,18.14,18.17,87450.53,159330.741,0.003135
2025-05-12,18.2,18.22,18.05,18.22,78193.01,141860.77,0.002803
2025-05-13,18.22,18.38,18.21,18.36,101199.18,185216.824,0.003628
2025-05-14,18.29,18.37,18.15,18.36,87862.09,160271.814,0.00315
2025-05-15,18.36,18.48,18.25,18.26,81071.41,148854.744,0.0029070000000000003
2025-05-16,18.26,18.3,18.12,18.3,74205.43,135149.997,0.00266
2025-05-19,18.3,18.3,18.15,18.22,57418.45,104578.299,0.002059
2025-05-20,18.22,18.43,18.2,18.38,91317.31,167536.422,0.0032740000000000004
2025-05-21,18.38,18.55,18.37,18.53,93286.44,172642.235,0.0033450000000000003
2025-05-22,18.55,18.55,18.32,18.42,63108.19,116070.154,0.002263
2025-05-23,18.39,18.54,18.28,18.29,94969.94,175222.576,0.003405
2025-05-26,18.28,18.33,18.05,18.06,94395.71,171221.763,0.003384
2025-05-27,18.1,18.23,18.06,18.16,53804.0,97684.684,0.001929
2025-05-28,18.15,18.17,18.06,18.1,38558.65,69853.365,0.001382
2025-05-29,18.11,18.25,18.03,18.22,72383.12,131599.066,0.002595
2025-05-30,18.21,18.58,18.16,18.42,180992.32,333697.7,0.006489
2025-06-03,18.27,18.6,18.23,18.6,142070.31,262879.536,0.005094
2025-06-04,18.65,18.7,18.4,18.55,104533.8,193619.147,0.003748
2025-06-05,18.56,18.58,18.36,18.41,87437.1,161345.286,0.003135
2025-06-06,18.45,18.52,18.38,18.45,67291.56,124097.367,0.0024129999999999998
2025-06-09,18.49,18.73,18.46,18.66,134415.12,250360.768,0.004819
2025-06-10,18.69,18.7,18.42,18.49,92552.5,171843.559,0.0033179999999999998
2025-06-11,18.59,18.63,18.51,18.53,86126.4,159841.73,0.003088
2025-06-12,18.52,18.58,18.45,18.54,100828.63,186708.766,0.0036149999999999997
2025-06-13,18.58,18.74,18.29,18.35,311583.86,575038.688,0.011171
2025-06-16,18.28,18.33,17.79,17.84,295250.75,530758.324,0.010585
2025-06-17,17.86,17.99,17.78,17.82,148774.97,265624.78,0.005334
2025-06-18,17.81,17.81,17.56,17.6,136670.05,241016.037,0.0049
2025-06-19,17.62,17.64,17.46,17.52,89131.46,156239.061,0.003196
2025-06-20,17.51,17.57,17.47,17.47,85400.74,149534.115,0.0030620000000000005
2025-06-23,17.46,17.51,17.31,17.47,99545.25,173150.735,0.003569
2025-06-24,17.47,17.62,17.47,17.62,105229.87,184882.432,0.0037730000000000003
2025-06-25,17.64,17.76,17.57,17.76,111952.1,197743.218,0.004014
2025-06-26,17.76,17.78,17.66,17.72,66540.6,117940.131,0.002386
2025-06-27,17.72,17.82,17.7,17.75,72774.0,129245.845,0.002609
2025-06-30,17.75,17.99,17.68,17.88,114449.59,204297.179,0.004103
2025-07-01,17.89,17.92,17.81,17.85,64712.75,115509.163,0.00232
2025-07-02,17.85,17.88,17.72,17.81,82866.53,147275.028,0.0029709999999999997
2025-07-03,17.84,17.9,17.8,17.87,68310.14,122065.696,0.0024490000000000002
2025-07-04,17.89,17.99,17.85,17.93,81314.37,145748.516,0.0029149999999999996
2025-07-07,17.96,18.03,17.91,17.95,64358.9,115702.204,0.002307
2025-07-08,17.96,18.04,17.91,17.99,74621.36,134244.16,0.0026750000000000003
2025-07-09,18.05,18.09,17.96,18.0,79457.81,143266.084,0.002849
2025-07-10,18.41,18.85,18.41,18.7,431638.15,804574.134,0.015475000000000001
2025-07-11,18.66,19.2,18.66,19.0,396910.08,755620.805,0.01423
2025-07-14,19.04,19.23,18.95,19.14,196781.94,376002.795,0.0070550000000000005
2025-07-15,19.15,19.25,18.9,19.0,153716.57,292179.659,0.005511
2025-07-16,19.0,19.22,18.99,19.21,129064.68,247010.47,0.004627
2025-07-17,19.14,19.21,19.11,19.18,108820.04,208555.892,0.003901
2025-07-18,19.05,19.07,18.89,18.98,127450.03,241528.724,0.004569
2025-07-21,18.98,19.2,18.93,19.14,159860.16,305248.016,0.005731000000000001
2025-07-22,19.19,19.3,19.12,19.18,176276.55,338809.037,0.00632
2025-07-23,19.19,19.35,19.03,19.1,153762.02,295385.201,0.0055130000000000005
2025-07-24,19.1,19.27,18.99,19.17,133451.79,255015.428,0.004785
2025-07-25,19.14,19.27,18.95,18.98,133143.55,254357.576,0.004774
2025-07-28,18.98,19.11,18.94,18.99,142588.13,271451.303,0.005112
2025-07-29,19.0,19.19,18.9,19.12,132034.84,252005.644,0.0047339999999999995
2025-07-30,19.09,19.68,19.02,19.35,231561.17,450025.101,0.008302
2025-07-31,19.27,19.29,18.98,19.04,157324.87,300539.084,0.005639999999999999
2025-08-01,19.12,19.58,19.06,19.3,185264.65,358374.473,0.006642
2025-08-04,19.15,19.25,18.88,19.19,156254.5,297629.562,0.005602
2025-08-05,19.15,19.28,19.11,19.23,98372.0,188711.711,0.003527
2025-08-06,19.27,19.32,19.08,19.12,97626.6,186871.342,0.0034999999999999996
2025-08-07,19.08,19.21,19.04,19.09,88673.54,169537.897,0.003179
2025-08-08,19.01,19.15,19.01,19.08,73236.26,139825.528,0.002626
2025-08-11,19.1,19.15,19.02,19.06,95725.42,182515.634,0.003432
2025-08-12,19.11,19.19,19.0,19.02,107917.84,205811.151,0.003869
2025-08-13,19.03,19.05,18.82,18.99,155564.51,294696.2,0.0055769999999999995
2025-08-14,18.99,19.2,18.89,18.9,145713.06,277459.525,0.0052239999999999995
2025-08-15,18.91,18.96,18.8,18.81,183443.71,346107.209,0.0065769999999999995
2025-08-18,18.85,19.18,18.84,18.95,184309.9,350755.72,0.006608
2025-08-19,19.0,19.14,18.9,18.91,128091.01,243535.898,0.004592
2025-08-20,18.91,19.02,18.78,19.02,111397.06,210633.915,0.003994
2025-08-21,19.05,19.25,19.04,19.2,173648.83,332853.492,0.006226000000000001
2025-08-22,19.15,19.22,18.94,19.11,172422.18,328101.189,0.006182
2025-08-25,19.19,19.5,19.16,19.48,245558.12,474951.712,0.008804
2025-08-26,19.43,19.49,19.36,19.36,133204.61,258598.684,0.004776
2025-08-27,19.36,19.45,18.98,18.99,212177.86,407276.906,0.007607
2025-08-28,19.08,19.17,18.62,18.95,270354.07,510714.371,0.009693
2025-08-29,19.01,19.45,18.66,18.67,543570.32,1035645.424,0.019488000000000002
2025-09-01,18.7,18.88,18.44,18.49,478908.45,891680.693,0.01717
2025-09-02,18.54,18.77,18.46,18.6,270569.38,503119.893,0.009701
2025-09-03,18.59,18.66,18.32,18.48,202101.04,373081.228,0.007246
2025-09-04,18.48,18.49,18.09,18.26,206245.4,376754.489,0.0073939999999999995
2025-09-05,18.25,18.36,18.11,18.33,170223.28,309897.797,0.006103
2025-09-08,18.34,18.51,18.33,18.45,241409.0,444732.529,0.008655000000000001
2025-09-09,18.41,18.46,18.18,18.26,162248.32,296958.064,0.005817
2025-09-10,18.22,18.3,18.12,18.15,112703.13,204872.603,0.004041
2025-09-11,18.12,18.29,18.0,18.29,151971.37,276001.618,0.005449000000000001
2025-09-12,18.29,18.32,17.96,18.01,321325.88,582076.888,0.011519999999999999
2025-09-15,18.05,18.21,18.02,18.13,168055.63,304514.422,0.006025
2025-09-16,18.2,18.34,18.01,18.07,234453.63,424475.613,0.008406
2025-09-17,18.07,18.16,18.05,18.12,146300.74,264949.448,0.005245
2025-09-18,18.13,18.48,18.08,18.23,328474.6,598904.206,0.011777
2025-09-19,18.21,18.21,17.87,17.93,268324.01,482900.145,0.00962
2025-09-22,18.0,18.08,17.86,17.92,148352.98,266161.391,0.005319000000000001
2025-09-23,17.88,17.98,17.68,17.84,161473.0,287263.018,0.005789
2025-09-24,17.79,18.11,17.75,18.04,169246.81,304393.626,0.0060680000000000005
2025-09-25,17.98,18.01,17.83,17.91,142239.21,254610.977,0.0051
2025-09-26,17.87,17.97,17.78,17.94,115742.03,206931.521,0.00415
2025-09-29,17.93,17.93,17.76,17.83,180783.43,322079.651,0.006482
2025-09-30,17.85,17.95,17.78,17.95,143688.46,256728.961,0.005152
2025-10-09,17.9,18.34,17.87,18.29,316268.2,574457.972,0.011338999999999998
2025-10-10,18.29,18.4,18.2,18.37,204268.08,374288.054,0.007324000000000001
2025-10-13,18.08,18.3,18.03,18.2,178728.86,324616.722,0.0064080000000000005
2025-10-14,18.19,18.39,18.16,18.3,177892.88,325139.336,0.006378
2025-10-15,18.3,18.54,18.21,18.39,236766.31,435605.107,0.008489
2025-10-16,18.38,18.48,18.28,18.33,197075.44,362184.402,0.007066
2025-10-17,18.35,18.41,18.12,18.15,153520.11,280564.281,0.005504
2025-10-20,18.19,18.23,18.08,18.2,126570.65,229624.109,0.0045379999999999995
2025-10-21,18.22,18.25,18.13,18.25,123862.13,225519.657,0.004441
2025-10-22,18.24,18.44,18.2,18.38,147413.9,270673.973,0.005285
2025-10-23,18.35,18.42,18.23,18.38,108784.42,199208.193,0.0039000000000000003
2025-10-24,18.35,18.4,18.25,18.28,109538.34,200538.565,0.003927
2025-10-27,18.36,18.37,18.22,18.31,127181.11,,0.00456
2025-10-28,18.32,18.4,18.27,18.29,120304.97,,0.004313
2025-10-29,18.3,18.32,18.21,18.3,115642.09,,0.004146
2025-10-30,18.3,18.42,18.26,18.32,166173.34,,0.005958
2025-10-31,18.17,18.17,17.8,17.94,356909.8,,0.012796
2025-11-03,17.96,18.0,17.87,17.91,220430.01,,0.007903
2025-11-04,17.92,17.92,17.78,17.82,160023.88,,0.005737
2025-11-05,17.76,17.86,17.73,17.86,117240.57,,0.004203
2025-11-06,17.86,17.89,17.82,17.86,105370.61,,0.003778
2025-11-07,17.9,18.09,17.87,17.96,161198.52,,0.005778999999999999
