Date,Open,High,Low,Close,Volume,Amount,TurnoverRate
2021-05-06,52.0,67.68,50.08,67.36,107373.22,622764.927,0.7375079999999999
2021-05-07,68.0,68.0,55.0,58.58,66925.24,407352.872,0.459685
2021-05-10,58.01,71.18,58.0,66.01,53451.15,348005.752,0.36713700000000005
2021-05-11,65.0,73.5,62.97,72.9,48051.05,327692.751,0.330045
2021-05-12,70.4,72.45,68.21,69.5,33210.37,233204.1,0.22811
2021-05-13,68.24,69.16,63.11,64.73,30808.33,202176.034,0.21161100000000002
2021-05-14,64.4,71.47,63.52,69.01,28669.04,196422.177,0.196917
2021-05-17,70.88,74.74,68.88,69.49,26730.8,190803.561,0.183604
2021-05-18,68.1,73.58,68.06,70.0,15596.76,110670.593,0.10712899999999999
2021-05-19,69.99,72.39,66.88,70.4,21153.12,147596.912,0.145293
2021-05-20,70.44,74.14,68.88,71.9,18077.15,130012.148,0.124165
2021-05-21,72.86,75.99,69.21,70.5,17756.6,129305.591,0.121964
2021-05-24,70.0,70.87,59.88,63.96,32291.31,203941.632,0.221797
2021-05-25,62.8,64.5,60.8,62.69,11576.24,72363.872,0.079513
2021-05-26,63.34,63.34,59.6,59.92,13382.49,81318.108,0.09192
2021-05-27,59.92,62.38,59.51,62.1,11779.89,71807.985,0.08091200000000001
2021-05-28,61.3,65.31,60.18,63.49,10948.44,68660.276,0.075201
2021-05-31,63.72,68.24,63.54,68.06,12862.65,85212.767,0.088349
2021-06-01,68.4,68.41,65.9,66.99,10626.98,70925.116,0.072993
2021-06-02,67.08,69.79,64.7,64.85,11351.53,76029.811,0.07797
2021-06-03,64.4,64.45,61.3,62.52,9956.49,62239.053,0.068388
2021-06-04,62.34,64.3,61.08,61.08,8653.21,54212.786,0.059436
2021-06-07,61.23,62.17,58.18,62.17,14838.25,88922.401,0.10191900000000001
2021-06-08,61.97,62.88,59.75,60.22,6877.68,42029.9,0.047240000000000004
2021-06-09,61.0,61.0,58.3,59.6,10098.32,59720.596,0.06936200000000001
2021-06-10,58.79,59.9,57.1,57.35,10230.42,59305.93,0.070269
2021-06-11,57.35,60.16,57.35,58.4,7525.46,44002.235,0.05168999999999999
2021-06-15,58.4,58.4,52.62,55.5,12649.86,69595.328,0.086887
2021-06-16,54.51,55.43,53.7,53.79,6037.12,32822.633,0.041467000000000004
2021-06-17,53.81,54.64,50.51,53.01,12515.62,65193.088,0.08596500000000001
2021-06-18,52.86,54.03,51.5,52.5,9945.58,52254.131,0.068313
2021-06-21,51.69,55.36,51.69,55.0,10169.84,54519.746,0.069853
2021-06-22,57.3,58.88,55.3,55.9,16100.22,91522.072,0.110587
2021-06-23,55.78,57.6,54.12,56.4,10394.73,58122.666,0.071398
2021-06-24,55.55,58.76,55.3,57.4,13442.27,77655.827,0.09233000000000001
2021-06-25,57.4,59.4,56.29,59.07,7388.39,42611.061,0.050747999999999995
2021-06-28,58.53,63.99,58.15,61.57,15218.06,94079.549,0.104527
2021-06-29,61.58,67.88,61.57,64.9,20958.74,135447.362,0.143958
2021-06-30,65.14,67.01,62.82,65.8,11859.92,77420.58,0.081462
2021-07-01,66.11,66.5,62.05,63.12,13256.1,84675.588,0.091051
2021-07-02,62.88,65.99,61.33,64.0,8370.58,53317.478,0.057495000000000004
2021-07-05,64.3,64.3,61.53,63.88,9091.06,57113.496,0.062443
2021-07-06,63.0,65.48,60.4,61.97,7823.38,49293.617,0.053736
2021-07-07,61.0,64.33,60.99,64.2,8579.35,53600.196,0.058928
2021-07-08,63.64,64.58,61.01,61.97,7935.0,49902.629,0.054503
2021-07-09,61.53,64.48,61.12,63.8,11533.92,72897.811,0.079222
2021-07-12,64.46,70.84,63.87,69.96,14155.92,96752.276,0.097232
2021-07-13,69.0,71.3,67.68,70.88,10196.35,70159.263,0.070035
2021-07-14,70.82,70.82,67.43,68.0,7633.69,52464.11,0.052432999999999994
2021-07-15,67.39,68.3,66.22,67.68,5162.41,34508.021,0.035459
2021-07-16,67.68,70.7,67.0,67.75,7658.6,52564.797,0.052604
2021-07-19,67.03,71.29,67.03,69.07,9334.05,65033.006,0.064112
2021-07-20,68.94,70.5,67.3,69.89,7381.39,50933.31,0.0507
2021-07-21,70.0,73.37,69.09,71.41,8772.48,62654.894,0.060255
2021-07-22,71.0,71.45,67.73,68.66,8989.31,61857.337,0.061744
2021-07-23,68.01,69.24,66.5,67.19,5242.97,35476.762,0.036012
2021-07-26,69.87,71.99,66.2,71.0,13052.52,90657.04,0.089653
2021-07-27,70.17,71.47,67.6,67.76,12046.11,83242.913,0.08274
2021-07-28,63.76,67.09,63.2,64.96,8938.78,57991.532,0.06139700000000001
2021-07-29,65.87,69.0,65.51,68.75,7379.38,49722.734,0.050686
2021-07-30,68.12,69.55,66.64,68.3,4685.76,31990.262,0.032185
2021-08-02,68.6,76.3,66.7,73.5,14896.13,108072.704,0.102316
2021-08-03,74.35,80.12,74.35,76.35,15842.76,122656.519,0.108818
2021-08-04,74.37,82.27,74.37,80.6,12707.38,100703.781,0.087282
2021-08-05,79.6,81.48,76.39,76.85,11894.25,93316.011,0.081697
2021-08-06,78.2,80.3,76.18,78.6,6732.37,52569.414,0.046242
2021-08-09,80.87,80.88,74.88,76.98,5996.07,45726.963,0.041185
2021-08-10,75.99,79.33,75.4,77.5,5248.22,40528.019,0.036048
2021-08-11,77.88,77.88,72.22,73.98,9291.31,68672.973,0.063819
2021-08-12,73.03,78.42,73.03,76.86,8212.13,62878.382,0.056406
2021-08-13,77.08,78.98,74.66,76.81,7443.77,57386.664,0.051129
2021-08-16,76.99,77.6,73.1,75.62,5096.27,38304.572,0.035004
2021-08-17,74.18,76.7,69.39,70.8,7181.79,51682.242,0.049329
2021-08-18,70.0,72.7,70.0,71.69,3611.34,25861.776,0.024805
2021-08-19,71.16,73.65,69.73,73.07,4148.29,29859.793,0.028493
2021-08-20,72.89,73.74,70.53,72.98,3491.77,25185.477,0.023984000000000002
2021-08-23,72.44,77.68,72.44,77.35,7958.98,60738.149,0.054667
2021-08-24,76.4,77.99,76.0,77.0,4224.48,32547.791,0.029016
2021-08-25,78.0,78.36,76.4,77.6,5273.39,40793.003,0.036221
2021-08-26,76.48,78.19,76.0,76.98,4477.16,34385.035,0.030752
2021-08-27,76.98,77.23,73.16,76.76,6869.67,51552.996,0.047185
2021-08-30,73.7,75.37,68.5,74.3,8348.48,60579.217,0.057343000000000005
2021-08-31,74.09,79.58,73.1,78.12,9281.54,71536.367,0.063752
2021-09-01,78.08,78.96,69.54,70.01,10427.99,76042.596,0.07162600000000001
2021-09-02,69.39,72.6,68.5,71.81,3592.34,25468.808,0.024674
2021-09-03,73.5,75.28,71.02,72.0,4935.77,36069.207,0.033902
2021-09-06,72.0,74.45,71.1,74.05,3990.99,29168.745,0.027413
2021-09-07,73.21,75.8,73.03,74.0,4356.75,32280.834,0.029925
2021-09-08,75.8,75.8,71.13,72.39,4103.19,29705.814,0.028183
2021-09-09,71.16,72.87,71.16,72.36,2277.0,16409.721,0.01564
2021-09-10,73.43,73.45,68.61,68.8,5901.55,41141.811,0.040536
2021-09-13,68.18,68.18,61.8,61.9,10583.51,67550.8,0.072694
2021-09-14,63.7,63.7,60.11,60.8,7057.25,43233.55,0.048474
2021-09-15,60.8,61.88,60.2,60.95,4773.35,29096.463,0.032786
2021-09-16,61.3,61.3,57.69,58.0,5799.37,34283.693,0.039834
2021-09-17,58.0,58.0,54.63,56.03,8883.86,49415.945,0.061020000000000005
2021-09-22,55.61,57.6,55.5,57.21,4264.76,24231.251,0.029293
2021-09-23,57.12,57.39,55.55,55.8,4332.78,24333.826,0.029759999999999998
2021-09-24,55.29,55.7,54.1,54.12,3817.63,20784.545,0.026222
2021-09-27,54.12,54.42,50.71,52.6,4440.42,23323.854,0.0305
2021-09-28,52.13,53.8,51.77,53.8,2060.61,10890.257,0.014154
2021-09-29,53.6,54.99,52.65,52.7,4568.26,24674.367,0.031377999999999996
2021-09-30,53.06,54.94,52.71,54.91,3643.1,19777.266,0.025023
2021-10-08,54.91,56.65,54.62,56.1,3705.11,20722.223,0.025449000000000003
2021-10-11,56.27,59.0,55.52,58.5,4986.35,28777.128,0.034249
2021-10-12,58.41,58.95,57.5,58.26,3147.18,18351.933,0.021617
2021-10-13,58.11,61.29,58.11,60.49,4564.94,27256.459,0.031355
2021-10-14,61.46,61.91,59.2,59.87,3236.32,19614.336,0.022229000000000002
2021-10-15,61.38,61.4,58.35,59.22,2944.39,17482.456,0.020224000000000002
2021-10-18,59.22,61.35,58.81,61.33,2938.77,17791.76,0.020184999999999998
2021-10-19,60.9,62.08,60.07,61.37,2558.08,15753.162,0.017571
2021-10-20,60.9,62.56,60.9,61.36,2427.09,15043.13,0.016671000000000002
2021-10-21,61.36,61.87,59.31,60.92,2139.6,12939.114,0.014696
2021-10-22,60.83,61.83,59.97,61.5,1468.01,8902.617,0.010083
2021-10-25,60.5,61.0,59.33,60.29,1274.24,7622.967,0.008752
2021-10-26,60.0,61.18,59.01,60.88,1431.26,8645.801,0.009831
2021-10-27,60.2,60.2,57.58,57.68,3467.38,20174.036,0.023816
2021-10-28,56.31,58.28,56.28,56.61,2263.3,12902.104,0.015545999999999999
2021-10-29,56.2,58.12,55.98,58.0,1541.05,8762.008,0.010585
2021-11-01,55.3,59.93,55.3,59.9,2458.06,14252.683,0.016884
2021-11-02,59.9,62.72,58.88,62.39,3151.37,19340.728,0.021646000000000002
2021-11-03,61.16,62.63,61.12,62.07,1606.02,9966.776,0.011031
2021-11-04,62.43,62.58,61.66,62.24,1741.91,10809.023,0.011964999999999998
2021-11-05,62.68,62.68,61.92,62.16,1544.18,9603.213,0.010605999999999999
2021-11-08,62.0,62.32,57.2,61.1,6389.42,39070.921,0.042036
2021-11-09,61.99,65.19,59.66,64.69,4374.83,27951.795,0.028782000000000002
2021-11-10,64.5,67.0,64.0,66.7,4569.95,30115.099,0.030064999999999998
2021-11-11,68.02,68.02,65.03,66.7,3696.71,24452.999,0.024319999999999998
2021-11-12,65.8,70.95,65.5,69.89,4808.41,33365.235,0.031634
2021-11-15,69.01,71.89,69.01,69.99,3471.16,24376.905,0.022837
2021-11-16,70.0,70.0,67.0,68.1,2481.96,17005.98,0.016329
2021-11-17,67.85,68.82,67.69,67.92,1843.77,12559.952,0.01213
2021-11-18,68.23,69.5,67.4,68.01,2849.07,19532.597,0.018744
2021-11-19,67.11,69.54,67.11,68.11,2312.8,15874.991,0.015216
2021-11-22,68.59,68.92,67.81,68.47,2616.45,17871.594,0.017213
2021-11-23,68.5,68.74,67.3,67.9,2613.7,17771.376,0.017195000000000002
2021-11-24,68.8,71.25,67.31,68.62,3992.46,27902.973,0.026265999999999998
2021-11-25,69.11,69.13,67.08,67.41,2642.61,17865.896,0.017386
2021-11-26,67.14,68.31,67.05,67.44,2762.84,18614.671,0.018177000000000002
2021-11-29,67.0,67.98,66.26,67.48,3711.92,24969.983,0.024420999999999998
2021-11-30,67.5,68.91,67.17,67.86,2384.76,16204.65,0.015688999999999998
2021-12-01,68.49,69.5,67.19,68.68,2620.54,17843.306,0.01724
2021-12-02,68.5,70.95,67.7,67.8,4130.46,28433.658,0.027174
2021-12-03,68.0,68.54,67.38,68.46,2214.71,15072.697,0.014570000000000001
2021-12-06,69.24,69.41,66.5,67.66,2136.71,14458.838,0.014057
2021-12-07,67.17,67.17,61.35,63.35,5640.19,36183.326,0.037107
2021-12-08,63.15,65.0,63.15,63.99,3806.15,24333.205,0.02504
2021-12-09,64.82,64.82,63.69,63.9,1409.37,9012.442,0.009272
2021-12-10,63.5,64.43,63.0,63.78,1746.78,11136.834,0.011492
2021-12-13,63.97,65.46,63.68,63.85,1040.95,6680.484,0.006848
2021-12-14,63.03,64.19,62.8,63.48,1341.8,8488.713,0.008828
2021-12-15,63.48,63.49,59.89,61.2,3292.92,20266.492,0.021664
2021-12-16,60.11,61.76,60.0,61.18,2318.07,14116.778,0.01525
2021-12-17,60.98,60.98,58.86,60.56,2431.82,14450.774,0.015999
2021-12-20,59.95,60.48,58.11,58.51,2314.7,13638.595,0.015227999999999998
2021-12-21,58.03,59.11,57.54,59.1,1233.8,7209.509,0.008117
2021-12-22,59.3,61.49,58.41,61.29,2515.41,15170.509,0.016549
2021-12-23,60.66,61.54,60.18,60.45,1985.96,12036.784,0.013066
2021-12-24,60.45,61.39,59.2,59.75,1128.63,6749.523,0.007425
2021-12-27,59.34,59.98,59.0,59.62,828.14,4920.96,0.005448
2021-12-28,59.62,59.66,59.05,59.54,632.76,3751.685,0.004163
2021-12-29,59.66,61.15,58.45,60.46,2077.64,12427.68,0.013669
2021-12-30,60.5,60.97,60.01,60.7,1340.25,8143.004,0.008817
2021-12-31,60.75,61.12,60.18,61.0,1135.76,6891.147,0.0074719999999999995
2022-01-04,61.0,62.5,60.4,61.93,1856.81,11459.958,0.012216
2022-01-05,62.48,62.55,59.05,59.9,1619.8,9804.931,0.010657000000000002
2022-01-06,59.84,61.11,59.11,61.04,1444.73,8690.3,0.009505
2022-01-07,60.99,61.0,59.66,60.47,1039.53,6250.207,0.006839
2022-01-10,61.49,62.88,59.99,62.52,2017.61,12465.094,0.013274
2022-01-11,61.92,62.68,60.68,61.36,1046.23,6451.91,0.006883
2022-01-12,61.36,62.96,61.36,62.95,1650.56,10330.813,0.010859
2022-01-13,62.9,63.2,61.7,62.8,1306.11,8159.238,0.008593
2022-01-14,61.8,64.77,61.18,63.09,2329.7,14833.979,0.015327
2022-01-17,63.0,64.5,62.8,63.77,1910.93,12170.289,0.012572000000000002
2022-01-18,63.6,64.0,63.0,63.44,1363.23,8658.687,0.008969
2022-01-19,62.88,63.79,62.01,63.2,1465.93,9196.362,0.009644
2022-01-20,62.4,62.68,60.02,60.59,2781.95,16992.918,0.018302
2022-01-21,60.56,61.04,58.7,59.98,1069.51,6368.463,0.007036
2022-01-24,59.01,60.88,57.98,59.35,1622.05,9557.2,0.010671
2022-01-25,58.7,59.77,57.39,57.95,900.15,5239.11,0.005921999999999999
2022-01-26,57.18,58.99,56.91,58.66,566.93,3277.562,0.00373
2022-01-27,58.2,58.2,56.32,56.49,887.06,5048.161,0.005836
2022-01-28,56.0,57.53,56.0,57.45,782.89,4460.623,0.005151
2022-02-07,57.98,59.01,57.05,58.59,822.51,4766.265,0.005411
2022-02-08,58.77,58.77,57.05,58.16,429.83,2484.828,0.002828
2022-02-09,58.37,59.1,57.3,58.5,959.01,5575.202,0.006309
2022-02-10,58.12,58.18,57.2,57.44,803.24,4616.776,0.005284
2022-02-11,57.03,57.11,55.0,56.92,815.29,4568.66,0.005364
2022-02-14,55.33,56.33,52.4,54.07,1594.51,8642.94,0.01049
2022-02-15,53.27,55.17,53.01,55.16,479.04,2605.71,0.003152
2022-02-16,55.48,55.98,55.01,55.2,190.83,1057.828,0.001255
2022-02-17,54.51,55.4,54.12,54.8,1058.76,5778.648,0.006966
2022-02-18,54.3,54.98,53.2,54.98,664.12,3597.449,0.0043690000000000005
2022-02-21,54.66,55.19,53.77,55.19,650.81,3563.817,0.004282
2022-02-22,55.0,55.19,51.3,52.36,2300.9,12108.094,0.015138
2022-02-23,52.5,54.8,52.2,54.4,879.8,4740.343,0.005788
2022-02-24,54.35,54.92,52.0,53.88,922.23,4930.712,0.006067
2022-02-25,54.0,54.46,53.05,54.1,724.53,3911.306,0.004767
2022-02-28,53.3,53.91,53.18,53.4,607.44,3244.668,0.003996
2022-03-01,53.4,54.81,53.34,54.6,577.09,3124.835,0.003797
2022-03-02,55.16,55.16,53.29,53.89,711.82,3843.084,0.004683
2022-03-03,53.77,54.48,53.06,53.69,349.41,1877.522,0.002299
2022-03-04,52.15,54.83,52.0,52.85,1115.23,5975.278,0.007337
2022-03-07,52.0,53.27,51.15,51.4,948.54,4896.722,0.00624
2022-03-08,51.08,51.08,49.06,50.73,1881.9,9460.582,0.012381
2022-03-09,51.38,51.38,44.7,47.54,1740.3,8268.324,0.011449
2022-03-10,48.2,48.23,45.42,46.2,1406.15,6603.197,0.009251
2022-03-11,44.44,45.71,44.18,45.54,1279.44,5721.675,0.008417000000000001
2022-03-14,45.0,45.9,42.74,42.95,1000.57,4366.321,0.006583
2022-03-15,42.5,43.69,38.99,39.67,2644.8,10808.42,0.0174
2022-03-16,39.98,43.9,39.71,43.9,2215.79,9192.136,0.014578
2022-03-17,44.34,47.36,43.91,45.21,2973.49,13661.483,0.019562
2022-03-18,46.67,46.97,44.25,46.65,1474.99,6808.779,0.009704
2022-03-21,45.65,46.56,44.66,46.35,1254.14,5706.763,0.008251
2022-03-22,46.59,47.22,44.52,46.34,1141.26,5237.87,0.007508
2022-03-23,46.0,47.48,45.05,47.18,1254.63,5845.758,0.008254000000000001
2022-03-24,47.96,47.96,45.8,46.1,909.55,4207.156,0.005984000000000001
2022-03-25,46.5,46.5,45.51,45.8,387.14,1783.289,0.002547
2022-03-28,46.0,47.46,45.25,46.11,820.69,3790.25,0.005399
2022-03-29,45.71,46.8,45.3,46.44,488.31,2256.638,0.0032129999999999997
2022-03-30,46.01,46.35,45.01,45.82,469.76,2155.352,0.003091
2022-03-31,46.3,46.8,44.8,46.39,1279.96,5822.391,0.008421
2022-04-01,46.43,46.43,45.0,45.34,730.57,3305.162,0.004806
2022-04-06,45.42,48.25,44.0,48.0,1602.76,7435.643,0.010544
2022-04-07,47.5,47.5,45.0,45.2,2202.14,10146.66,0.014488000000000001
2022-04-08,45.5,46.12,44.3,45.2,855.35,3879.156,0.005627
2022-04-11,45.01,45.36,42.01,42.12,1363.01,5988.318,0.008967000000000001
2022-04-12,42.39,43.7,40.51,43.1,377.33,1574.775,0.002482
2022-04-13,43.08,43.28,41.62,42.06,229.53,975.863,0.00151
2022-04-14,42.8,42.8,40.32,42.58,519.73,2203.935,0.0034189999999999997
2022-04-15,40.44,42.45,40.44,41.76,294.93,1228.944,0.00194
2022-04-18,40.63,42.78,40.63,42.5,611.43,2571.858,0.004023
2022-04-19,42.73,42.73,40.8,40.9,880.74,3666.825,0.0057940000000000005
2022-04-20,40.28,41.42,40.13,41.0,595.97,2426.226,0.003921
2022-04-21,41.0,41.02,39.4,39.92,445.64,1790.045,0.002932
2022-04-22,39.15,42.0,38.33,38.5,401.9,1573.21,0.002644
2022-04-25,36.26,39.14,33.18,34.89,2042.91,7153.031,0.01344
2022-04-26,34.7,36.87,33.62,34.0,1108.57,3843.683,0.007292999999999999
2022-04-27,33.84,36.84,32.45,36.73,2118.63,7540.105,0.013937999999999999
2022-04-28,38.0,38.0,35.31,36.96,944.57,3399.823,0.006214
2022-04-29,38.05,39.17,36.09,38.37,1603.46,6056.676,0.010549
2022-05-05,38.37,40.4,36.66,39.9,2384.55,9338.599,0.015688
2022-05-06,39.18,40.6,38.54,40.33,873.42,3486.921,0.002168
2022-05-09,40.99,41.75,40.21,40.6,1226.18,5024.108,0.003044
2022-05-10,40.45,40.97,39.24,40.04,1634.32,6570.021,0.004057
2022-05-11,39.94,41.43,39.94,40.68,2442.9,9949.01,0.006064000000000001
2022-05-12,41.49,41.49,39.91,40.02,1283.08,5162.542,0.003185
2022-05-13,39.96,40.27,39.5,39.76,977.11,3892.687,0.002426
2022-05-16,41.08,41.08,38.51,38.95,1350.48,5289.464,0.003352
2022-05-17,38.8,39.32,37.9,38.19,822.15,3150.465,0.002041
2022-05-18,38.13,40.47,38.13,39.96,1475.22,5807.142,0.0036620000000000003
2022-05-19,39.12,40.37,39.12,40.06,782.1,3110.364,0.0019420000000000001
2022-05-20,41.55,41.59,38.81,40.8,1553.99,6266.911,0.003858
2022-05-23,40.7,42.03,39.53,41.09,2450.54,10139.441,0.006083
2022-05-24,41.52,42.19,39.0,39.0,1503.37,6038.542,0.0037319999999999996
2022-05-25,38.39,39.4,38.2,38.57,702.05,2715.47,0.0017430000000000002
2022-05-26,38.29,38.59,37.49,37.92,948.54,3605.622,0.002355
2022-05-27,37.92,38.33,37.2,37.42,1016.84,3843.795,0.002524
2022-05-30,37.94,38.3,36.88,37.38,1175.33,4391.622,0.002918
2022-05-31,37.49,40.96,37.27,39.9,2517.32,9937.503,0.006249
2022-06-01,39.9,42.08,39.7,41.68,7601.01,31341.487,0.018869
2022-06-02,41.66,50.02,41.02,48.9,13542.99,62817.056,0.033620000000000004
2022-06-06,47.1,55.6,46.5,50.34,14288.94,72150.302,0.035471
2022-06-07,50.1,50.9,48.3,49.3,7602.32,37628.255,0.018872
2022-06-08,49.48,50.77,48.5,50.41,7076.09,35224.924,0.017566
2022-06-09,49.91,50.77,48.39,48.7,3953.34,19429.773,0.009814
2022-06-10,49.6,49.98,48.05,49.0,2868.8,14070.36,0.007122000000000001
2022-06-13,48.5,49.67,48.09,48.88,4264.05,20776.906,0.010585
2022-06-14,47.69,47.81,44.98,47.32,3782.45,17563.831,0.009389999999999999
2022-06-15,46.58,48.45,46.29,46.48,3156.66,14819.387,0.007836
2022-06-16,46.47,47.98,45.66,46.6,3715.52,17535.366,0.009224
2022-06-17,46.98,48.42,45.8,48.1,3690.96,17414.103,0.009163
2022-06-20,48.0,48.35,46.52,47.06,3479.11,16354.527,0.008637
2022-06-21,46.83,46.89,45.11,45.66,2421.01,11121.177,0.00601
2022-06-22,46.46,46.46,44.88,45.04,2716.09,12298.96,0.006743
2022-06-23,44.45,47.8,44.45,47.15,3666.58,17140.164,0.009102
2022-06-24,46.98,48.93,46.61,47.9,4905.41,23407.617,0.012177
2022-06-27,46.94,49.5,46.94,47.2,4397.77,20891.931,0.010917
2022-06-28,46.73,49.4,46.31,49.13,4812.87,23285.009,0.011948
2022-06-29,49.62,49.66,45.39,46.19,4345.11,20464.4,0.010786
2022-06-30,45.73,47.0,45.22,45.55,2968.84,13536.99,0.00737
2022-07-01,45.55,46.23,44.24,46.03,1446.0,6598.529,0.00359
2022-07-04,45.02,46.19,44.52,45.82,1324.66,6008.316,0.0032879999999999997
2022-07-05,45.6,46.29,44.81,45.64,1838.98,8351.745,0.0045650000000000005
2022-07-06,45.63,46.99,44.73,46.24,2217.04,10263.484,0.005504
2022-07-07,45.36,47.35,45.36,47.25,3056.01,14255.047,0.007586000000000001
2022-07-08,47.55,47.88,45.71,46.44,2893.69,13414.638,0.007183
2022-07-11,46.44,46.45,44.2,44.81,1762.37,7919.753,0.004375
2022-07-12,44.36,48.88,44.36,48.24,9727.53,46573.306,0.024148
2022-07-13,48.8,48.8,45.27,45.97,8208.5,37867.711,0.020377
2022-07-14,45.98,47.42,44.51,46.18,3155.76,14667.955,0.007834
2022-07-15,45.5,46.88,45.07,45.57,2580.43,11834.116,0.006405999999999999
2022-07-18,46.0,46.46,45.17,46.38,2799.76,12795.874,0.00695
2022-07-19,46.49,49.83,46.49,48.0,5521.01,26670.702,0.013706000000000001
2022-07-20,48.3,49.7,47.8,49.11,5086.5,24870.032,0.012627
2022-07-21,49.11,49.87,47.8,48.1,3402.79,16448.827,0.008447
2022-07-22,47.9,48.7,46.36,46.85,2789.65,13224.26,0.006925
2022-07-25,46.85,47.11,45.9,45.93,2516.67,11651.046,0.006247
2022-07-26,45.53,46.49,45.04,46.0,1338.71,6100.377,0.003323
2022-07-27,46.44,46.86,45.72,46.85,2350.49,10891.158,0.005835
2022-07-28,46.89,49.2,46.56,48.28,5732.47,27734.482,0.01423
2022-07-29,49.27,49.27,47.92,48.88,4195.95,20437.164,0.010416000000000002
2022-08-01,48.91,50.0,47.26,49.8,5475.14,27068.286,0.013592
2022-08-02,49.05,51.9,47.01,50.75,10947.63,53840.135,0.027176999999999996
2022-08-03,50.75,53.77,50.75,50.8,10687.21,55908.293,0.02653
2022-08-04,51.12,52.1,49.8,50.57,5854.31,29832.906,0.014533
2022-08-05,50.3,51.6,49.8,51.33,5251.9,26666.641,0.013038000000000001
2022-08-08,50.98,53.67,49.78,53.5,6769.35,35348.271,0.016804
2022-08-09,53.83,54.38,52.01,53.09,3453.63,18135.35,0.008572999999999999
2022-08-10,52.8,53.8,52.57,53.17,3236.42,17164.15,0.008034
2022-08-11,53.17,56.99,52.8,55.45,6923.83,37964.07,0.017188000000000002
2022-08-12,56.5,58.21,55.4,55.49,6781.27,38401.399,0.016834000000000002
2022-08-15,50.52,55.53,50.52,54.93,3989.74,21661.412,0.009904
2022-08-16,54.6,56.42,54.12,55.04,4149.51,22914.663,0.010301
2022-08-17,55.87,58.4,54.52,56.49,4752.05,26663.677,0.011797
2022-08-18,56.6,60.4,55.52,59.7,5701.32,33319.931,0.014153
2022-08-19,59.7,60.55,56.56,56.66,4694.68,27342.119,0.011654
2022-08-22,55.72,56.72,55.13,55.95,2341.37,13096.256,0.005812
2022-08-23,55.39,56.89,55.39,56.3,2380.94,13355.402,0.005911
2022-08-24,57.03,57.03,52.5,53.35,4283.46,23096.682,0.010632999999999998
2022-08-25,53.35,53.44,50.65,52.32,3483.81,18048.691,0.008648
2022-08-26,52.32,53.62,51.0,51.02,1397.73,7266.434,0.0034699999999999996
2022-08-29,49.51,52.98,49.2,52.45,2080.68,10774.641,0.0051649999999999995
2022-08-30,55.07,55.45,51.77,53.16,2851.13,15298.005,0.007078
2022-08-31,53.0,53.36,50.99,51.3,2473.13,12836.175,0.006139
2022-09-01,51.86,52.31,50.2,52.12,1546.43,7934.877,0.0038390000000000004
2022-09-02,51.95,53.27,51.01,51.99,909.27,4769.084,0.0022570000000000003
2022-09-05,51.1,52.6,51.1,52.18,669.49,3475.214,0.0016619999999999998
2022-09-06,51.82,52.84,51.01,51.65,1661.24,8604.694,0.004124
2022-09-07,51.06,52.8,50.22,52.14,1492.05,7774.52,0.0037040000000000003
2022-09-08,51.1,52.14,50.89,51.0,1562.09,8015.865,0.003878
2022-09-09,50.5,51.68,49.31,49.5,1631.47,8166.089,0.004050000000000001
2022-09-13,49.13,52.11,49.13,50.9,1357.29,6867.093,0.0033689999999999996
2022-09-14,49.36,50.75,49.35,50.02,1089.63,5443.204,0.0027050000000000004
2022-09-15,49.42,50.02,46.9,47.01,2535.57,12068.313,0.006293999999999999
2022-09-16,47.01,47.86,46.51,46.65,1044.69,4913.584,0.002593
2022-09-19,46.29,47.13,44.81,45.43,1356.87,6200.291,0.003368
2022-09-20,46.44,47.43,45.28,47.4,845.28,3944.647,0.002098
2022-09-21,46.5,47.12,45.83,46.31,971.37,4504.949,0.002411
2022-09-22,47.98,47.99,45.84,46.16,730.27,3391.306,0.001813
2022-09-23,45.24,47.23,44.05,44.96,1013.18,4561.777,0.002515
2022-09-26,41.14,44.5,41.14,43.63,814.12,3573.817,0.0020210000000000002
2022-09-27,44.37,45.07,43.88,44.6,844.78,3749.438,0.002097
2022-09-28,44.15,44.76,43.47,43.47,441.86,1951.577,0.001097
2022-09-29,43.44,46.2,43.44,44.46,1249.88,5592.452,0.0031030000000000003
2022-09-30,44.0,47.55,43.7,44.04,2123.59,9517.216,0.005272
2022-10-10,44.04,44.06,42.05,42.92,910.36,3939.247,0.00226
2022-10-11,42.69,43.79,42.68,42.94,439.69,1892.446,0.001092
2022-10-12,43.36,44.03,42.1,43.78,797.36,3433.899,0.001979
2022-10-13,43.18,44.3,42.91,43.66,1660.11,7267.371,0.0041210000000000005
2022-10-14,44.43,46.3,43.41,46.3,2424.22,10944.825,0.006018
2022-10-17,46.5,48.83,45.79,48.3,3748.6,17815.777,0.009306
2022-10-18,48.3,49.6,47.03,48.24,1799.93,8628.157,0.004468
2022-10-19,48.0,48.49,47.08,47.97,922.38,4415.689,0.00229
2022-10-20,48.58,49.39,47.19,49.01,2116.88,10306.08,0.005254999999999999
2022-10-21,49.01,49.7,47.5,48.15,939.03,4523.459,0.002331
2022-10-24,49.2,49.48,47.81,48.14,1900.67,9252.07,0.004718
2022-10-25,48.29,49.2,47.28,48.51,1427.21,6920.201,0.003543
2022-10-26,49.6,50.6,48.57,50.6,2378.42,11876.906,0.005904
2022-10-27,52.5,52.5,49.32,50.1,2630.47,13184.649,0.00653
2022-10-28,50.49,51.6,48.93,49.62,2908.87,14568.762,0.007221
2022-10-31,49.99,50.98,48.55,48.88,2338.0,11540.07,0.005804
2022-11-01,49.69,51.45,48.19,51.45,3825.38,19095.727,0.009496
2022-11-02,51.45,52.42,50.1,50.51,2951.76,15027.205,0.007328
2022-11-03,50.46,51.28,49.69,50.92,3439.34,17434.87,0.008538
2022-11-04,51.5,51.5,50.2,50.39,2811.82,14195.792,0.006979999999999999
2022-11-07,50.41,50.41,49.5,49.69,2319.91,11563.731,0.005758999999999999
2022-11-08,49.98,50.5,49.1,49.53,1410.88,6968.857,0.003502
2022-11-09,49.94,49.94,49.13,49.71,767.29,3793.117,0.001905
2022-11-10,48.6,49.69,47.3,47.55,2205.18,10679.81,0.005474
2022-11-11,47.96,48.66,47.15,47.2,1602.54,7698.777,0.003978
2022-11-14,47.63,47.63,46.23,46.52,1207.69,5647.109,0.0029980000000000002
2022-11-15,46.75,48.8,46.44,48.59,2402.96,11550.563,0.005965000000000001
2022-11-16,49.31,49.31,47.12,47.64,1087.52,5193.568,0.0027
2022-11-17,48.48,48.48,46.33,47.9,1562.87,7423.254,0.00388
2022-11-18,47.85,48.19,47.01,47.4,934.11,4437.03,0.002319
2022-11-21,47.39,48.8,46.06,48.8,3841.04,18155.006,0.009535
2022-11-22,49.29,49.3,46.57,47.41,3425.31,16480.127,0.008503
2022-11-23,47.4,47.41,40.47,46.88,1483.94,6881.507,0.003684
2022-11-24,46.88,46.88,45.5,45.56,1177.35,5402.898,0.0029230000000000003
2022-11-25,46.46,46.5,44.85,45.1,982.16,4444.769,0.002438
2022-11-28,45.55,45.55,44.01,44.6,594.66,2651.243,0.001476
2022-11-29,44.99,46.0,44.16,45.2,462.8,2094.282,0.001149
2022-11-30,44.81,46.32,44.53,45.56,1099.65,5005.702,0.0027300000000000002
2022-12-01,46.4,46.85,45.32,45.68,1868.12,8545.772,0.004637
2022-12-02,44.88,46.49,44.44,45.8,1030.61,4725.575,0.0025580000000000004
2022-12-05,46.0,46.49,45.29,46.41,4055.57,18577.624,0.010067999999999999
2022-12-06,46.35,46.88,45.8,46.19,2104.54,9734.305,0.0052239999999999995
2022-12-07,46.19,46.89,45.1,45.6,2923.41,13467.499,0.007257
2022-12-08,46.06,46.06,44.31,44.78,3061.06,13791.326,0.007599
2022-12-09,44.4,46.38,44.4,44.68,608.64,2728.207,0.0015110000000000002
2022-12-12,44.68,45.2,43.31,43.92,3178.57,14037.689,0.007891
2022-12-13,44.3,46.24,43.5,45.75,2743.65,12356.004,0.006811
2022-12-14,45.75,46.0,43.88,44.21,2715.52,12228.729,0.0067410000000000005
2022-12-15,44.8,44.8,43.46,44.08,1915.2,8449.13,0.0047539999999999995
2022-12-16,43.5,44.1,42.8,42.87,1922.34,8291.142,0.004772
2022-12-19,42.75,43.1,42.23,42.27,596.13,2527.536,0.00148
2022-12-20,42.01,42.32,41.4,41.76,921.16,3850.884,0.002287
2022-12-21,42.3,42.53,41.17,41.55,541.77,2272.293,0.001345
2022-12-22,41.45,41.99,40.75,41.02,853.53,3534.702,0.0021190000000000002
2022-12-23,41.58,41.6,40.3,41.47,612.96,2506.683,0.001522
2022-12-26,41.46,43.18,40.52,42.88,1344.09,5688.796,0.003337
2022-12-27,42.6,42.87,41.18,42.85,1172.62,4927.037,0.0029110000000000004
2022-12-28,42.01,42.5,41.42,42.3,488.39,2053.562,0.001212
2022-12-29,41.78,42.27,41.01,41.3,1512.63,6275.088,0.003755
2022-12-30,41.32,41.83,40.63,41.71,614.23,2545.301,0.0015249999999999999
2023-01-03,41.22,42.6,41.19,42.31,1251.18,5279.141,0.003106
2023-01-04,42.3,43.18,42.11,42.7,1480.53,6306.277,0.003675
2023-01-05,43.0,43.36,42.36,42.9,1817.4,7800.901,0.0045119999999999995
2023-01-06,43.48,43.48,42.57,43.07,646.27,2774.349,0.001604
2023-01-09,43.45,43.45,42.38,42.52,1017.38,4350.041,0.002526
2023-01-10,42.66,43.29,42.52,43.02,1255.07,5395.588,0.003116
2023-01-11,43.01,43.36,42.1,42.23,792.68,3378.222,0.001968
2023-01-12,42.23,42.93,41.73,42.12,501.15,2127.331,0.0012439999999999999
2023-01-13,41.58,42.5,40.42,42.17,1967.57,8171.583,0.004884
2023-01-16,42.39,43.69,42.02,43.1,2105.98,9070.313,0.005228
2023-01-17,43.11,44.0,42.9,43.1,1032.49,4471.999,0.0025629999999999997
2023-01-18,43.3,43.95,43.09,43.95,1262.22,5506.126,0.0031330000000000004
2023-01-19,43.82,45.62,43.61,44.33,1575.76,6963.715,0.003912
2023-01-20,44.17,44.55,44.06,44.32,796.09,3526.493,0.001976
2023-01-30,44.93,46.58,44.46,45.95,5566.34,25365.121,0.013817999999999999
2023-01-31,46.5,46.5,45.25,45.52,1199.22,5484.168,0.002977
2023-02-01,45.17,46.32,45.03,46.31,1453.24,6658.308,0.003608
2023-02-02,46.31,47.25,45.72,45.76,2036.13,9426.366,0.005055
2023-02-03,45.77,46.48,45.22,46.2,1983.51,9116.783,0.004924
2023-02-06,46.29,46.78,45.85,46.4,1816.46,8431.889,0.004509
2023-02-07,46.38,46.76,45.55,46.4,1405.78,6479.154,0.0034899999999999996
2023-02-08,46.4,46.87,45.74,46.49,1438.42,6655.916,0.0035709999999999995
2023-02-09,50.99,50.99,46.51,48.23,4431.78,21251.087,0.011002000000000001
2023-02-10,48.36,50.32,48.02,48.53,3391.75,16643.6,0.00842
2023-02-13,48.53,50.37,48.03,50.22,3552.97,17518.967,0.00882
2023-02-14,50.9,50.9,48.99,49.19,1668.27,8247.288,0.004141000000000001
2023-02-15,50.0,50.0,48.91,49.22,888.6,4386.701,0.002206
2023-02-16,48.44,49.62,47.38,47.58,2355.37,11438.751,0.005847
2023-02-17,47.8,48.08,47.08,47.88,1440.49,6861.581,0.0035759999999999998
2023-02-20,48.47,48.5,47.26,48.45,729.23,3503.197,0.00181
2023-02-21,48.4,48.9,48.0,48.32,576.2,2796.35,0.0014299999999999998
2023-02-22,48.5,48.5,47.7,48.1,928.44,4442.651,0.002305
2023-02-23,47.68,49.5,47.68,48.49,1328.34,6455.845,0.0032979999999999997
2023-02-24,48.29,49.47,47.66,49.43,1207.5,5898.193,0.0029980000000000002
2023-02-27,49.23,49.8,47.87,48.13,1299.38,6304.695,0.003226
2023-02-28,48.0,48.55,47.28,48.08,1409.67,6751.44,0.003499
2023-03-01,48.55,49.25,47.5,48.7,2469.95,11997.799,0.006131
2023-03-02,49.05,49.2,47.6,47.6,1775.25,8540.941,0.0044069999999999995
2023-03-03,47.6,48.28,46.75,46.8,2269.87,10731.95,0.005635
2023-03-06,47.22,48.89,47.01,47.96,3185.02,15334.731,0.007906999999999999
2023-03-07,48.64,48.64,46.28,46.33,2719.5,12790.248,0.006751
2023-03-08,45.52,47.68,45.52,46.9,1015.05,4777.123,0.00252
2023-03-09,46.57,49.13,46.57,48.45,3650.29,17617.213,0.009062
2023-03-10,48.88,48.88,47.39,48.18,1577.6,7549.829,0.003916
2023-03-13,47.83,49.01,46.66,48.41,2617.16,12479.7,0.006497
2023-03-14,48.41,49.38,47.45,49.01,4006.07,19417.24,0.009945
2023-03-15,49.01,49.4,48.5,48.88,4812.14,23612.189,0.011946000000000002
2023-03-16,48.64,49.8,47.92,48.67,2106.49,10233.171,0.005229
2023-03-17,48.91,49.23,47.23,49.19,3418.68,16723.269,0.008487
2023-03-20,49.09,50.15,48.31,49.75,3950.9,19627.94,0.009808
2023-03-21,49.72,50.75,49.7,49.88,2762.83,13870.787,0.006859
2023-03-22,49.84,50.61,49.6,49.83,2551.26,12743.387,0.006333
2023-03-23,49.82,50.0,49.33,49.83,3252.88,16143.59,0.008075
2023-03-24,49.8,51.79,49.79,50.87,5733.38,29188.648,0.014233
2023-03-27,51.13,51.13,49.71,49.97,2658.45,13402.211,0.006599000000000001
2023-03-28,49.68,49.87,49.1,49.49,1972.59,9757.509,0.004897
2023-03-29,48.91,50.18,48.91,49.21,1392.45,6893.533,0.003457
2023-03-30,49.49,49.59,48.56,48.71,1073.45,5260.973,0.0026650000000000003
2023-03-31,48.75,50.49,48.68,50.34,1161.41,5799.421,0.002883
2023-04-03,50.14,51.25,50.14,50.6,1430.36,7253.361,0.0035510000000000003
2023-04-04,50.0,51.6,49.32,51.47,3250.16,16486.133,0.008067999999999999
2023-04-06,50.11,51.81,50.11,50.45,1663.07,8476.574,0.004128
2023-04-07,50.33,50.43,49.74,49.89,1332.39,6649.371,0.0033079999999999997
2023-04-10,49.89,49.98,48.88,49.16,1378.31,6787.65,0.003422
2023-04-11,48.61,49.39,48.56,49.19,726.87,3560.582,0.001804
2023-04-12,51.53,51.59,48.83,49.16,1309.33,6458.959,0.0032500000000000003
2023-04-13,49.0,49.99,48.1,49.25,1134.41,5572.121,0.0028160000000000004
2023-04-14,48.55,50.53,48.55,50.35,1524.76,7587.313,0.003785
2023-04-17,50.35,51.15,49.12,49.43,1078.44,5382.207,0.002677
2023-04-18,49.3,50.05,48.6,49.69,974.11,4791.868,0.002418
2023-04-19,49.8,50.0,49.42,49.83,602.54,3001.067,0.0014960000000000002
2023-04-20,50.18,50.31,49.09,49.28,762.48,3760.789,0.001893
2023-04-21,48.6,50.48,48.6,49.62,953.68,4705.677,0.0023669999999999997
2023-04-24,49.35,49.35,47.85,48.45,1715.0,8290.589,0.004257
2023-04-25,47.95,47.95,46.0,46.46,2035.09,9512.696,0.005052
2023-04-26,46.04,48.86,46.03,47.56,1344.0,6424.281,0.003336
2023-04-27,46.99,48.25,46.04,47.32,802.06,3803.052,0.001991
2023-04-28,46.59,47.18,46.14,46.75,1615.57,7546.528,0.004011
2023-05-04,46.14,47.12,45.0,46.1,931.62,4261.812,0.002313
2023-05-05,45.95,45.96,44.53,45.4,779.53,3525.225,0.001935
2023-05-08,45.5,46.99,44.37,45.0,582.64,2610.821,0.001418
2023-05-09,44.55,46.14,44.55,45.22,676.35,3067.053,0.001646
2023-05-10,45.45,46.19,45.03,45.88,578.94,2637.118,0.0014089999999999999
2023-05-11,45.93,47.5,45.18,45.82,617.12,2842.445,0.001502
2023-05-12,46.47,46.47,45.01,46.08,342.12,1563.596,0.000833
2023-05-15,45.98,47.2,45.01,47.2,882.37,4020.726,0.0021479999999999997
2023-05-16,46.47,47.99,46.0,46.5,632.59,2945.301,0.00154
2023-05-17,45.8,46.8,45.68,46.8,1174.1,5435.144,0.002858
2023-05-18,47.25,47.25,46.19,46.7,399.67,1857.156,0.000973
2023-05-19,46.6,47.03,46.0,46.44,958.31,4458.434,0.002333
2023-05-22,46.65,47.47,46.19,46.99,725.34,3391.028,0.001766
2023-05-23,46.88,47.2,46.4,46.99,541.23,2533.719,0.001317
2023-05-24,46.38,47.01,45.9,46.63,733.62,3403.611,0.001786
2023-05-25,46.53,49.47,46.53,48.9,2427.54,11595.981,0.005909
2023-05-26,49.28,50.33,48.14,49.72,2963.16,14644.364,0.007213000000000001
2023-05-29,48.4,49.68,48.4,49.09,912.95,4478.824,0.002222
2023-05-30,48.35,49.2,47.81,48.87,821.22,3970.676,0.001999
2023-05-31,48.82,48.82,47.59,47.9,969.63,4644.101,0.0023599999999999997
2023-06-01,47.51,47.99,47.22,47.45,703.96,3351.679,0.001714
2023-06-02,49.79,49.89,47.54,48.45,1796.34,8726.093,0.004372
2023-06-05,48.45,48.95,47.51,48.33,730.83,3524.171,0.001779
2023-06-06,47.72,48.3,46.01,47.68,1346.62,6343.578,0.0032779999999999997
2023-06-07,46.3,47.21,46.3,47.13,834.38,3913.746,0.002031
2023-06-08,47.68,47.68,46.0,46.93,951.93,4425.017,0.002317
2023-06-09,46.65,46.79,45.83,46.23,1066.96,4915.354,0.002597
2023-06-12,46.0,46.98,45.28,46.5,1541.73,7072.733,0.0037530000000000003
2023-06-13,46.6,46.87,46.03,46.42,988.62,4564.698,0.002406
2023-06-14,46.02,46.8,45.9,46.47,727.91,3372.213,0.001772
2023-06-15,46.57,46.8,46.16,46.55,591.25,2745.741,0.001439
2023-06-16,46.55,46.94,46.18,46.34,566.22,2624.643,0.001378
2023-06-19,45.66,47.68,45.66,46.92,967.65,4534.167,0.002355
2023-06-20,46.92,47.45,46.31,47.33,482.31,2269.538,0.0011740000000000001
2023-06-21,46.55,48.46,46.55,47.44,1146.04,5454.313,0.0027900000000000004
2023-06-26,46.66,47.47,46.05,46.43,1019.79,4744.974,0.002482
2023-06-27,46.45,47.12,46.23,46.49,832.79,3876.941,0.0020269999999999997
2023-06-28,46.68,46.68,45.32,45.65,1130.43,5160.995,0.002752
2023-06-29,46.08,46.56,45.85,46.34,730.84,3380.228,0.001779
2023-06-30,46.56,48.0,45.85,47.88,2515.36,11809.679,0.006123
2023-07-03,47.85,48.4,46.83,47.51,872.86,4133.971,0.002125
2023-07-04,46.98,47.71,46.98,47.07,902.91,4271.484,0.002198
2023-07-05,47.3,47.3,45.82,45.82,1780.72,8220.698,0.004334
2023-07-06,45.8,46.5,45.13,46.38,2232.77,10239.718,0.005435
2023-07-07,46.13,46.13,45.32,45.84,1357.52,6185.64,0.003304
2023-07-10,45.83,46.06,45.28,45.84,623.27,2848.481,0.0015170000000000001
2023-07-11,45.81,46.3,45.19,46.3,1397.47,6424.51,0.003402
2023-07-12,45.92,47.15,45.35,45.7,1218.84,5630.481,0.002967
2023-07-13,45.7,46.25,45.51,46.25,848.94,3885.1,0.002066
2023-07-14,45.97,46.6,45.66,46.08,819.3,3771.074,0.001994
2023-07-17,46.08,46.45,45.42,46.01,691.79,3171.039,0.001684
2023-07-18,46.0,46.37,45.72,46.04,864.75,3980.422,0.002105
2023-07-19,45.74,46.06,45.6,46.06,775.87,3553.56,0.001889
2023-07-20,46.05,46.29,45.56,46.0,898.86,4113.851,0.002188
2023-07-21,45.5,45.77,44.56,45.24,807.5,3646.907,0.001966
2023-07-24,45.15,45.97,44.52,45.97,1124.21,5065.401,0.002736
2023-07-25,45.55,46.51,45.41,46.51,1131.69,5209.585,0.002755
2023-07-26,46.47,46.5,45.6,46.5,903.44,4150.47,0.002199
2023-07-27,46.25,46.39,45.66,46.1,1139.08,5231.608,0.002773
2023-07-28,45.71,46.41,45.66,46.41,755.56,3479.245,0.0018390000000000001
2023-07-31,46.4,47.1,45.9,46.5,961.89,4446.874,0.002341
2023-08-01,46.39,46.45,46.02,46.25,714.18,3298.906,0.0017380000000000002
2023-08-02,46.25,46.25,45.38,45.73,957.26,4374.534,0.00233
2023-08-03,45.51,46.0,45.5,46.0,938.05,4284.867,0.002283
2023-08-04,45.95,45.99,45.21,45.66,1380.24,6290.984,0.00336
2023-08-07,45.66,45.66,44.29,44.59,1822.24,8126.393,0.004436
2023-08-08,44.34,44.34,43.5,43.77,1162.61,5086.512,0.0028299999999999996
2023-08-09,43.54,43.86,42.78,43.11,927.3,4001.195,0.0022570000000000003
2023-08-10,42.89,43.02,42.19,42.95,2350.0,10005.939,0.005719999999999999
2023-08-11,43.0,43.95,42.43,43.21,1988.2,8634.708,0.0048389999999999996
2023-08-14,43.5,43.5,42.07,42.56,1107.86,4703.496,0.0026969999999999997
2023-08-15,42.3,42.85,41.5,42.1,814.68,3414.78,0.001983
2023-08-16,41.11,42.17,41.11,41.57,834.48,3456.022,0.002031
2023-08-17,40.8,42.37,40.65,42.0,1305.95,5380.139,0.003179
2023-08-18,42.0,43.48,41.13,42.86,1832.34,7796.855,0.00446
2023-08-21,42.7,43.0,41.9,42.32,976.27,4122.907,0.002376
2023-08-22,42.3,42.65,40.84,41.67,1541.44,6426.1,0.0037519999999999997
2023-08-23,41.65,41.65,40.18,40.44,1113.88,4533.765,0.002711
2023-08-24,40.39,40.57,39.16,39.39,1477.73,5858.079,0.0035970000000000004
2023-08-25,39.2,39.29,37.6,37.93,1947.52,7475.78,0.004739999999999999
2023-08-28,40.8,40.8,37.11,37.9,2480.19,9594.126,0.006037
2023-08-29,40.48,45.48,40.12,44.5,16979.65,74381.335,0.04133
2023-08-30,45.42,47.5,44.75,45.98,19111.58,88504.173,0.046519000000000005
2023-08-31,46.18,47.29,45.86,47.1,6745.63,31525.192,0.01642
2023-09-01,46.63,47.45,45.88,46.73,5920.02,27552.27,0.014410000000000001
2023-09-04,46.32,47.24,45.14,45.9,4284.88,19652.413,0.01043
2023-09-05,45.57,47.14,45.57,46.9,4089.93,19045.977,0.009955
2023-09-06,46.65,47.35,46.24,47.1,3834.12,18005.037,0.009333000000000001
2023-09-07,47.07,47.46,46.64,46.75,3847.98,18083.462,0.009366
2023-09-08,46.73,47.75,46.03,47.75,4732.18,22362.853,0.011519
2023-09-11,48.18,48.4,45.44,46.56,3446.4,16092.198,0.008389
2023-09-12,46.37,46.89,46.06,46.18,2086.71,9677.205,0.005079
2023-09-13,47.0,47.0,44.78,45.41,2982.03,13562.453,0.007259
2023-09-14,45.18,45.45,43.9,44.6,2793.8,12419.314,0.0068000000000000005
2023-09-15,44.08,45.78,43.97,45.09,3796.4,17100.964,0.009241000000000001
2023-09-18,44.97,46.44,44.63,45.68,2355.77,10761.492,0.005734
2023-09-19,45.91,45.91,44.52,44.99,2283.24,10289.228,0.005558
2023-09-20,45.05,45.9,44.69,44.8,2827.59,12828.332,0.006883
2023-09-21,45.14,45.9,44.94,45.48,3314.43,15087.782,0.008067999999999999
2023-09-22,45.27,45.74,44.69,45.48,3120.84,14147.64,0.007596
2023-09-25,45.61,46.01,44.41,44.55,3615.24,16232.329,0.0088
2023-09-26,45.0,45.02,43.96,44.54,3091.96,13779.033,0.007526000000000001
2023-09-27,44.26,45.41,44.26,44.63,4239.55,19004.387,0.010319
2023-09-28,44.95,45.94,44.6,45.94,2928.51,13324.702,0.007128
2023-10-09,46.0,46.23,45.06,45.55,2433.59,11090.405,0.0059240000000000004
2023-10-10,45.38,45.53,44.69,44.95,2582.28,11619.364,0.006286000000000001
2023-10-11,44.96,47.13,44.42,46.64,3806.52,17556.642,0.009265
2023-10-12,46.62,46.62,44.35,44.87,4411.87,19843.364,0.010739
2023-10-13,45.21,45.75,44.38,45.66,3608.23,16326.723,0.008714
2023-10-16,45.48,45.68,44.08,44.49,2939.58,13108.923,0.007098999999999999
2023-10-17,44.88,45.33,44.0,44.63,2268.16,10093.222,0.005476999999999999
2023-10-18,44.31,44.49,43.15,43.15,2276.32,9948.984,0.005496999999999999
2023-10-19,43.33,44.78,42.81,43.54,2677.61,11800.585,0.0064659999999999995
2023-10-20,43.42,44.23,42.71,42.89,1832.99,7935.806,0.0044269999999999995
2023-10-23,42.51,43.1,41.32,41.74,2370.97,9959.035,0.005726
2023-10-24,41.67,43.98,41.33,43.93,2027.18,8743.708,0.004895
2023-10-25,44.42,44.42,42.51,42.59,2478.49,10675.116,0.005985000000000001
2023-10-26,42.55,44.99,42.2,44.99,4601.6,20150.692,0.011113
2023-10-27,44.19,46.26,42.62,46.23,5588.38,25029.217,0.013496
2023-10-30,44.5,45.25,42.5,45.01,6155.93,27090.512,0.014865999999999999
2023-10-31,45.01,45.01,43.1,44.12,4782.69,21118.784,0.01155
2023-11-01,44.41,45.0,43.22,45.0,4556.94,20031.7,0.011005000000000001
2023-11-02,44.2,44.34,42.71,42.85,4383.83,18906.58,0.010587
2023-11-03,42.74,44.68,42.6,43.73,3590.34,15786.236,0.00867
2023-11-06,44.0,44.78,43.57,44.62,3268.23,14448.355,0.007893
2023-11-07,44.62,45.46,44.01,45.15,3112.78,13920.042,0.007517
2023-11-08,45.0,46.58,45.0,46.39,5487.11,25319.886,0.013250999999999999
2023-11-09,46.58,47.42,45.7,45.94,3298.85,15241.2,0.007965999999999999
2023-11-10,45.91,46.2,45.15,45.41,1469.77,6691.745,0.003549
2023-11-13,45.49,46.3,45.16,46.27,2476.35,11329.862,0.00598
2023-11-14,46.2,47.0,45.7,46.02,6022.81,27826.179,0.014544999999999999
2023-11-15,46.3,46.5,45.13,45.85,3863.43,17623.346,0.00933
2023-11-16,48.64,55.0,46.66,47.82,13826.84,66002.463,0.033391000000000004
2023-11-17,47.06,49.1,47.0,47.64,9898.11,47388.316,0.023902999999999997
2023-11-20,47.75,48.45,47.3,48.13,5944.07,28397.105,0.014354
2023-11-21,48.0,48.65,46.67,46.81,4887.99,23077.038,0.011803999999999999
2023-11-22,46.5,46.84,45.51,45.73,3934.19,18122.589,0.009500999999999999
2023-11-23,45.79,46.35,45.31,46.3,2083.03,9548.445,0.00503
2023-11-24,46.42,46.58,45.3,45.6,2444.18,11166.893,0.005903
2023-11-27,46.08,46.57,45.03,46.05,1885.37,8676.605,0.004553
2023-11-28,46.44,46.85,45.53,46.42,3359.52,15573.636,0.008113
2023-11-29,46.2,46.88,46.02,46.18,1543.64,7152.595,0.0037280000000000004
2023-11-30,46.18,46.24,45.18,45.5,2292.66,10445.855,0.005536999999999999
2023-12-01,45.07,46.08,44.8,45.86,1861.75,8474.069,0.004496
2023-12-04,46.18,46.31,45.59,45.72,1253.72,5744.053,0.0030280000000000003
2023-12-05,45.9,45.9,44.33,44.38,1534.08,6888.794,0.003705
2023-12-06,43.98,44.99,43.81,44.29,1522.73,6776.448,0.003677
2023-12-07,44.85,44.87,43.77,44.15,1551.84,6855.899,0.003748
2023-12-08,43.97,44.88,43.6,44.2,2100.57,9264.994,0.005072999999999999
2023-12-11,43.57,44.74,43.45,44.4,1802.34,7954.792,0.004353
2023-12-12,44.4,44.4,43.8,43.96,1394.28,6131.812,0.003367
2023-12-13,43.86,44.35,43.65,43.97,1180.23,5192.36,0.0028499999999999997
2023-12-14,44.0,44.41,43.53,43.73,1261.67,5542.838,0.0030470000000000002
2023-12-15,43.68,44.2,43.5,44.0,805.55,3535.155,0.0019450000000000001
2023-12-18,44.2,44.3,43.31,43.46,1160.83,5060.745,0.002803
2023-12-19,43.46,44.2,43.15,44.08,1277.66,5577.274,0.003085
2023-12-20,43.76,44.86,43.41,43.59,1860.3,8192.675,0.0044919999999999995
2023-12-21,43.23,44.07,42.51,43.66,1958.26,8481.213,0.004729
2023-12-22,43.67,43.95,42.75,43.06,1024.48,4430.145,0.002474
2023-12-25,42.98,44.1,42.98,43.55,1349.69,5875.698,0.003259
2023-12-26,43.15,43.83,42.83,43.46,975.62,4215.53,0.002356
2023-12-27,43.56,43.6,42.96,43.43,954.36,4131.052,0.002305
2023-12-28,43.91,45.72,43.37,45.49,2314.64,10403.914,0.00559
2023-12-29,44.82,46.53,44.82,46.44,2303.47,10633.871,0.005563
2024-01-02,46.0,46.8,45.54,45.58,1134.37,5219.132,0.0027389999999999997
2024-01-03,45.42,45.99,44.52,45.16,999.48,4511.064,0.002414
2024-01-04,45.01,45.19,44.49,44.87,772.05,3459.645,0.0018640000000000002
2024-01-05,45.76,45.87,43.8,43.92,1201.11,5353.532,0.0029010000000000004
2024-01-08,43.99,44.05,43.0,43.19,1474.83,6385.659,0.003562
2024-01-09,42.78,44.41,42.78,43.74,986.0,4334.553,0.002381
2024-01-10,43.47,43.71,42.65,42.68,1219.35,5250.637,0.0029449999999999997
2024-01-11,42.5,43.67,42.37,43.6,753.89,3248.23,0.0018210000000000001
2024-01-12,44.58,44.58,42.4,42.62,1138.98,4892.319,0.002751
2024-01-15,42.72,43.17,42.0,42.58,1128.79,4798.937,0.002726
2024-01-16,43.55,43.55,42.01,42.68,1292.07,5493.854,0.00312
2024-01-17,42.3,43.01,41.51,41.52,839.7,3530.101,0.0020280000000000003
2024-01-18,41.34,41.6,38.62,39.78,4479.99,17749.513,0.010819
2024-01-19,39.67,40.82,39.6,39.72,1998.85,7998.089,0.0048270000000000006
2024-01-22,39.71,39.71,36.13,36.4,3260.37,12343.534,0.007873999999999999
2024-01-23,36.0,37.25,35.08,35.55,4175.27,14939.269,0.010083
2024-01-24,35.33,36.28,34.2,35.66,2320.28,8199.936,0.005603
2024-01-25,36.06,37.88,35.56,37.78,2174.17,8039.604,0.00525
2024-01-26,37.49,38.3,37.22,37.38,1206.73,4555.089,0.002914
2024-01-29,37.38,37.9,35.5,35.63,1719.76,6229.933,0.0041530000000000004
2024-01-30,35.12,35.77,34.3,34.44,1223.67,4276.927,0.0029549999999999997
2024-01-31,34.01,34.36,31.38,31.5,4152.53,13514.588,0.010027999999999999
2024-02-01,31.45,32.41,30.77,31.51,2805.96,8791.207,0.006776
2024-02-02,34.0,34.0,28.77,30.03,6045.07,18317.56,0.014598
2024-02-05,29.0,30.8,24.02,25.16,11131.4,28503.106,0.026881
2024-02-06,24.75,26.8,22.08,25.3,7884.35,19257.808,0.019039999999999998
2024-02-07,25.25,25.7,23.32,23.65,7560.2,18632.612,0.018257000000000002
2024-02-08,24.26,28.38,23.41,28.38,5181.43,13706.545,0.012513000000000002
2024-02-19,29.45,31.9,29.37,30.67,4978.45,15074.197,0.012022999999999999
2024-02-20,30.0,30.4,29.5,30.36,3562.9,10649.567,0.008604
2024-02-21,29.5,31.99,29.01,30.83,4102.84,12777.366,0.009908
2024-02-22,30.76,31.88,30.22,31.28,2668.4,8294.293,0.006444
2024-02-23,33.45,37.01,33.04,34.78,6094.8,21384.677,0.014718
2024-02-26,34.78,35.99,33.86,35.32,5405.34,18985.285,0.013052999999999999
2024-02-27,35.42,36.2,34.62,36.02,4234.62,15014.174,0.010225999999999999
2024-02-28,35.94,36.28,31.62,32.1,8371.47,28395.647,0.020215999999999998
2024-02-29,31.71,33.8,31.71,33.06,5374.24,17712.938,0.012978
2024-03-01,34.0,34.55,33.23,34.45,3939.09,13378.191,0.009513
2024-03-04,34.47,34.9,32.5,33.83,4304.88,14507.916,0.010396
2024-03-05,33.58,34.04,32.82,32.91,2833.42,9414.87,0.006842
2024-03-06,32.78,33.19,32.1,32.35,4581.27,14896.334,0.011063
2024-03-07,32.75,33.08,31.64,31.74,3565.32,11544.712,0.00861
2024-03-08,32.26,32.44,31.56,32.21,2601.94,8319.454,0.0062829999999999995
2024-03-11,32.05,33.1,32.02,33.07,3239.92,10599.73,0.007824
2024-03-12,33.0,34.29,32.66,34.24,4876.51,16392.466,0.011776
2024-03-13,34.24,34.4,33.78,33.98,3424.11,11669.91,0.008269
2024-03-14,34.15,34.29,32.48,33.18,3575.99,11845.337,0.008636
2024-03-15,33.27,34.69,32.5,34.4,4012.23,13592.612,0.009689
2024-03-18,34.45,36.16,34.4,36.16,5458.7,19390.099,0.013182000000000001
2024-03-19,36.16,36.49,35.26,35.7,4538.76,16247.365,0.010961
2024-03-20,35.49,36.16,35.23,35.9,2223.55,7932.241,0.005370000000000001
2024-03-21,35.91,36.01,34.8,35.38,2576.01,9135.448,0.006221
2024-03-22,35.55,35.84,34.41,34.57,3408.49,11871.884,0.008231
2024-03-25,34.59,36.8,34.39,36.15,7742.89,27651.911,0.018698
2024-03-26,36.95,43.38,36.95,43.38,34587.33,143255.074,0.083526
2024-03-27,40.48,41.17,37.73,38.82,28351.83,111068.161,0.068467
2024-03-28,38.38,40.87,37.3,39.61,21937.49,86546.55,0.052976999999999996
2024-03-29,42.59,42.68,39.66,39.68,20347.82,83278.278,0.049138
2024-04-01,38.88,41.6,38.88,39.73,16595.59,66820.78,0.040077
2024-04-02,39.75,39.77,37.87,38.1,11863.95,45504.063,0.028651
2024-04-03,38.15,38.15,36.01,36.46,8901.7,32648.038,0.021497000000000002
2024-04-08,36.6,36.6,34.0,34.15,8354.81,28875.368,0.020176
2024-04-09,34.18,34.8,34.15,34.31,3877.68,13298.497,0.009364
2024-04-10,35.01,35.01,32.32,33.21,6489.35,21535.301,0.015671
2024-04-11,32.8,33.79,32.02,33.25,3488.98,11590.123,0.008426
2024-04-12,33.18,33.9,33.05,33.09,2929.61,9785.179,0.0070750000000000006
2024-04-15,33.03,33.34,31.19,31.64,6937.33,22148.011,0.016753
2024-04-16,31.01,33.58,31.0,32.22,8225.13,26611.922,0.019863
2024-04-17,33.0,33.8,32.26,33.5,5559.0,18511.457,0.013425
2024-04-18,34.02,34.05,32.58,33.6,4354.41,14560.489,0.010516000000000001
2024-04-19,33.5,33.5,32.67,32.67,3075.93,10116.119,0.007428000000000001
2024-04-22,31.48,33.2,31.22,32.02,2622.53,8448.163,0.006333
2024-04-23,31.5,32.91,31.5,32.6,2234.86,7262.974,0.005397
2024-04-24,33.02,33.46,32.72,33.17,2559.8,8481.994,0.006182
2024-04-25,33.2,33.42,32.81,32.94,1966.1,6499.882,0.004748
2024-04-26,32.84,33.97,32.51,33.71,3609.52,12028.584,0.008717
2024-04-29,33.45,35.32,33.45,35.32,4754.68,16442.871,0.011482000000000001
2024-04-30,35.14,35.14,33.52,34.38,5907.39,20256.037,0.014266000000000001
2024-05-06,34.57,35.02,34.2,34.8,4346.47,15091.32,0.006789
2024-05-07,34.85,35.58,34.5,35.23,3256.75,11415.7,0.005087
2024-05-08,35.23,35.25,34.26,34.4,2305.84,7967.249,0.0036009999999999996
2024-05-09,34.46,35.28,34.42,34.99,2076.77,7239.445,0.0032440000000000004
2024-05-10,34.99,34.99,33.94,34.02,2953.65,10169.732,0.004613
2024-05-13,33.96,33.96,32.25,32.66,3948.63,12994.279,0.006167000000000001
2024-05-14,32.68,33.29,32.31,32.41,2547.02,8300.622,0.003978
2024-05-15,32.25,32.76,32.01,32.24,2191.88,7082.602,0.003423
2024-05-16,32.55,33.23,31.77,31.99,1789.31,5767.688,0.002795
2024-05-17,32.19,32.39,31.8,32.39,1874.62,6021.112,0.002928
2024-05-20,32.41,33.36,32.41,33.25,3818.77,12619.442,0.0059640000000000006
2024-05-21,33.35,33.84,32.71,33.07,4067.71,13476.664,0.006353
2024-05-22,33.08,33.79,32.75,33.45,2489.83,8303.601,0.003889
2024-05-23,33.31,33.44,32.9,32.94,2311.71,7634.962,0.0036109999999999996
2024-05-24,32.94,33.42,32.5,33.09,2048.72,6794.018,0.0032
2024-05-27,33.5,33.61,32.0,32.41,3925.83,12705.383,0.006131999999999999
2024-05-28,32.28,32.52,31.31,31.95,1534.6,4926.055,0.002397
2024-05-29,32.19,32.83,32.11,32.51,2243.3,7291.355,0.0035039999999999997
2024-05-30,32.51,32.73,32.16,32.44,1354.65,4401.603,0.0021160000000000003
2024-05-31,32.18,32.95,32.18,32.92,1330.55,4357.127,0.002078
2024-06-03,33.08,33.38,31.81,32.26,2470.98,8018.002,0.003859
2024-06-04,32.07,32.07,31.19,31.36,1929.7,6067.821,0.003014
2024-06-05,31.18,32.0,31.03,31.03,1210.38,3811.285,0.00189
2024-06-06,31.6,31.6,28.5,28.67,6232.9,18271.238,0.009735
2024-06-07,29.25,29.5,28.56,28.94,2624.22,7592.531,0.004099
2024-06-11,28.93,29.97,28.29,29.86,2605.52,7614.858,0.004069
2024-06-12,30.78,30.89,29.02,30.44,3055.95,9317.586,0.004773
2024-06-13,30.1,31.18,30.08,30.92,2709.79,8341.795,0.0042320000000000005
2024-06-14,30.65,30.8,30.2,30.7,1413.73,4316.972,0.002208
2024-06-17,30.87,30.87,30.1,30.23,1594.83,4835.165,0.0024909999999999997
2024-06-18,30.25,30.8,30.16,30.8,1028.68,3153.558,0.0016070000000000001
2024-06-19,31.2,31.2,30.22,30.52,1255.91,3833.559,0.001962
2024-06-20,30.2,30.99,30.0,30.82,3317.28,10161.004,0.005181
2024-06-21,30.45,30.8,29.81,29.96,1925.14,5800.084,0.003007
2024-06-24,29.58,29.99,28.15,28.39,2085.59,6017.778,0.003257
2024-06-25,27.88,28.65,27.88,28.19,1180.62,3341.206,0.0018440000000000002
2024-06-26,28.1,29.16,27.67,29.02,1782.05,5121.541,0.002783
2024-06-27,29.03,29.3,28.11,28.11,2196.32,6302.529,0.0034300000000000003
2024-06-28,28.11,29.13,28.03,28.37,1822.58,5229.398,0.002847
2024-07-01,28.23,28.62,27.1,27.66,1935.33,5352.587,0.003023
2024-07-02,27.69,28.63,27.4,27.49,1543.63,4258.357,0.002411
2024-07-03,28.04,28.04,26.98,27.15,969.49,2642.885,0.0015140000000000002
2024-07-04,27.65,27.65,25.5,25.57,3942.48,10304.543,0.006158
2024-07-05,28.0,28.0,25.1,26.44,2486.14,6468.971,0.0038829999999999997
2024-07-08,25.88,26.57,25.15,25.8,1763.26,4575.214,0.002754
2024-07-09,25.73,26.99,25.57,26.65,2022.31,5281.338,0.0031590000000000003
2024-07-10,26.65,26.95,26.25,26.68,928.27,2475.185,0.00145
2024-07-11,26.66,28.32,26.66,27.65,1884.8,5225.866,0.002944
2024-07-12,27.54,28.42,27.54,27.66,1366.01,3801.561,0.002134
2024-07-15,27.44,28.21,26.53,26.55,1761.24,4739.996,0.002751
2024-07-16,26.86,26.88,26.0,26.51,1249.66,3303.814,0.0019520000000000002
2024-07-17,26.47,26.69,26.0,26.25,659.68,1734.522,0.0010299999999999999
2024-07-18,26.02,26.2,25.21,26.19,1475.12,3802.56,0.002304
2024-07-19,26.19,27.1,25.73,26.84,1042.2,2782.755,0.001628
2024-07-22,26.82,27.18,26.78,27.12,1283.4,3471.889,0.002004
2024-07-23,27.25,27.36,26.41,26.42,1252.34,3368.652,0.001956
2024-07-24,26.74,26.74,25.22,25.32,1545.11,3967.648,0.0024129999999999998
2024-07-25,25.27,26.17,25.03,25.39,2109.54,5385.996,0.003295
2024-07-26,25.6,26.25,25.46,25.65,2891.46,7503.235,0.004516
2024-07-29,25.98,25.98,24.82,24.82,3157.31,7911.94,0.004931
2024-07-30,24.82,25.37,24.57,25.09,1060.81,2654.474,0.0016569999999999998
2024-07-31,24.76,26.05,24.7,25.99,3041.94,7833.982,0.004751
2024-08-01,26.49,26.89,25.92,26.03,4045.23,10653.901,0.006318000000000001
2024-08-02,26.03,26.11,24.8,25.05,1818.29,4633.929,0.0028399999999999996
2024-08-05,25.13,25.47,24.18,24.23,2135.75,5284.416,0.003336
2024-08-06,24.36,24.85,24.36,24.73,1203.24,2965.839,0.001879
2024-08-07,24.59,25.16,24.59,24.78,1695.33,4233.105,0.0026479999999999997
2024-08-08,24.91,24.91,24.16,24.49,1377.72,3366.266,0.002152
2024-08-09,24.61,25.05,24.13,24.29,1180.76,2896.986,0.0018440000000000002
2024-08-12,24.43,24.67,24.1,24.55,1047.48,2561.141,0.0016359999999999999
2024-08-13,24.37,24.84,24.16,24.84,817.36,2010.12,0.0012770000000000001
2024-08-14,24.96,24.96,24.57,24.62,684.71,1690.818,0.0010689999999999999
2024-08-15,24.67,25.05,24.18,24.65,940.99,2332.693,0.00147
2024-08-16,24.77,25.12,24.5,24.5,843.5,2089.114,0.001317
2024-08-19,24.78,24.78,24.22,24.28,1045.88,2554.186,0.0016339999999999998
2024-08-20,24.76,24.76,23.59,24.06,1199.8,2888.63,0.001874
2024-08-21,23.57,24.23,23.57,23.86,1094.08,2614.41,0.001709
2024-08-22,23.7,23.99,23.41,23.41,858.48,2033.76,0.001341
2024-08-23,23.43,23.53,22.96,23.31,1759.23,4090.989,0.002748
2024-08-26,23.3,23.95,23.3,23.75,1375.07,3268.135,0.0021479999999999997
2024-08-27,23.86,23.86,23.5,23.72,1086.13,2569.741,0.001696
2024-08-28,22.96,24.18,22.77,23.85,1681.23,4005.03,0.002626
2024-08-29,23.41,24.69,23.39,24.64,1317.85,3202.222,0.002058
2024-08-30,25.59,26.45,25.59,25.82,7454.3,19473.787,0.011642999999999999
2024-09-02,25.93,25.93,24.75,25.02,3458.1,8719.89,0.005401
2024-09-03,24.99,25.38,24.72,24.94,1783.67,4459.793,0.0027860000000000003
2024-09-04,24.71,25.21,24.7,24.82,1238.33,3084.012,0.001934
2024-09-05,24.58,25.24,24.58,25.06,1959.21,4901.901,0.00306
2024-09-06,24.86,25.11,24.11,24.16,1427.64,3498.467,0.00223
2024-09-09,24.51,24.64,23.95,24.09,1446.22,3504.406,0.0022589999999999997
2024-09-10,24.09,24.64,24.0,24.4,1722.6,4189.615,0.00269
2024-09-11,24.45,24.65,23.82,23.96,1211.63,2928.334,0.001892
2024-09-12,24.29,24.62,24.09,24.17,2381.54,5801.74,0.0037199999999999998
2024-09-13,24.07,24.18,23.32,23.32,2242.06,5301.517,0.003502
2024-09-18,23.41,23.41,22.6,22.92,1965.19,4495.505,0.003069
2024-09-19,23.1,24.01,22.83,23.39,2199.64,5145.195,0.0034360000000000003
2024-09-20,23.57,23.71,23.19,23.29,801.37,1869.551,0.001252
2024-09-23,23.5,23.84,23.27,23.84,1466.98,3462.121,0.002291
2024-09-24,23.31,24.5,23.31,24.5,5338.23,12903.751,0.008338
2024-09-25,24.55,25.48,24.55,25.05,6020.34,15073.759,0.009403
2024-09-26,24.9,25.58,24.8,25.57,5148.57,13017.368,0.008041
2024-09-27,25.92,27.33,25.92,27.09,3152.08,8355.209,0.004923
2024-09-30,28.08,32.48,28.08,32.41,12122.76,36160.369,0.018934
2024-10-08,38.89,38.89,34.0,36.0,21624.24,77890.713,0.033774
2024-10-09,34.21,35.47,31.09,31.25,13869.81,46435.987,0.021663
2024-10-10,31.69,34.29,31.15,32.93,12705.11,41882.41,0.019844
2024-10-11,32.95,33.61,30.85,31.0,6973.76,22126.521,0.010891999999999999
2024-10-14,31.01,33.45,30.46,33.3,5840.75,18772.325,0.009122
2024-10-15,33.55,34.5,32.7,32.71,5491.79,18411.82,0.008577
2024-10-16,32.14,32.87,32.02,32.02,2971.11,9611.985,0.00464
2024-10-17,32.6,33.14,31.86,31.91,2267.84,7377.625,0.003542
2024-10-18,32.26,33.65,31.7,33.17,6967.36,22851.781,0.010882000000000001
2024-10-21,33.16,34.29,33.0,33.73,6751.83,22689.931,0.010545
2024-10-22,33.73,33.83,33.18,33.74,5673.45,19035.101,0.008861
2024-10-23,33.74,33.83,33.21,33.46,4211.24,14140.049,0.0065769999999999995
2024-10-24,33.04,33.45,32.6,32.9,2197.48,7221.281,0.003432
2024-10-25,32.9,33.59,32.8,33.4,3227.35,10734.336,0.005041
2024-10-28,33.01,34.4,33.01,33.78,6078.01,20579.137,0.009438
2024-10-29,33.86,33.86,32.87,33.01,3588.74,11893.833,0.005573
2024-10-30,32.53,32.87,31.21,31.47,6686.2,21357.752,0.010383
2024-10-31,31.41,31.87,31.01,31.28,5521.11,17341.286,0.008572999999999999
2024-11-01,31.4,31.4,29.54,30.2,7981.73,24041.017,0.012394
2024-11-04,30.49,31.23,30.15,31.17,2937.46,9093.48,0.004561
2024-11-05,31.68,32.63,30.79,32.61,5126.5,16376.116,0.007961000000000001
2024-11-06,33.0,33.0,31.9,32.13,4370.37,14139.809,0.006787
2024-11-07,32.13,32.98,31.54,32.81,3299.5,10755.342,0.005124
2024-11-08,33.08,33.58,32.4,32.83,5249.8,17346.046,0.008152
2024-11-11,33.19,35.78,32.8,35.44,11970.32,41594.465,0.018588
2024-11-12,36.66,36.66,33.71,34.63,8102.41,28244.319,0.012582
2024-11-13,35.0,35.0,33.7,34.46,5713.67,19556.786,0.008872
2024-11-14,34.14,34.87,33.0,33.46,4521.8,15406.431,0.0070220000000000005
2024-11-15,33.7,34.2,32.3,32.71,4669.23,15578.261,0.007251
2024-11-18,34.05,34.05,31.3,31.69,3878.48,12480.011,0.006023
2024-11-19,31.69,32.58,31.5,32.52,3100.64,9930.393,0.004815
2024-11-20,32.51,32.96,32.24,32.78,3097.65,10090.013,0.00481
2024-11-21,32.88,33.16,32.0,32.37,2568.1,8364.903,0.003988
2024-11-22,32.37,32.6,30.0,30.09,5600.62,17383.45,0.008697
2024-11-25,30.66,31.37,30.33,31.25,4711.73,14510.322,0.007317000000000001
2024-11-26,31.26,31.97,30.81,30.99,3847.61,12039.448,0.005975
2024-11-27,31.7,31.7,29.78,31.22,4482.33,13630.685,0.006959999999999999
2024-11-28,30.81,31.49,30.5,30.72,3317.59,10321.452,0.005152
2024-11-29,30.81,32.05,30.42,31.36,4634.31,14457.809,0.007196
2024-12-02,31.77,31.88,31.36,31.79,4029.96,12748.64,0.0062580000000000005
2024-12-03,31.8,31.8,30.91,31.1,3568.45,11161.913,0.005541000000000001
2024-12-04,31.13,31.41,30.04,30.39,4095.81,12593.019,0.00636
2024-12-05,31.65,31.65,29.68,31.11,5151.87,15997.428,0.008
2024-12-06,31.11,31.66,30.37,31.04,7437.93,23142.999,0.01155
2024-12-09,31.16,31.64,30.0,30.5,8704.85,26818.474,0.013517
2024-12-10,31.6,32.21,31.2,31.41,8948.09,28414.751,0.013895
2024-12-11,31.27,32.08,31.1,32.05,7054.9,22327.623,0.010955
2024-12-12,32.11,32.89,31.73,32.54,8510.97,27595.053,0.013216
2024-12-13,32.5,32.7,31.5,31.75,4499.96,14368.227,0.006987999999999999
2024-12-16,31.51,31.79,30.73,31.05,3841.21,11981.912,0.005965000000000001
2024-12-17,30.9,31.23,28.66,28.76,11115.47,32742.858,0.017261
2024-12-18,29.25,29.25,28.08,28.72,4544.5,13051.877,0.007057
2024-12-19,28.57,29.5,28.3,29.35,4569.18,13136.6,0.007095000000000001
2024-12-20,29.0,30.19,28.82,29.82,4696.63,14008.237,0.007292999999999999
2024-12-23,29.82,29.82,28.04,28.25,5818.94,16770.512,0.009035999999999999
2024-12-24,28.28,28.92,28.22,28.82,2885.13,8262.262,0.0044800000000000005
2024-12-25,28.57,28.81,27.66,28.0,4625.0,12985.152,0.007181999999999999
2024-12-26,28.19,29.79,27.94,29.21,5834.66,17035.24,0.00906
2024-12-27,29.21,29.89,29.1,29.37,3451.07,10173.193,0.005359
2024-12-30,29.65,29.7,28.32,29.08,4254.84,12402.954,0.006606999999999999
2024-12-31,29.21,29.39,28.02,28.27,5064.83,14423.407,0.007865
2025-01-02,28.1,28.43,26.69,26.99,6127.0,16793.81,0.009514
2025-01-03,27.04,27.17,25.94,26.17,4523.56,11992.842,0.007024
2025-01-06,26.01,26.59,25.03,26.51,3871.35,10117.141,0.006012
2025-01-07,26.76,27.0,26.12,26.96,3905.28,10375.703,0.006064000000000001
2025-01-08,26.86,28.12,26.52,27.64,4769.52,13012.668,0.007406
2025-01-09,27.95,28.84,27.05,27.98,3314.25,9347.24,0.0051470000000000005
2025-01-10,28.35,28.48,27.2,27.22,3001.11,8353.472,0.00466
2025-01-13,26.51,27.24,26.29,26.94,2348.12,6277.784,0.003646
2025-01-14,27.21,28.54,26.53,28.36,4852.42,13576.414,0.007534999999999999
2025-01-15,28.79,28.79,27.77,27.93,2266.47,6364.646,0.003519
2025-01-16,27.52,28.45,27.52,28.09,3510.69,9896.044,0.005452
2025-01-17,28.55,28.55,27.81,27.96,2569.39,7205.869,0.0039900000000000005
2025-01-20,27.96,28.78,27.8,28.21,4109.35,11573.398,0.006381
2025-01-21,28.46,28.46,27.46,27.74,3983.3,11085.676,0.006185
2025-01-22,27.82,27.89,27.11,27.15,3747.12,10271.301,0.0058189999999999995
2025-01-23,27.55,28.88,27.17,27.84,6358.91,17910.727,0.009874
2025-01-24,28.0,28.35,27.73,28.22,4930.14,13865.704,0.007656
2025-01-27,28.88,28.88,27.53,27.61,3293.79,9231.428,0.005115
2025-02-05,28.5,28.73,27.82,28.6,3733.67,10612.723,0.005798
2025-02-06,28.3,29.26,28.28,29.07,4736.05,13716.236,0.007354
2025-02-07,29.1,30.3,29.1,29.65,7234.88,21464.367,0.011235
2025-02-10,29.42,30.86,29.4,30.71,7622.37,23200.029,0.011836
2025-02-11,30.7,31.5,30.33,30.85,6798.14,21074.091,0.010557
2025-02-12,30.81,31.06,30.36,30.63,5617.7,17226.954,0.008723
2025-02-13,30.72,30.95,29.71,29.91,4354.94,13100.009,0.006763
2025-02-14,29.87,30.21,29.66,29.8,3287.14,9833.77,0.005104
2025-02-17,29.8,30.12,29.52,29.88,4665.31,13897.03,0.007245000000000001
2025-02-18,29.89,30.19,28.66,28.99,5170.5,15226.065,0.008029
2025-02-19,29.13,30.08,29.08,30.08,5357.04,15998.361,0.008319
2025-02-20,30.05,30.86,29.88,30.82,8391.08,25494.481,0.01303
2025-02-21,30.7,31.05,30.28,31.02,8529.87,26204.001,0.013246
2025-02-24,31.02,31.44,30.51,31.05,6103.3,18895.128,0.009478
2025-02-25,30.89,31.2,30.6,31.05,4339.0,13460.12,0.006737999999999999
2025-02-26,31.2,31.92,31.2,31.55,5762.72,18176.636,0.008949
2025-02-27,31.69,32.09,30.78,31.46,7071.57,22206.022,0.010981000000000001
2025-02-28,31.98,34.44,30.3,30.7,14562.44,46196.104,0.022612999999999998
2025-03-03,30.89,31.75,30.4,31.08,8558.64,26607.788,0.01329
2025-03-04,30.68,31.73,30.64,31.63,6446.82,20212.683,0.010011
2025-03-05,31.63,31.69,30.67,31.18,6918.78,21486.624,0.010744
2025-03-06,31.23,32.4,31.23,32.01,9824.16,31461.299,0.015255000000000001
2025-03-07,32.16,32.17,31.38,31.53,5269.69,16715.515,0.008183000000000001
2025-03-10,31.42,33.0,31.4,32.55,10420.5,33631.241,0.016182000000000002
2025-03-11,32.34,33.24,31.8,33.16,9332.45,30420.383,0.014492
2025-03-12,33.16,33.44,32.61,32.83,7387.62,24354.206,0.011472
2025-03-13,32.83,32.83,31.61,32.05,5582.57,17856.904,0.008669
2025-03-14,32.2,32.8,31.6,32.75,5361.72,17323.576,0.008326
2025-03-17,33.04,33.04,32.5,32.64,3075.29,10036.936,0.004775
2025-03-18,32.72,33.12,32.52,32.86,3561.72,11695.86,0.005531
2025-03-19,32.68,33.01,32.36,32.64,4243.35,13894.537,0.006589
2025-03-20,32.69,33.39,32.05,33.0,7199.81,23682.076,0.01118
2025-03-21,32.75,32.81,31.8,32.0,5509.19,17713.515,0.008555
2025-03-24,32.0,32.38,30.15,30.9,5812.61,17956.632,0.009026
2025-03-25,30.55,31.15,30.35,30.7,3105.73,9557.098,0.004823
2025-03-26,30.97,31.47,30.41,31.09,3413.91,10655.715,0.005301
2025-03-27,30.79,31.41,30.3,30.86,3693.48,11400.44,0.0057350000000000005
2025-03-28,31.25,31.25,30.29,30.32,2636.84,8088.984,0.004095
2025-03-31,30.11,30.3,29.7,30.12,3519.92,10554.849,0.0054659999999999995
2025-04-01,29.97,31.05,29.89,30.43,3693.67,11339.268,0.005736
2025-04-02,30.83,31.16,30.43,30.59,2893.96,8920.81,0.004494000000000001
2025-04-03,30.49,31.0,29.81,30.13,3427.03,10370.398,0.005322
2025-04-07,29.37,29.37,25.18,25.83,6997.56,19050.67,0.010866
2025-04-08,26.27,27.0,25.62,26.12,6476.8,16968.446,0.010058000000000001
2025-04-09,26.0,27.48,24.09,27.13,6694.23,17377.439,0.010395000000000001
2025-04-10,27.58,28.44,27.52,27.56,4835.1,13505.868,0.007508
2025-04-11,27.88,28.12,27.03,28.03,4641.13,12900.982,0.007207
2025-04-14,28.54,28.67,28.04,28.33,3602.83,10218.5,0.005595
2025-04-15,28.3,28.92,28.1,28.31,4320.67,12249.543,0.0067090000000000006
2025-04-16,28.76,28.76,27.11,27.75,4676.21,13036.463,0.007261
2025-04-17,27.4,28.42,27.4,28.06,3473.95,9776.74,0.005395
2025-04-18,28.1,28.3,27.53,28.02,2474.23,6901.857,0.003842
2025-04-21,27.83,28.59,27.64,28.46,3159.17,8967.468,0.004906
2025-04-22,28.64,28.75,28.22,28.5,2298.01,6557.996,0.003568
2025-04-23,28.96,29.01,28.6,28.8,2720.02,7833.929,0.004224
2025-04-24,28.66,28.85,28.2,28.64,2867.66,8192.387,0.0044529999999999995
2025-04-25,28.64,28.64,28.16,28.3,2678.4,7607.623,0.0041589999999999995
2025-04-28,30.18,31.74,30.18,31.21,22293.15,69125.426,0.034618
2025-04-29,32.0,32.56,31.13,31.85,16940.59,54198.437,0.026306
2025-04-30,31.66,32.87,31.62,32.64,15125.09,49088.007,0.023487
2025-05-06,33.06,34.39,32.31,34.07,17302.64,57790.843,0.026868
2025-05-07,34.1,35.08,33.32,33.85,13505.77,46258.022,0.020972
2025-05-08,33.85,34.7,33.34,34.57,8798.62,30173.244,0.013663000000000002
2025-05-09,34.57,34.77,33.83,33.93,8782.54,30028.238,0.013637999999999999
2025-05-12,33.9,34.91,33.9,34.5,8716.14,30073.264,0.013534999999999998
2025-05-13,34.53,34.9,33.88,34.03,6568.54,22533.663,0.0102
2025-05-14,33.89,34.49,33.52,33.93,8130.6,27534.559,0.012626
2025-05-15,33.93,34.3,33.5,33.81,5959.42,20146.576,0.009254
2025-05-16,33.8,35.3,33.63,35.19,10070.84,35090.92,0.015639
2025-05-19,34.92,35.47,34.25,35.15,8815.41,30732.773,0.013689
2025-05-20,35.25,35.49,34.83,35.49,7217.95,25396.668,0.011208000000000001
2025-05-21,35.55,35.55,34.46,35.06,6260.34,21862.819,0.009721
2025-05-22,34.74,35.17,33.8,33.89,8045.61,27584.07,0.012494
2025-05-23,33.64,34.5,33.42,33.82,5684.69,19351.824,0.008827
2025-05-26,33.84,34.35,33.72,34.3,4985.98,16996.016,0.007742
2025-05-27,34.03,34.54,33.75,34.36,5641.1,19274.504,0.00876
2025-05-28,34.44,34.58,33.93,34.12,4314.44,14760.817,0.0067
2025-05-29,34.12,34.74,33.9,34.47,4180.11,14408.162,0.006491
2025-05-30,34.6,34.6,33.5,33.85,6840.49,23142.572,0.010622
2025-06-03,33.34,34.49,33.33,33.98,4808.54,16392.145,0.0074670000000000005
2025-06-04,33.41,34.34,33.41,33.94,4055.21,13814.985,0.0062970000000000005
2025-06-05,33.49,33.96,33.18,33.89,4443.58,14927.338,0.0069
2025-06-06,33.89,34.3,33.57,34.12,4962.33,16863.576,0.007705999999999999
2025-06-09,34.26,34.77,33.94,34.22,5671.06,19461.693,0.008806000000000001
2025-06-10,34.42,34.59,33.77,34.25,6239.11,21298.896,0.009688
2025-06-11,34.0,34.42,33.75,33.92,4364.09,14878.739,0.006777
2025-06-12,34.04,34.14,33.49,33.81,3959.16,13391.127,0.006148
2025-06-13,33.92,34.01,32.94,33.4,4168.8,13918.756,0.006474
2025-06-16,33.7,34.12,33.17,33.6,4980.95,16824.544,0.007735
2025-06-17,33.79,33.95,33.49,33.92,4556.64,15366.569,0.007076
2025-06-18,33.59,34.33,33.59,34.33,4093.73,13928.735,0.006357000000000001
2025-06-19,34.33,34.8,33.5,33.5,5878.3,20052.863,0.009127999999999999
2025-06-20,33.8,34.31,33.27,33.27,6633.71,22375.389,0.010301
2025-06-23,33.11,34.39,33.11,34.1,5747.55,19431.516,0.008924999999999999
2025-06-24,34.1,35.8,34.07,35.54,11038.36,38789.529,0.017141
2025-06-25,35.65,36.49,35.38,36.43,9724.27,34986.556,0.0151
2025-06-26,36.55,36.55,35.51,35.65,7501.3,26900.709,0.011648
2025-06-27,36.1,36.88,35.7,36.1,7587.87,27478.203,0.011782999999999998
2025-06-30,36.26,36.35,35.72,36.19,9170.6,33051.12,0.014240999999999998
2025-07-01,36.22,36.76,35.67,36.64,10571.9,38367.638,0.016417
2025-07-02,36.06,36.6,35.79,35.98,8009.18,28878.445,0.012437
2025-07-03,36.16,36.33,35.67,36.03,6025.69,21646.796,0.009356999999999999
2025-07-04,35.9,36.07,35.03,35.24,6223.21,22045.645,0.009664
2025-07-07,35.42,35.5,34.7,35.01,7215.87,25292.144,0.011205
2025-07-08,35.1,35.79,34.88,35.6,5156.58,18215.313,0.008007
2025-07-09,35.78,35.78,35.13,35.17,4984.12,17627.216,0.00774
2025-07-10,35.35,35.35,34.5,34.98,5902.99,20582.359,0.009166
2025-07-11,34.98,35.46,34.71,35.42,6741.88,23665.8,0.010469
2025-07-14,35.46,35.62,34.91,35.41,7915.45,27901.04,0.012292
2025-07-15,35.5,35.5,34.2,34.65,8418.85,29235.019,0.013073
2025-07-16,34.77,35.16,34.34,34.93,6165.56,21537.403,0.009574000000000001
2025-07-17,35.28,35.42,34.89,35.41,5010.88,17628.423,0.007781
2025-07-18,35.41,35.52,35.0,35.43,6292.76,22238.72,0.009772
2025-07-21,35.43,35.7,35.1,35.6,8979.1,31844.957,0.013943
2025-07-22,35.66,37.37,35.59,36.73,17142.41,62594.447,0.026619999999999998
2025-07-23,36.74,36.74,35.99,36.08,9269.32,33613.228,0.014394
2025-07-24,35.98,37.07,35.92,36.51,9163.57,33487.347,0.01423
2025-07-25,36.78,37.3,36.03,36.9,10225.6,37543.991,0.015879
2025-07-28,37.59,39.47,37.17,39.22,25634.35,98879.607,0.039806
2025-07-29,39.07,39.67,38.63,39.33,16203.44,63383.724,0.025162
2025-07-30,39.16,39.2,37.0,37.48,18544.24,70428.049,0.028796
2025-07-31,37.48,38.3,37.22,37.4,12866.77,48524.457,0.01998
2025-08-01,37.58,38.22,37.46,38.08,9202.06,34842.465,0.014289000000000001
2025-08-04,37.95,39.19,37.89,39.19,13144.33,50924.425,0.020411000000000002
2025-08-05,39.19,40.28,39.1,39.9,13627.85,54177.446,0.021162
2025-08-06,40.0,40.85,39.12,40.7,14504.88,58116.855,0.022524000000000002
2025-08-07,40.84,41.72,40.3,40.53,13568.17,55453.94,0.021069
2025-08-08,40.59,41.0,39.6,40.6,11351.42,45744.296,0.017627
2025-08-11,40.99,41.72,40.61,41.48,9513.25,39189.256,0.014773000000000001
2025-08-12,41.49,41.74,40.71,41.6,9662.83,39886.999,0.015005
2025-08-13,41.7,43.19,41.25,41.26,13291.72,55698.841,0.020640000000000002
2025-08-14,41.26,41.42,39.74,39.74,14378.5,58087.12,0.022328
2025-08-15,39.93,41.0,39.81,40.5,14086.58,57267.184,0.021873999999999998
2025-08-18,40.9,41.98,40.6,41.68,14497.38,60033.208,0.022511999999999997
2025-08-19,41.56,41.75,40.63,41.3,10030.62,41249.856,0.015576000000000001
2025-08-20,41.09,42.0,40.21,42.0,9204.22,38152.562,0.014293
2025-08-21,42.09,42.65,41.08,41.58,10636.05,44134.559,0.016516
2025-08-22,41.55,42.71,41.17,42.6,11486.73,48202.194,0.017837000000000002
2025-08-25,42.45,43.09,42.1,43.0,13941.76,59349.307,0.02165
2025-08-26,42.9,44.26,42.49,43.72,13394.1,58160.227,0.020798999999999998
2025-08-27,43.82,44.25,42.92,42.98,19724.62,85698.447,0.030629
2025-08-28,42.98,44.36,42.21,44.3,18472.81,79624.464,0.028686
2025-08-29,43.0,43.0,40.01,40.51,39014.15,160592.413,0.060583
2025-09-01,40.31,41.7,40.2,41.16,20977.22,86241.802,0.032575
2025-09-02,40.5,41.2,38.75,39.2,18624.99,73582.514,0.028922
2025-09-03,39.54,40.28,38.41,38.75,12388.79,48511.009,0.019237999999999998
2025-09-04,38.75,39.2,37.75,38.34,13210.93,50893.981,0.020515
2025-09-05,38.53,39.63,37.85,39.58,10622.71,41233.574,0.016496
2025-09-08,39.53,40.49,39.2,40.49,10787.27,42946.257,0.016751000000000002
2025-09-09,40.3,40.5,38.86,39.15,11252.61,44440.932,0.017474
2025-09-10,39.4,39.73,38.6,38.9,7124.64,27834.214,0.011064000000000001
2025-09-11,39.03,39.86,38.58,39.76,10559.39,41584.794,0.016397
2025-09-12,39.77,40.37,39.31,39.79,10418.94,41469.756,0.016179
2025-09-15,40.1,40.64,39.52,40.27,9816.09,39457.526,0.015243
2025-09-16,40.27,40.48,39.76,40.43,8916.3,35811.752,0.013846
2025-09-17,40.43,41.39,40.1,40.91,9409.25,38447.499,0.014611
2025-09-18,41.09,41.8,40.01,40.28,15546.92,63871.882,0.024142
2025-09-19,40.43,40.66,39.69,40.0,7937.39,31924.111,0.012325999999999998
2025-09-22,40.0,40.47,39.54,40.21,6848.88,27468.088,0.010634999999999999
2025-09-23,40.35,40.66,38.4,39.89,12617.64,49414.767,0.019593
2025-09-24,39.6,41.1,39.34,40.81,10739.65,43499.297,0.016677
2025-09-25,40.81,41.73,40.6,40.75,8130.75,33506.896,0.012626
2025-09-26,40.63,41.19,40.02,40.12,9247.16,37434.446,0.014359
2025-09-29,39.68,40.58,39.68,40.47,7404.11,29795.21,0.011498
2025-09-30,40.44,40.84,40.05,40.25,6890.97,27807.945,0.010701
2025-10-09,39.89,40.83,39.89,40.18,8980.93,36149.885,0.013946
2025-10-10,40.19,40.7,39.59,39.78,9178.83,36746.152,0.014253
2025-10-13,38.53,39.94,37.3,39.68,10986.34,42816.152,0.01706
2025-10-14,40.11,40.52,38.32,38.83,8555.79,33752.868,0.013286
2025-10-15,38.58,39.14,38.04,38.78,6223.98,24047.929,0.009665
2025-10-16,38.41,38.64,37.21,37.39,8015.06,30293.018,0.012445999999999999
2025-10-17,37.39,37.9,36.8,36.8,7078.5,26379.312,0.010992
2025-10-20,37.16,37.75,36.83,37.65,6031.17,22571.965,0.009366
2025-10-21,37.65,38.53,37.51,38.51,4453.82,16991.41,0.006916
2025-10-22,38.52,38.76,38.12,38.46,4369.47,16802.089,0.006785
2025-10-23,38.46,38.65,37.8,38.57,3608.65,13798.384,0.0056040000000000005
2025-10-24,38.57,39.5,38.57,39.49,6535.85,25696.348,0.010148999999999998
2025-10-27,39.67,40.23,39.31,40.18,7404.45,,0.011498
2025-10-28,40.18,40.38,39.62,39.85,4433.9,,0.006885
2025-10-29,39.85,39.96,38.82,39.33,9006.19,,0.013985000000000001
2025-10-30,40.51,41.5,39.99,40.0,12687.29,,0.019702
2025-10-31,40.0,41.63,39.82,41.08,13444.44,,0.020877
2025-11-03,41.1,41.8,40.71,40.88,9425.86,,0.014637
2025-11-04,40.89,42.1,40.83,41.27,11812.14,,0.018343
2025-11-05,41.21,41.62,40.9,41.09,9089.46,,0.014114999999999999
2025-11-06,41.28,42.08,41.1,41.69,7857.77,,0.012202
2025-11-07,41.69,42.0,41.41,41.41,6429.64,,0.009984
